comment_id,video_id,name_ko,name_en,unit,text,like_count,published_at,text_len,sid
UgxG3a31g2mJfSp3Zmp4AaABAg,5YakLR9sQfw,유즈하 리코,Yuzuha Riko,CLICHE,아닠ㅋㅋㅋ 이걸 더빙해줬구낰ㅋㅋㅋㅋㅋ 아 귀여워 ㅋㅋㅋㅋㅋㅋㅋ,4630,2026-07-08T06:18:04Z,34,1
UgwBrG4dxJI7hW4v0HJ4AaABAg,J3aC5GFGw2c,강지,Kangji,STELLIVE,"'장작이 스스로 불타는 수준을 넘어서, 아예 원자로로 진화한 뒤 멜트다운을 일으키는 경지에 도달함'",4307,2026-07-11T05:04:46Z,55,2
UgzlFK9BG5j51uGPfnd4AaABAg,J3aC5GFGw2c,강지,Kangji,STELLIVE,감자누나랑 뭘 준비중일까??😂😂,4120,2026-07-11T08:02:23Z,17,3
UgxI8cxLm7Apa93rCYJ4AaABAg,3Y7Ek6YSGPE,아카네 리제,Akane Lize,UNIVERSE,선생님…❤사랑합니다 찬란하게 피어나십쇼!!!!!!💙💙💙🦋🦋🦋저에게 연락하셨으면 엠알이라도 보내드렸을텐데요ㅠㅠㅠㅠ감사합니다,3725,2026-07-04T13:02:56Z,67,4
UgxhHJKgPLSjZtmNGSt4AaABAg,J3aC5GFGw2c,강지,Kangji,STELLIVE,"""포보스 선정 종료된 우결중 유일하게 팬들 보다 지들이 더 장작을 많이 넣는 커플""",3673,2026-07-11T05:04:42Z,46,5
UgykxNUZqrtaJ9Gvch14AaABAg,nsV1HkZS5VI,강지,Kangji,STELLIVE,"둘이 꽁냥대는 거 아주 쥬시해
방금 치과다녀왔는데 다시 가야할 것같아",3634,2026-07-20T07:34:44Z,38,6
UgzlIDehu7UtA-0wL4R4AaABAg,5YakLR9sQfw,유즈하 리코,Yuzuha Riko,CLICHE,클리셰는 진짜 너무 귀여운 집단임 아오 귀여워,3016,2026-07-08T06:15:39Z,25,7
UgyIZ1hFxFMg-vifQLt4AaABAg,SnphXZcC-9w,강지,Kangji,STELLIVE,배그 서버비는 역시 대 스텔라이브,3014,2026-07-15T07:50:16Z,18,8
Ugy5x5MDI7E2_74Vxwd4AaABAg,nsV1HkZS5VI,강지,Kangji,STELLIVE,강지 웃을때 끊어서 하하하 웃는거 진짜 개 귀여움,2951,2026-07-20T07:25:50Z,27,9
UgzdGnw_DjtQf8iC1qZ4AaABAg,TTHSIecBzhg,아카네 리제,Akane Lize,UNIVERSE,라이트팬들 콘서트 현장 ㅈㄴ 쉽지않을예정ㅋㅋㅋㅋㅋㅋㅋㅋㅋㅋㅋ,2832,2026-07-10T05:43:25Z,33,10
UgxTH6FyJZOwfsxH_hd4AaABAg,P_oxx3_VpIY,유즈하 리코,Yuzuha Riko,CLICHE,_이세계에서 누가 돌아왔게~☆_,2591,2026-07-24T07:48:47Z,17,11
Ugxy3cu9VZVW8QMrPLR4AaABAg,Uuf2oipmXHg,텐코 시부키,Tenko Shibuki,CLICHE,후배 선배는 그냥 부조리잖아 ㅋㅋㅋ,2534,2026-07-11T07:51:41Z,19,12
Ugw_YOcypHapRruPqmR4AaABAg,KxG2L57W0SQ,아라하시 타비,Arahashi Tabi,UNIVERSE,기다렸는데 반갑진않은 이 느낌은 뭘까..,2511,2026-06-29T03:52:59Z,22,13
Ugzv2BX-NlGWQAG0kU54AaABAg,D9OEykMduEU,아카네 리제,Akane Lize,UNIVERSE,콘서트 가야하는데 이거보고 지금깬 엥나들은  헉 ㄷㄷ,2319,2026-07-11T05:38:42Z,29,14
UgzHPL5CeC7t37sMAR14AaABAg,ZYSQLv_L26Y,아오쿠모 린,Aokumo Rin,CLICHE,뮤비노래분위기 ㄹㅇ 역대급이면 개추 ㅋㅋㅋㅋㅋㅋㅋ,2229,2026-07-27T09:05:28Z,27,15
UgzXXSEDaKzIgP5xkl94AaABAg,6y-jHz_1r1Y,유즈하 리코,Yuzuha Riko,CLICHE,히나는 왜 이미지가 멘헤라로 굳은거야 ㅋㅋㅋㅋㅋ,2229,2026-07-18T06:20:55Z,26,16
UgyTZqtfnypCc0Tzrxx4AaABAg,J3aC5GFGw2c,강지,Kangji,STELLIVE,폭염주의보 왜 뜨나 했는데 장작이 불타고 있었구나,2137,2026-07-11T05:05:16Z,27,17
UgxH8MGN0ITk3avf3kJ4AaABAg,HbH5LgxkSm4,아라하시 타비,Arahashi Tabi,UNIVERSE,"육수가 많아지니 육수통도 무거워져서 
이젠 야랄로 육수통 엎으려 해도 
엎어지지가 않네ㅋㅋㅋ",2090,2026-07-15T05:07:20Z,51,18
UgwcAkAvYbmaMzYkYLN4AaABAg,jMPJW2JNc9M,네네코 마시로,Neneko Mashiro,UNIVERSE,점프를 높게뛰는게 아니라 다리를 접는구나 시로야 반칙쓰지마라,2067,2026-06-01T06:20:18Z,33,19
UgwacE9ETNTkwkm8oxp4AaABAg,lR8FEwEnuqk,시라유키 히나,Shirayuki Hina,UNIVERSE,공주의 필사적인 짖기.. 얼마나 시달리고 있는지 감도 안옴...,2045,2026-07-15T06:17:42Z,35,20
UgwuKTwpo2AnxabF4eZ4AaABAg,KxG2L57W0SQ,아라하시 타비,Arahashi Tabi,UNIVERSE,며칠 육수 우리더니 이제 슬슬 육수통 엎을때가 됐긴했어 음음,1979,2026-06-29T03:50:07Z,33,21
UgxxIBFK8PM7gaHi-vJ4AaABAg,UiYVtkyveYA,텐코 시부키,Tenko Shibuki,CLICHE,화가 머리끝(143cm)까지 난 부키 ㄷㄷ,1964,2026-07-09T08:55:00Z,23,22
UgxLcyv6Db4Kvur6geB4AaABAg,5YakLR9sQfw,유즈하 리코,Yuzuha Riko,CLICHE,"빨려가는게 개웃기네 ㅋㅋㅋㅋ
뇨봇청소기 흡입력 뭔데",1892,2026-07-08T06:10:44Z,28,23
UgwiHJkNC-70GSB-UvR4AaABAg,UiYVtkyveYA,텐코 시부키,Tenko Shibuki,CLICHE,무호흡으로 맞는게 개웃기네ㅋㅋㅋㅋㅋ,1891,2026-07-09T08:39:22Z,19,24
Ugwq_OKZvyAERP3H0t94AaABAg,6y-jHz_1r1Y,유즈하 리코,Yuzuha Riko,CLICHE,성대모사 개 잘하네 ㅋㅋㅋㅋㅋㅋㅋㅋㅋㅋㅋㅋㅋㅋㅋㅋㅋㅋㅋㅋㅋ,1850,2026-07-18T06:16:59Z,32,25
UgyNc3E-SKMjadnMdUF4AaABAg,6y-jHz_1r1Y,유즈하 리코,Yuzuha Riko,CLICHE,리제 느엥 개잘띠라하네 ㅋㅋㅋㅋㅋㅋㅋ,1827,2026-07-18T06:54:29Z,20,26
UgwsC33mecFG7Hbz_yR4AaABAg,TTHSIecBzhg,아카네 리제,Akane Lize,UNIVERSE,진짜 천마신교네ㅋㅋㅋㅋ,1774,2026-07-10T05:57:14Z,12,27
UgxClYZVTM9D0qnXIjx4AaABAg,nsV1HkZS5VI,강지,Kangji,STELLIVE,장작이 저절로 탄다니까?,1764,2026-07-20T07:29:20Z,13,28
UgwC-A_jm5HIuvyGIed4AaABAg,aUVF5Tw9lz4,하나코 나나,Hanako Nana,CLICHE,린 비명 끊기는거ㅋㅋㅋㅋㅋㅋㅋ,1764,2026-07-08T08:08:29Z,16,29
Ugw4oF3b7i6V3AOIQBF4AaABAg,HbH5LgxkSm4,아라하시 타비,Arahashi Tabi,UNIVERSE,ㅋㅋㅋㅋ아 나 순수재미라니까 ㅋㅋㅋㅋ,1729,2026-07-15T04:02:17Z,20,30
Ugzxuw6Dwvh8XT3rugV4AaABAg,J3aC5GFGw2c,강지,Kangji,STELLIVE,와ㅆ 진짜 큰거오나?,1711,2026-07-11T06:06:07Z,11,31
UgxKe_DEWxxk55hDLDx4AaABAg,5YakLR9sQfw,유즈하 리코,Yuzuha Riko,CLICHE,로봇청소기 타고 나오는거 왜캐 힘빠지냐 ㅋㅋㅋㅋㅋㅋㅋㅋㅋ 그냥 웃음밖에 안나오네 ㅋㅋㅋ,1687,2026-07-08T06:30:15Z,48,32
UgwQHecZikQs1P_Fm5N4AaABAg,J3aC5GFGw2c,강지,Kangji,STELLIVE,썸네일 만들면서 흐믓한 웃음 짓은 강동부면 개추,1627,2026-07-11T05:17:23Z,26,33
UgzlqINcwTnJvD9F61h4AaABAg,D9OEykMduEU,아카네 리제,Akane Lize,UNIVERSE,이걸 직접부르네ㅋㅋㅋㅋㅋㅋㅋㅋㅋㅋㅋㅋㅋㅋㅋㅋㅋ,1604,2026-07-11T05:35:28Z,25,34
Ugz1NbEVjppIaTP7A8Z4AaABAg,SnphXZcC-9w,강지,Kangji,STELLIVE,아무리 봐도 평범한 가정에서 아빠가 딸한테 용돈 주는 상황.,1568,2026-07-15T07:03:20Z,33,35
UgzXsTu6LK-CH0aqEBt4AaABAg,1tnc3DNZfoc,아야츠노 유니,Ayatsuno Yuni,EVERYS,"부산 사람이다 어릴때 아버지가 그랬다 이번엔 롯데 우승 할거같다고. 아버지랑 즐겁게 응원했다.

중학교 가서 알았다 친구들도 전부 아버지에게 설득 당해서 롯데팬이라는걸. 주황봉다리 쓰고 재밌게 응원했다.

고등학교 가서 알았다 롯데의 마지막 우승이 김일성 때라는걸(소련 해체 10개월 후)

성인이 되었다 지금까지 응원한게 아까워서 아직도 롯데를 응원한다.",1557,2026-06-16T09:49:11Z,199,36
UgzaQxtXajvlqrUtBzx4AaABAg,J3aC5GFGw2c,강지,Kangji,STELLIVE,"내 친구도 결혼준비할때 가장먼저 물어본게 ""너네들 와서 뭐먹을래"" 였었는데",1516,2026-07-11T05:02:23Z,41,37
Ugxe0XRTat9gTy8VYFJ4AaABAg,TTHSIecBzhg,아카네 리제,Akane Lize,UNIVERSE,"이게 아이돌 콘서트야
천마신교 개파식이야",1439,2026-07-10T06:05:04Z,22,38
Ugwr6e0VFWHB8jIRsxl4AaABAg,nsV1HkZS5VI,강지,Kangji,STELLIVE,아 달다.....달아......너무 달다....... 일부러 보는 앞에서 생색내며 누르려고 참은 강사장도 대단하네..... 나 왜 이거 보면서 웃지.....?,1428,2026-07-20T07:25:17Z,88,39
UgywksHb3NaSZI6Z9kh4AaABAg,SnphXZcC-9w,강지,Kangji,STELLIVE,집이 활활타도 흐뭇하게 웃는 강도단들,1302,2026-07-15T07:01:47Z,20,40
UgxAyOl7a6HOqGTnTcd4AaABAg,RlHhOcxnYII,강지,Kangji,STELLIVE,10:32 ㅋㅋㅋ 왼쪽 하단에,1283,2026-07-28T07:12:12Z,16,41
UgxqrKVY7e360Svrk7R4AaABAg,yqkYpiIwYl0,아라하시 타비,Arahashi Tabi,UNIVERSE,아니 미친 아르헨티나 미쿠라고 원곡 대신 미쿠버젼 가지고 왔어 ㅋㅋㅋㅋㅋㅋㅋ,1280,2026-07-04T03:32:32Z,42,42
UgyELbrh16GOcCWwia14AaABAg,D9OEykMduEU,아카네 리제,Akane Lize,UNIVERSE,콘서트 이전에 쇼츠 올리는건 스텔의 전통인 것인가,1254,2026-07-11T05:34:21Z,27,43
Ugzc8rfu54_QCTErc-F4AaABAg,Uuf2oipmXHg,텐코 시부키,Tenko Shibuki,CLICHE,"나 선배후배 : 귀엽고 뭐든 주고싶어짐
나 후배선배 : 숨이 턱 막히고 눈앞이 깜깜해짐",1242,2026-07-11T09:05:54Z,48,44
UgyqcNYCTK7adjP3Qnt4AaABAg,y1nUYj_D1Es,아오쿠모 린,Aokumo Rin,CLICHE,내신이 왜 중요해 내 신이 여깄는데,1235,2026-06-28T09:01:27Z,19,45
Ugy0n2z8h8cLmRWss1Z4AaABAg,TTHSIecBzhg,아카네 리제,Akane Lize,UNIVERSE,"리제: 대답!!!
피엔나: 느엥~",1228,2026-07-10T06:04:36Z,18,46
UgxYW921SK0S9SJo3314AaABAg,ZYSQLv_L26Y,아오쿠모 린,Aokumo Rin,CLICHE,"1:19 “Nyo, 나도 원래 이랬던건 아니야.”",1224,2026-07-27T09:55:18Z,27,47
UgzXi2SQ8YpdkKwGNgR4AaABAg,Uuf2oipmXHg,텐코 시부키,Tenko Shibuki,CLICHE,선배 후배를 이은 후배 선배 ㅋㅋㅋㅋㅋ,1204,2026-07-11T07:23:23Z,21,48
UgwUEjfOIz4xDsHMSlx4AaABAg,aUVF5Tw9lz4,하나코 나나,Hanako Nana,CLICHE,"""나나가 처음으로 누군가를 내려다본 순간""",1187,2026-07-08T08:21:04Z,23,49
Ugx13-GeKyFs32lnDq14AaABAg,KxG2L57W0SQ,아라하시 타비,Arahashi Tabi,UNIVERSE,왔구나... 야랄의 악마,1179,2026-06-29T03:45:59Z,13,50
UgyLK6Ggc5hewOvJW4p4AaABAg,lR8FEwEnuqk,시라유키 히나,Shirayuki Hina,UNIVERSE,"아니, 다른 건 모르겠고 퉷 할 때 뭐가 지나가나 했더니 그거 맞으러 가는 해둥이였냐고 ㅋㅋㅋㅋㅋㅋ 그 와중에 또 감사하대",1173,2026-07-15T06:27:07Z,68,51
UgwlbccyqLJ0s6_z4oB4AaABAg,RlHhOcxnYII,강지,Kangji,STELLIVE,1:25 너무 말랐다...,1150,2026-07-28T07:15:12Z,14,52
UgyJ2Qogbx2XAEA4Tn14AaABAg,1tnc3DNZfoc,아야츠노 유니,Ayatsuno Yuni,EVERYS,"초보: 유니야 롯데만은 안된다...
고수: 롯데 우승할때까지 야구 같이 봐주겠구나!",1134,2026-06-16T09:53:08Z,46,53
UgxaJxc-9yfjs_MoUoJ4AaABAg,ZYSQLv_L26Y,아오쿠모 린,Aokumo Rin,CLICHE,이것만 기다렸다면 믿어줄래...?,1095,2026-07-27T07:16:38Z,18,54
UgwrmTKPcenxekzhYcJ4AaABAg,SnphXZcC-9w,강지,Kangji,STELLIVE,0:15 시작부터 장작이 산불급으로 커지네,1062,2026-07-15T07:01:36Z,23,55
UgwpjppBuI8jZrYyr0x4AaABAg,FFe9FMdemO8,시라유키 히나,Shirayuki Hina,UNIVERSE,저기서 비 오면 히나한테 낚시대 뺏김ㅠ,1038,2026-06-16T05:51:52Z,21,56
Ugxlpb14_oTI852_nJl4AaABAg,BJeJjfbM-XM,아카네 리제,Akane Lize,UNIVERSE,아 포테땅 리제 성대모사 개웃기네 진짜 ㅋㅋㅋㅋㅋㅋㅋㅋㅋㅋ,993,2026-07-20T06:01:51Z,32,57
Ugw8BPYBol8eN_zyYhl4AaABAg,RlHhOcxnYII,강지,Kangji,STELLIVE,키가 170대인데 54키로가 진짜 어떻게 나오는건데.....미친 뼈말라 여돌도 그정돈 안나온다고 아 너무하다진짜 걱정된다,990,2026-07-28T08:27:06Z,67,58
UgwlnooPmUCyLuYWr494AaABAg,nsZmnwC9ukE,텐코 시부키,Tenko Shibuki,CLICHE,"생방 부키 긴장하는거 개귀엽습니다.
어흐",974,2026-07-25T09:00:23Z,22,59
Ugxow_rFR-LTohow2BR4AaABAg,UiYVtkyveYA,텐코 시부키,Tenko Shibuki,CLICHE,황린준씨한테 팩트로 개발린 정복자,966,2026-07-09T08:35:35Z,18,60
UgzD86oLWPopxqDkycF4AaABAg,yqkYpiIwYl0,아라하시 타비,Arahashi Tabi,UNIVERSE,진짜 제 소원입니다 타비님 제발요,949,2026-07-04T03:32:16Z,18,61
Ugwj5Odj8YuY5U294XB4AaABAg,y1nUYj_D1Es,아오쿠모 린,Aokumo Rin,CLICHE,린의 목소리가 날 '욘데이루' 하는데 어떻게 안 오냐고...,949,2026-06-27T23:52:17Z,33,62
Ugzo57u2bOrCNnOoJAd4AaABAg,J3aC5GFGw2c,강지,Kangji,STELLIVE,"부키의 왼쪽 눈은 강지로부터, 오른쪽 눈은 블루에게서 물려받았고,
머리색은 반반 섞은 거라는 이야기가 있다
난 이 이야기를 참 좋아한다.",924,2026-07-11T05:29:03Z,76,63
UgxYCVODG3BuKPhRlj54AaABAg,lR8FEwEnuqk,시라유키 히나,Shirayuki Hina,UNIVERSE,히나의 개소리(진짜임)이 잊혀지지않음...,916,2026-07-15T06:42:06Z,23,64
UgzNDJfUjxxMCyKZSpx4AaABAg,SnphXZcC-9w,강지,Kangji,STELLIVE,이제 블루형 결혼하면 용돈 타서 쓰겠네 ㅋㅋㅋㅋ,882,2026-07-15T07:01:27Z,26,65
UgxMtgv8GF2pCPh13-x4AaABAg,P_oxx3_VpIY,유즈하 리코,Yuzuha Riko,CLICHE,ㅋㅋㅋㅋ 노래 청초하고 좋다고 듣다가 중간 리코스러운 부분에 빵터졌네,850,2026-07-24T09:22:31Z,38,66
UgwALYueb-r6Rs4Skl94AaABAg,bHeNo0qY2iI,하나코 나나,Hanako Nana,CLICHE,와 빨간 미쿠다!!! 카사네 나나 ㅋㅋㅋ,844,2026-06-29T08:01:57Z,22,67
UgzTt5FZZCJVzabpSxR4AaABAg,nsV1HkZS5VI,강지,Kangji,STELLIVE,진짜 연인끼리 (부부끼리) 장난으로 수다떠는 것 같음.. ㅠㅜㅜ 강블은 천년에 한번 나올까말까 하는 내가 “지지하는” 커플이다 ㄹㅇ,824,2026-07-20T08:09:21Z,73,68
UgyQh89drFDzdLjZqLR4AaABAg,HbH5LgxkSm4,아라하시 타비,Arahashi Tabi,UNIVERSE,"아 진짜 이 폭신폭신한 그림체로 춤추는 타비 진짜 짱귀엽네 ㅋㅋ
근데 마지막은 또 왜그러냐고!",813,2026-07-15T04:01:36Z,52,69
UgxgIAZ8yqMLfUAJRCt4AaABAg,5YakLR9sQfw,유즈하 리코,Yuzuha Riko,CLICHE,린 로봇 청소기까지 더빙한게 진짜 개 웃기네,794,2026-07-08T06:35:37Z,24,70
UgxRni0xbmydpJDZfi54AaABAg,ZYSQLv_L26Y,아오쿠모 린,Aokumo Rin,CLICHE,"현실 
노래 부르는 사람: 아오쿠모 린
방송하는 사람: 뇨",771,2026-07-27T16:18:26Z,32,71
UgzTfpAK3v38nNL9B0x4AaABAg,nsZmnwC9ukE,텐코 시부키,Tenko Shibuki,CLICHE,딸기를 얼마나 좋아하는지 감도 안 옴,768,2026-07-25T08:44:50Z,20,72
Ugw16pDl5xeesL07lwF4AaABAg,KxG2L57W0SQ,아라하시 타비,Arahashi Tabi,UNIVERSE,이판사판 순수지랄을 전개해버리네,760,2026-06-29T03:50:56Z,17,73
Ugzg50ZQdfsF7TBph9Z4AaABAg,_GtqXRMM9ik,아야츠노 유니,Ayatsuno Yuni,EVERYS,난 가끔 무서운게 있어...몇년 후...유니의 한국어 실력이 늘어 더이상 요상한 발음을 들을 수 없는 미래가...무서워...ㅠ,759,2026-06-25T09:24:26Z,70,74
Ugw4hMNqdSBCNnbL_ap4AaABAg,IVDQWVfrKwA,사키하네 후야,Sakihane Huya,EVERYS,사장이랑 다이다이 깨면 15강지까지 불러올수 있는 유일한 존재,731,2026-06-30T22:43:19Z,34,75
UgzRHLlwTXV9XpuB1wF4AaABAg,bHeNo0qY2iI,하나코 나나,Hanako Nana,CLICHE,뭐야 드릴끼리 공명도 하잖아,729,2026-06-29T08:01:20Z,15,76
UgzTUD8CZ0mEA6oHgZF4AaABAg,SnphXZcC-9w,강지,Kangji,STELLIVE,제목부터 '이 집안의...' 라고 정의했다. 😅😂😊,718,2026-07-15T07:17:19Z,28,77
UgwjFscyPrX77B6UKQ54AaABAg,J3aC5GFGw2c,강지,Kangji,STELLIVE,7:22 봐봐 장작에 스스로 불이 난다니까???,717,2026-07-11T05:01:58Z,26,78
UgxwgRE8D4UMqSLfzwd4AaABAg,Uuf2oipmXHg,텐코 시부키,Tenko Shibuki,CLICHE,"진짜 끼리끼리 귀엽네 ㅋㅋㅋㅋㅋ
타붘조합 맛있군",709,2026-07-11T07:10:48Z,26,79
Ugxin5mHRMUqQOSjPtt4AaABAg,egoTEH8teX0,아야츠노 유니,Ayatsuno Yuni,EVERYS,납치되셨구나ㅋㅋㅋㅋㅋㅋㅋㅋ,705,2026-07-10T01:31:27Z,14,80
UgwFmC6jkUSslfY1yV54AaABAg,aUVF5Tw9lz4,하나코 나나,Hanako Nana,CLICHE,린의 절규 ㅋㅋㅋㅋㅋㅋㅋㅋㅋㅋㅋ,695,2026-07-08T08:02:07Z,17,81
Ugx7s-2u0dEngitPiGp4AaABAg,yY_Al_ZYnvA,네네코 마시로,Neneko Mashiro,UNIVERSE,"요새 밍튜브 참좋다

편집자 뽑는데 오래 걸리고 한동안 정상운영 안되길래 걱정이었는데 지금 제일 좋은거 같아

시로 특유의 병맛 개그만화 같은 묘한 공기랑 찰떡이라서 너무 좋다",689,2026-07-05T08:47:43Z,98,82
UgyynQTLxFHpAYJBhFV4AaABAg,BJeJjfbM-XM,아카네 리제,Akane Lize,UNIVERSE,"""와, 사장님 정말 핵심을 찔렀어""",686,2026-07-20T05:37:16Z,19,83
UgwzOTBTsYTaKzV8nJB4AaABAg,_w7V7MgoTR8,시라유키 히나,Shirayuki Hina,UNIVERSE,이 챌린지 만든사람 상줘야함 ㄹㅇ,686,2026-06-11T05:28:39Z,18,84
UgwjF1qEJl9ZIpLdBmZ4AaABAg,RlHhOcxnYII,강지,Kangji,STELLIVE,10:33 왼쪽 아래의 그 파란색,681,2026-07-28T07:08:12Z,18,85
Ugxm2UMwlDDBJggvQGV4AaABAg,39_zaFVluAw,아라하시 타비,Arahashi Tabi,UNIVERSE,"츠나 씨의 라이브를 보고 왔습니다. 저는 일본인이지만, 한국어를 공부하고 있습니다. 지금은 아직 모든 내용을 다 이해하지는 못하지만, 타비가 하는 말을 전부 이해할 수 있게 되고 싶습니다.",679,2026-06-20T13:20:34Z,105,86
UgzHhg2gWXNMqWiRfJJ4AaABAg,nsZmnwC9ukE,텐코 시부키,Tenko Shibuki,CLICHE,"젠장, 또 들어버렸어 숭배해야만 해
All time GOAT, 대 황 탁",678,2026-07-25T10:33:39Z,40,87
Ugzmfgh5C6lmbeBM2fZ4AaABAg,P_oxx3_VpIY,유즈하 리코,Yuzuha Riko,CLICHE,1:43 마 이리온나! 뭐야ㅋㅋㅋㅋㅋㅋㅋㅋㅋㅋㅋㅋㅋㅋㅋㅋ,670,2026-07-24T09:06:31Z,31,88
UgxTg4GDqUYTVAO6AGF4AaABAg,FFe9FMdemO8,시라유키 히나,Shirayuki Hina,UNIVERSE,쪼꼬미 모드 되서 파닥파닥 거리는게 댕귀엽네 ㅋㅋㅋㅋ,663,2026-06-16T05:28:36Z,29,89
Ugz5Adz22f1krM2tzBF4AaABAg,P_oxx3_VpIY,유즈하 리코,Yuzuha Riko,CLICHE,"노래 시작하자마자 급발진 뭐야
빌드업 없이 바로 하이라이트로 가버리네 ㅋㅋㅋㅋㅋㅋ",662,2026-07-25T09:26:00Z,45,90
UgynhDlkflxr63jJdZ54AaABAg,p7jnlTehA2M,유즈하 리코,Yuzuha Riko,CLICHE,치코가 햄버거 다 먹는다고 돼지라고 하는거 개귀엽네ㅋㅋㅋㅋㅋ,653,2026-07-26T04:17:19Z,33,91
Ugxcd5NcItRcPZzrY8N4AaABAg,_w7V7MgoTR8,시라유키 히나,Shirayuki Hina,UNIVERSE,해둥이들 포상뭐지요?,650,2026-06-11T05:01:42Z,11,92
UgwHg3KM2_B_4sQVuQ94AaABAg,BJeJjfbM-XM,아카네 리제,Akane Lize,UNIVERSE,"예측훈수 진짜 연습한다고
5초 미래시가 생겼습니다",640,2026-07-20T06:01:19Z,27,93
UgxtP5BliFjgAZ5PBDR4AaABAg,nsV1HkZS5VI,강지,Kangji,STELLIVE,강블쇼츠라니 감사합니다...,628,2026-07-20T07:28:29Z,15,94
UgwbfC0rBiwpey5eycd4AaABAg,wO7pHjlBdz4,텐코 시부키,Tenko Shibuki,CLICHE,그림체 붘쳐귀엽네 ㅋㅋㅋㅋㅋㅋㅋ,613,2026-07-24T08:06:09Z,17,95
Ugy_sgU5esIcm1hoL3x4AaABAg,GiaDQPVBDsM,아야츠노 유니,Ayatsuno Yuni,EVERYS,ㅈㄴ 귀여운데 꼬리가 자꾸 시선강탈하네ㅋㅋㅋ,604,2026-07-24T03:09:08Z,24,96
Ugzad8b5HsuIqDVRhqR4AaABAg,D9OEykMduEU,아카네 리제,Akane Lize,UNIVERSE,이걸 직접 녹음하네 ㅋㅋㅋㅋㅋㅋㅋㅋㅋㅋㅋㅋㅋㅋㅋㅋㅋㅋㅋㅋ 웃참 어케했냐 ㅋㅋㅋㅋㅋㅋㅋㅋㅋㅋㅋ,595,2026-07-11T05:35:26Z,51,97
UgxpzRNXeqtaUKzbxJl4AaABAg,TTHSIecBzhg,아카네 리제,Akane Lize,UNIVERSE,"대답!
짱!돌!",586,2026-07-10T05:40:16Z,8,98
UgxcteuhPfclP8ua9q54AaABAg,TTHSIecBzhg,아카네 리제,Akane Lize,UNIVERSE,"이거 온라인도 해당되는거지?
아랫집 올라오도록 세게 해볼게 ㅋㅋ",584,2026-07-10T05:58:38Z,35,99
UgwkidqvedHk_RlF2hR4AaABAg,3Y7Ek6YSGPE,아카네 리제,Akane Lize,UNIVERSE,"라이브때 들었던걸 이제 계속 들을수있다고?
당연히 들어야겠쥐~?",581,2026-07-04T11:25:18Z,35,100
Ugzplbn9-KRnlVWsHGB4AaABAg,jeft__9y7ik,사키하네 후야,Sakihane Huya,EVERYS,"방학날에 이런 선물을
잘먹겠습니다",574,2026-07-21T22:28:51Z,18,101
UgyOZ63ZQeArvf5Q-8V4AaABAg,jvZRK7W7S9Y,하나코 나나,Hanako Nana,CLICHE,단순한 재즈가 아니라 고전풍 재즈랑 애니메이션풍 재즈가 섞인 느낌인데 여러 장르를 모두 소화할 수 있는 나나라서 부를 수 있는 곡인거 같음,563,2026-07-26T11:57:38Z,77,102
Ugz2IwBZk9FdSP7q8cp4AaABAg,xKYey53VI1U,시라유키 히나,Shirayuki Hina,UNIVERSE,해둥이 버려졌어 ㅋㅋㅋ,545,2026-07-12T05:59:55Z,12,103
Ugz8ZGtVh56omG83ugl4AaABAg,HbH5LgxkSm4,아라하시 타비,Arahashi Tabi,UNIVERSE,"""야랄비는 서비스 종료다""",544,2026-07-15T04:40:27Z,14,104
UgxWR45DokYdSjbpqel4AaABAg,5YakLR9sQfw,유즈하 리코,Yuzuha Riko,CLICHE,ㅋㅋㅋㅋㅋㅋ이거 올라왔구낰ㅋㅋㅋㅋㅋㅋㅋ너무 귀여운거 아니냐고 ㅋㅋㅋㅋㅋㅋㅋㅋ,536,2026-07-08T06:16:05Z,42,105
UgxnJFos7lgYphs_rCB4AaABAg,6y-jHz_1r1Y,유즈하 리코,Yuzuha Riko,CLICHE,"강지 소리지르기, 히나 멘헤라, 쭈글 따비, 아카느엥 ㅋㅋㅋㅋㅋㅋㅋㅋㅋ",535,2026-07-18T06:26:31Z,39,106
Ugz0wZNEN-BXp-rfT3h4AaABAg,p7jnlTehA2M,유즈하 리코,Yuzuha Riko,CLICHE,"건강에 안좋은 햄버거는 치코가 
처리했으니 안심하라고",532,2026-07-26T04:42:00Z,29,107
UgzRRVQH1ebFuhZbAQZ4AaABAg,TTHSIecBzhg,아카네 리제,Akane Lize,UNIVERSE,부끄러워서 못하겠어요 스트리머 아카네 리제님...,529,2026-07-10T05:54:04Z,27,108
UgzhrbugxBV5k9GCdl54AaABAg,UiYVtkyveYA,텐코 시부키,Tenko Shibuki,CLICHE,아무래도 이 말투 중독된다는 말이지 아무래도,528,2026-07-09T08:38:18Z,24,109
UgzMzZtVWS15lx2H9z14AaABAg,eeDdzUFGfcU,네네코 마시로,Neneko Mashiro,UNIVERSE,너무 귀엽다 ㅋㅋㅋㅋㅋ,528,2026-07-07T10:36:30Z,12,110
Ugxvzo8JbF4tSKwhUoJ4AaABAg,jeft__9y7ik,사키하네 후야,Sakihane Huya,EVERYS,와 씨 분명 주접댓글 달려고 생각중이었는데 빅덩이 보고 머리가 하얘졌네;;,515,2026-07-21T22:04:35Z,41,111
UgxMUkjwG2SuNwhFjuV4AaABAg,ZYSQLv_L26Y,아오쿠모 린,Aokumo Rin,CLICHE,이제 '뇨'의 시대가 온 것 같지 않아?,514,2026-07-27T07:43:42Z,22,112
Ugx-_RvJvFvWHkBYTkR4AaABAg,UoeqQ79OhJk,하나코 나나,Hanako Nana,CLICHE,아 진짜 하나하나 다 귀엽잖아 ㅋㅋ,513,2026-07-11T04:01:58Z,19,113
UgwildwyZPSE_2xOrPF4AaABAg,nsV1HkZS5VI,강지,Kangji,STELLIVE,"둘이 이쁜 사랑 하세요~~
근데 둘이 귀엽넼ㅋㅋㅋ",510,2026-07-20T07:27:03Z,27,114
UgwksQN1exrA1D29L4J4AaABAg,5YakLR9sQfw,유즈하 리코,Yuzuha Riko,CLICHE,용사랑 특수요원이 조용히 해라랑 니나 해라 한마디에 울면 어떡해 ㅋㅋㅋㅋㅋ,490,2026-07-08T07:39:19Z,41,115
UgypyY-z9lx-09jMCxB4AaABAg,yqkYpiIwYl0,아라하시 타비,Arahashi Tabi,UNIVERSE,그러니까 이 쇼츠가 맨발 비키니 타비 신의상 예고란 말이죠? 흐흐흐,489,2026-07-04T03:33:18Z,37,116
UgyXctNEqSyknWvm1qd4AaABAg,jMPJW2JNc9M,네네코 마시로,Neneko Mashiro,UNIVERSE,그냥 점프하는건데 왤케 귀여운거냐 맛쉬로,488,2026-06-01T06:27:02Z,22,117
UgwzDdX4NNT5blfSXbt4AaABAg,D9OEykMduEU,아카네 리제,Akane Lize,UNIVERSE,리제는 직접 녹음했네 ㅋㅋㅋㅋㅋㅋㅋㅋㅋㅋㅋㅋ,476,2026-07-11T06:20:05Z,24,118
Ugx0PMLw8bKZr3zIlQ14AaABAg,GiaDQPVBDsM,아야츠노 유니,Ayatsuno Yuni,EVERYS,안녕하세요 스트리머 무르무르푸르푸르님,474,2026-07-24T09:50:55Z,20,119
UgwPOF4oJiVSDdfuaY14AaABAg,IVDQWVfrKwA,사키하네 후야,Sakihane Huya,EVERYS,"강아가 아르르르르르
후아가 아르르르르르",469,2026-06-30T22:55:53Z,21,120
Ugywbv4n55DO8azBgjl4AaABAg,39_zaFVluAw,아라하시 타비,Arahashi Tabi,UNIVERSE,커버 공개하면서 5시에서 개신나가지고 따라 부르면서 몸 이리저리 흔들고 뛰는거 진짜 개쳐귀여웠음 ㅋㅋㅋㅋㅋㅋㅋㅋㅋㅋ,466,2026-06-20T11:06:59Z,64,121
UgwxmHtP2cw0d6uJgeZ4AaABAg,P_oxx3_VpIY,유즈하 리코,Yuzuha Riko,CLICHE,마왕이 설레서 심장마비로 죽은게 맞다 ㄹㅇ,465,2026-07-24T09:07:25Z,23,122
UgwYeSOaqC4iimTV8kx4AaABAg,lR8FEwEnuqk,시라유키 히나,Shirayuki Hina,UNIVERSE,"중간에 감사합니다는 뭐냐 대체 ㅋㅋㅋㅋㅋㅋㅋㅋㅋㅋ 

히나야 쟤 말고 나한테.",464,2026-07-15T06:27:30Z,43,123
UgzY1PJjRQL3DHTuFoh4AaABAg,FFe9FMdemO8,시라유키 히나,Shirayuki Hina,UNIVERSE,히나가 상상한 자신의 춤의 모습과 현실....,460,2026-06-16T05:04:48Z,25,124
UgwW1nKepgVJNLk2Wkt4AaABAg,UoeqQ79OhJk,하나코 나나,Hanako Nana,CLICHE,저 네모가 도마가 아니었다고?,459,2026-07-11T05:45:21Z,16,125
UgzO8qV_enGMOfNXo1Z4AaABAg,aUVF5Tw9lz4,하나코 나나,Hanako Nana,CLICHE,진짜 비명 하나가 앞에 이야기를 순간적으로 잊게 하네 ㅋㅋㅋ,456,2026-07-08T08:34:11Z,33,126
UgxK-1t_pUAdVdCwGuB4AaABAg,xKYey53VI1U,시라유키 히나,Shirayuki Hina,UNIVERSE,"히나양......................
아직도 생각나는게 서버하면서
뭐 대화나감? 전쟁나감? << 이 말이 너무 웃겼음😂😂",455,2026-07-12T05:41:17Z,72,127
UgxOtZqsxuP2Dgih9qR4AaABAg,bHeNo0qY2iI,하나코 나나,Hanako Nana,CLICHE,보라가 뒤집어져서 드릴 끼리 합체하는줄 ㅋㅋㅋㅋ,454,2026-06-29T08:23:43Z,26,128
Ugx2FGFAr7UtRRmYQ9J4AaABAg,wO7pHjlBdz4,텐코 시부키,Tenko Shibuki,CLICHE,오늘만큼은 빨간짱돌이 아니라 대 리 제,447,2026-07-24T08:13:56Z,21,129
UgxvGx_ndGiAVizn7154AaABAg,nsZmnwC9ukE,텐코 시부키,Tenko Shibuki,CLICHE,_신사에서 누가 돌아왔게~?_ 🍓,447,2026-07-25T09:20:07Z,18,130
UgxM-BlckSyQLvnhfel4AaABAg,VITNdv2ZywY,사키하네 후야,Sakihane Huya,EVERYS,"누군가 후야가 청초가 아니라고 한들, 바쿠에게는 영원한 청초로 남을것이니...
생일 축하합니다!💜🎂🎉",446,2026-07-07T11:37:57Z,56,131
UgwdIEMpyHK0jjkDJPV4AaABAg,jeft__9y7ik,사키하네 후야,Sakihane Huya,EVERYS,절대아기셔서 도망가실때도 예술적이네요!,445,2026-07-21T22:04:26Z,21,132
Ugw2MJZ2A0n1tlnzmap4AaABAg,D9OEykMduEU,아카네 리제,Akane Lize,UNIVERSE,리제야 날씨가 미쳐 날뛰는구나,444,2026-07-11T05:34:15Z,16,133
UgxYzKJCIV1W7dSX5NR4AaABAg,y1nUYj_D1Es,아오쿠모 린,Aokumo Rin,CLICHE,"여러분 그거 아시나요
1. 린 앞머리에 구름이 아니라 새가 붙어있습니다
2. 첫,마지막 장면에 티켓에 날짜는 최초 공개 날 입니다
3. 1:31, 3:51 초에 베개로 사용되는 쿠리미는 도움을 요청하고 있습니다
4. 2:00 초에 쿠리미가 보고 있는 영상은 (아마도?) 3D 대뷔(보니까 이게 더 비슷한듯?) 영상인 것 같네요
5.티켓 하단에 숫자는 린의 생일 입니다(20260503)
6. 하이라이트 파트 뮤비에 나오는 나뭇잎의 개수는 215개입니다(?)(직접 세봄)
7. 티켓에 QR코드를 찍으면 아오쿠모 린 채널이 나옵니다",443,2026-06-28T08:56:36Z,295,134
UgxKrGYf6auRH8wpYOd4AaABAg,eeDdzUFGfcU,네네코 마시로,Neneko Mashiro,UNIVERSE,궁디팡팡하고 싶네요,439,2026-07-07T11:17:57Z,10,135
UgxbaU9tDXbe18rSyUl4AaABAg,5YakLR9sQfw,유즈하 리코,Yuzuha Riko,CLICHE,클리셰 최강자는 역시 린이구나ㅋㅋㅋㅋㅋ,437,2026-07-08T06:16:11Z,21,136
UgzqV4eQFhmsYgjhrGR4AaABAg,y1nUYj_D1Es,아오쿠모 린,Aokumo Rin,CLICHE,0:32 하품 개쳐귀엽네 진짜ㅋㅋ 자막도 (하ㅏㅏㅏ품),435,2026-06-28T08:07:21Z,30,137
Ugxdbt7gZ0AVaWy7Hpp4AaABAg,6y-jHz_1r1Y,유즈하 리코,Yuzuha Riko,CLICHE,리코가 귀엽게 특징을 잘살리네,430,2026-07-18T06:29:20Z,16,138
UgwdrjJFJTIgYne4nZx4AaABAg,NMqafFZBz30,아오쿠모 린,Aokumo Rin,CLICHE,이번엔 또 무슨 릴스를 목격하신겁니까...,427,2026-07-26T07:57:49Z,23,139
Ugw7T02K0Rdyqv798Zl4AaABAg,HbH5LgxkSm4,아라하시 타비,Arahashi Tabi,UNIVERSE,애가요즘에 귀여워짐ㅋㅋㅋㅋ,423,2026-07-15T07:36:30Z,14,140
Ugz6RHo-vK0fOY9yjYF4AaABAg,39_zaFVluAw,아라하시 타비,Arahashi Tabi,UNIVERSE,"오늘 컨텐츠 준비 많이 했겠다 싶었어 정말 고생많았다 디자인 하나하나 바뀐 거 보니까 신경 많이 썼다는 게 느껴지면서도 거기다 커버곡까지 뿌댜들 생각해서 선물로 주는거보니까 진짜 우리 대가리 깰려고 작정을 했구나? 마사지로 나온 뉴땁땁이 새로운 모습도 계속 응원할게, 사랑해~~🌊🧭💙",417,2026-06-20T11:03:25Z,158,141
UgwyOjjg9IcsG_zgXG54AaABAg,5YakLR9sQfw,유즈하 리코,Yuzuha Riko,CLICHE,ㅋㅋㅋㅋㅋ 이거 채색안된 원본으로 봤었는데 이걸 더빙까지한걸로 다시보게되네 아 귀여워,415,2026-07-08T06:21:38Z,47,142
UgwGbgDg_-1-FZ2kvXJ4AaABAg,P_oxx3_VpIY,유즈하 리코,Yuzuha Riko,CLICHE,"이거 다들 똑같나 보네
처음 들을때보다 들으면 들을수록 ㅈㄴ 개띵곡임",411,2026-07-25T15:58:11Z,38,143
UgxxAnAxxVXfsDC29_94AaABAg,aUVF5Tw9lz4,하나코 나나,Hanako Nana,CLICHE,"리코님은 갔더니 치코가 근육맨이 됐고, 부키님은 갔더니 게임기릉 부쉈는데 나나만 도수치료가 됐엌ㅋㅋㅋ 그와중에 마지막에 린님 비명ㅋㅋㅋㅋ",398,2026-07-08T08:02:23Z,76,144
UgyNz0wcKitYRAYdkJ94AaABAg,UiYVtkyveYA,텐코 시부키,Tenko Shibuki,CLICHE,부키 팩폭 맞았다 ㅋㅋㅋㅋㅋㅋ,379,2026-07-09T08:21:45Z,16,145
UgyDddp6GOdKn0ez8O94AaABAg,ZYSQLv_L26Y,아오쿠모 린,Aokumo Rin,CLICHE,3:03 와 여기 뭐임??? ㅋㅋㅋㅋㅋ 밋친밋친,372,2026-07-27T09:38:58Z,26,146
UgwFUH3w3eMAvLKOpFF4AaABAg,nsV1HkZS5VI,강지,Kangji,STELLIVE,쇼츠마저 뜨거운 두 사람 ㅋㅋㅋ,371,2026-07-20T07:24:44Z,17,147
UgyvKM0Qje81xEWCTyZ4AaABAg,Uuf2oipmXHg,텐코 시부키,Tenko Shibuki,CLICHE,글자만 보면 무서운데 귀여워서 살았다,366,2026-07-11T07:21:38Z,20,148
Ugw_u0XcHa9-kvd74CV4AaABAg,1tnc3DNZfoc,아야츠노 유니,Ayatsuno Yuni,EVERYS,"응원문화 즐기기 > 롯데 선택해도 상관없음.
야구 자체를 즐기기 > 롯데 선택하면 야구가 재미없어짐.",365,2026-06-16T19:21:08Z,56,149
Ugw1pYKw045oC94NNwJ4AaABAg,_GtqXRMM9ik,아야츠노 유니,Ayatsuno Yuni,EVERYS,"무기같지 않은 무기를 들고 오는 사람이 있다


조심해라",364,2026-06-26T01:19:06Z,31,150
Ugwjj1EbdP2Z1LdBBZp4AaABAg,w16uoVZpKqY,사키하네 후야,Sakihane Huya,EVERYS,"영어로 적힌글 해석본
방송은 오후5시 5(뒷내용 알수없음)

오늘 늦잠자서 이제일어남(의역이나 정황상 대충 맞음)

사실 어제 늦게 잠들었음(의역이나 정황상 대충 맞음)

그래도 노르마 뽑기(뒷내용 알수없음)

길게 쓰면 알아보지 못하겠지 (다소 의역)",358,2026-07-28T23:40:32Z,141,151
UgzFL1wl_pnAQYiU38Z4AaABAg,RlHhOcxnYII,강지,Kangji,STELLIVE,3:33 정보) 목소리만 들으면 무서운 사장님이랑 거래하는 애기같지만 시윤님이 한 살 언니다.,357,2026-07-28T08:23:12Z,52,152
Ugz5FrQHb1qJKep_rEt4AaABAg,nsV1HkZS5VI,강지,Kangji,STELLIVE,소개팅보고 급하게 올린 강지면 개추ㅋㅋ,351,2026-07-20T07:27:18Z,21,153
UgzZttMY0YQf1tjN9gd4AaABAg,VITNdv2ZywY,사키하네 후야,Sakihane Huya,EVERYS,"0:05 ""사실 하나~ 둘 말고 적절한 표현이 없어서 하나 둘이지만 셋둘하나 느낌 아닐까요 근데 자막에 셋둘하나 쓰기엔 좀 과하지 않나 아무튼 그러네요""
자막마저 후야님과 어울리는 ㅋㅋㅋㅋㅋ",350,2026-07-07T11:53:35Z,106,154
UgzwuG3upnPT9Ed9nD54AaABAg,KxG2L57W0SQ,아라하시 타비,Arahashi Tabi,UNIVERSE,그래 슬슬 야랄이 올 때가 됐었어ㅋㅋ,347,2026-06-29T03:55:12Z,20,155
UgyRqaZowUYNB3-x6hV4AaABAg,IVDQWVfrKwA,사키하네 후야,Sakihane Huya,EVERYS,유일한 감자 카운터 가능성이 높은 마룡,346,2026-07-01T00:14:58Z,21,156
UgyOg4KtY3QAps_QAL54AaABAg,nsZmnwC9ukE,텐코 시부키,Tenko Shibuki,CLICHE,"붘과 탘의 만남은 마치 날개 달린 호랑이, 꽃이 올라간 비단, 드릴 달린 여우와도 같다",345,2026-07-25T11:29:37Z,48,157
UgzTxjV14oONZLOfZuF4AaABAg,1tnc3DNZfoc,아야츠노 유니,Ayatsuno Yuni,EVERYS,그냥 이기는 편 우리편 하고 야구 자체만 즐겨.. 팀 정하지마... 정하는 순간 지옥이야.....,341,2026-06-16T09:37:23Z,54,158
UgyyJOEcbo5QYc9x-zp4AaABAg,J3aC5GFGw2c,강지,Kangji,STELLIVE,"설마 듀엣 커버곡 새거 뜨나?????
블햄 저번에 노래 잠깐 하셨던 것 같은데",340,2026-07-11T05:01:52Z,43,159
Ugxeevynh1J2lvrz_8t4AaABAg,I88_TyumGqQ,아오쿠모 린,Aokumo Rin,CLICHE,전 이미 미쳐버렸어요,337,2026-07-28T08:49:26Z,11,160
Ugx9SgnZHBS-HnkeQmB4AaABAg,nsZmnwC9ukE,텐코 시부키,Tenko Shibuki,CLICHE,"젠장 또 TAK이야
난 도깨비꽃부터 베리베리스트로베리까지 숭배할 수 밖에 없어",335,2026-07-25T14:36:50Z,43,161
UgwQx5ON9g8U9k8tRQR4AaABAg,f7uaxrWNIdE,네네코 마시로,Neneko Mashiro,UNIVERSE,"3주년 너무 축하하고 노래 선물도 고마워!❤
항상 시로 귀여운 목소리 들어서 행복해!😊",335,2026-06-10T13:04:43Z,48,162
UgxVRQkK3WLoE_U_tgx4AaABAg,_w7V7MgoTR8,시라유키 히나,Shirayuki Hina,UNIVERSE,야호에요 야호,328,2026-06-11T05:09:06Z,7,163
Ugw7pHIVfs65eZkGYE54AaABAg,1tnc3DNZfoc,아야츠노 유니,Ayatsuno Yuni,EVERYS,방송컨텐츠로 써먹기에는 꼴데가 우주제일이긴 해 매일이 불타고 재밌을거야,327,2026-06-16T09:54:44Z,39,164
UgzdLWiqHexCaIc-EFJ4AaABAg,_GtqXRMM9ik,아야츠노 유니,Ayatsuno Yuni,EVERYS,"유니유니야... 피빞에서 평범한 무기 들고 오는 애들을 제일 조심해야대;; 
그거로도 줘팰수 있다는 뜻이야...;;",323,2026-06-25T09:27:49Z,64,165
UgzssHZVwwHpRGx65tp4AaABAg,yY_Al_ZYnvA,네네코 마시로,Neneko Mashiro,UNIVERSE,3:27 편집자 미친건가 ㅋㅋㅋㅋ,323,2026-07-05T10:47:23Z,18,166
UgzwuUq3gFOuVukbOnp4AaABAg,_GtqXRMM9ik,아야츠노 유니,Ayatsuno Yuni,EVERYS,"""틈새의 땅속 사내들""",313,2026-06-25T09:23:30Z,12,167
Ugz2ryUgattT1Od1Gwd4AaABAg,ZYSQLv_L26Y,아오쿠모 린,Aokumo Rin,CLICHE,2:07 여기 가사에 아오(푸르게)쿠모(뭉게구름)가 담긴 채 나오는 거 넘 감다살...,310,2026-07-27T09:32:08Z,48,168
UgzGD8pxRFH-IeBHUsV4AaABAg,BJeJjfbM-XM,아카네 리제,Akane Lize,UNIVERSE,근데 진지하게 말들어 먹고 따르는건 이업계에서 정말 흔하지않은 레어한 재능맞음 ㅋㅋㅋㅋㅋㅋㅋㅋㅋ,310,2026-07-20T07:45:01Z,53,169
UgyOHfIvCQRubsmwRq54AaABAg,Uuf2oipmXHg,텐코 시부키,Tenko Shibuki,CLICHE,ㅋㅋㅋㅋㅋ 역으로 당하니까 어땨 정붘희,306,2026-07-11T07:08:12Z,21,170
Ugz4oBKzVeC8hLJkEpN4AaABAg,egoTEH8teX0,아야츠노 유니,Ayatsuno Yuni,EVERYS,여기로 납치되셨구나ㅋㅋㅋㅋ,304,2026-07-09T23:15:28Z,14,171
UgwzWTrb_T0Z-fg1_GB4AaABAg,GiaDQPVBDsM,아야츠노 유니,Ayatsuno Yuni,EVERYS,"누가 만들었죠 겁나 힘들었을것같은데
유니 더 귀여워진것같네",303,2026-07-24T03:10:29Z,32,172
UgzubwU3AovkA9Zi27B4AaABAg,D9OEykMduEU,아카네 리제,Akane Lize,UNIVERSE,"콘서트 전에 이런 쇼츠를ㅋㅋㅋㅋ
잠이 확 깬다",300,2026-07-11T05:32:14Z,25,173
UgxHLw1iV3_JLKrMKK14AaABAg,jMPJW2JNc9M,네네코 마시로,Neneko Mashiro,UNIVERSE,시로도 쇼츠가동! 3D 컨텐츠 좋아요!,298,2026-06-01T05:42:49Z,21,174
UgzjvWO1ugQbARHjOQd4AaABAg,lR8FEwEnuqk,시라유키 히나,Shirayuki Hina,UNIVERSE,공주랑노는거 완전 귀여워서 힐링되네ㅋㅋ,296,2026-07-15T06:19:31Z,21,175
UgzxhJDvsJ7fd3HDvaN4AaABAg,TTHSIecBzhg,아카네 리제,Akane Lize,UNIVERSE,아직 콘서트 시작 안했는데 연습하니까 아랫집 사람이랑 4번 만났어! 엥나 잘했지? 이웃간의 인간관계까지 신경써주는 대 리 제,291,2026-07-10T06:05:43Z,69,176
UgzQ4GUoYHoP8S3-Wxx4AaABAg,NMqafFZBz30,아오쿠모 린,Aokumo Rin,CLICHE,"물고기
죽순
양배추
...조리담당...?",291,2026-07-26T07:56:33Z,22,177
Ugwc5v4iu_7-UPtsVZt4AaABAg,ZYSQLv_L26Y,아오쿠모 린,Aokumo Rin,CLICHE,"저음에서 가성 전환, 긁는거, 지르는거
제가 린님 보컬에서 제일 좋아하는 것들이 다 들어있는 미친 곡... 개좋아...",291,2026-07-27T09:07:12Z,66,178
UgzlBHV7uxK_XzST5Lh4AaABAg,egoTEH8teX0,아야츠노 유니,Ayatsuno Yuni,EVERYS,"이거 보다가 학교 늦었다
책임져라…유니유니야",287,2026-07-09T23:23:28Z,24,179
Ugz3ROqldwIdd-D4QvF4AaABAg,UiYVtkyveYA,텐코 시부키,Tenko Shibuki,CLICHE,너불의 저 아무래도 화법이 그냥 ㅈㄴ 웃김,285,2026-07-09T08:29:43Z,23,180
UgwlKHFn9G8m8YdIXsl4AaABAg,KxG2L57W0SQ,아라하시 타비,Arahashi Tabi,UNIVERSE,"아니 시불 타비야 그래 이맛이지 역시 우린 야랄이 맞아 ㅋㅋㅋ 아 듣다보니 쥰내 웃기네 ㅋㅋㅋ
순수 재미들아 다시 살아나라",281,2026-06-29T04:58:17Z,68,181
Ugxx4uG0V2a8MM9RlSV4AaABAg,jMPJW2JNc9M,네네코 마시로,Neneko Mashiro,UNIVERSE,요즘 3D컨텐츠 많은거 좋다🩶,275,2026-06-01T06:32:15Z,16,182
UgxKlhblnOUY2ujQZ_x4AaABAg,aUVF5Tw9lz4,하나코 나나,Hanako Nana,CLICHE,외마디 비명 미친거냐고 ㅋㅋㅋㅋㅋㅋㅋㅋㅋ,268,2026-07-08T08:05:20Z,22,183
UgyJf4-YeLeubHJ2BYJ4AaABAg,6y-jHz_1r1Y,유즈하 리코,Yuzuha Riko,CLICHE,히나 리제 성대모사 뭐야 ㅋㅋㅋㅋㅋㅋ 소름돋네,267,2026-07-18T07:19:13Z,25,184
Ugykd-d6mjEFs3YJYIN4AaABAg,1tnc3DNZfoc,아야츠노 유니,Ayatsuno Yuni,EVERYS,"고등학교 때 국어쌤이 그랬다
이번에 롯데 우승하면 집 사주겠다고
어쩌면 진심이었을지도 모른다만
암튼 아직도 내집마련 못함",267,2026-06-16T11:17:57Z,67,185
UgwQc5hEm0DvuV8eJxF4AaABAg,IVDQWVfrKwA,사키하네 후야,Sakihane Huya,EVERYS,2000살은 안산의 왕을 아르르르르 할 수 있구나,261,2026-06-30T22:22:24Z,27,186
UgwldQD7S3DH5PhOQFV4AaABAg,1tnc3DNZfoc,아야츠노 유니,Ayatsuno Yuni,EVERYS,"롯데 마린즈나 요미우리 자이언츠를 응원해주십시오

롯데 자이언츠는 아닙니다..",256,2026-06-16T10:22:49Z,43,187
Ugw0ijAOk3aKO0iJUFR4AaABAg,p7jnlTehA2M,유즈하 리코,Yuzuha Riko,CLICHE,어째서 린은 고통받는 것인가...ㅋㅋㅋㅋ,256,2026-07-26T04:21:51Z,22,188
Ugy-SMzox2oaiDFbrB54AaABAg,TTHSIecBzhg,아카네 리제,Akane Lize,UNIVERSE,이게 콘서트임 무림인 집회임ㅋㅋㅋㅋㅋㅋㅋㅋㅋㅋㅋㅋㅋㅋㅋㅋㅋㅋㅋㅋ,255,2026-07-10T09:09:17Z,35,189
UgwvelnLqHq9nU1CHwd4AaABAg,UiYVtkyveYA,텐코 시부키,Tenko Shibuki,CLICHE,아무래도 부키는 나나보다는 크니 괜찮다고 볼 수 있지,243,2026-07-09T08:21:30Z,29,190
UgypDqsgkFUxdYjMTNt4AaABAg,P_oxx3_VpIY,유즈하 리코,Yuzuha Riko,CLICHE,드디어 시작해볼까 뒷부분을 듣는구나,240,2026-07-24T06:33:09Z,19,191
UgwfzoLJR1z_CTFbX6x4AaABAg,eeDdzUFGfcU,네네코 마시로,Neneko Mashiro,UNIVERSE,진짜 이렇게 세상에서 제일 귀여운 시로랑 같은 시대를 살아갈 수 있는게 영광이다🩶🩶,238,2026-07-07T10:37:41Z,46,192
Ugx3vgdHLwXmYyvtCqJ4AaABAg,w16uoVZpKqY,사키하네 후야,Sakihane Huya,EVERYS,꼬리 파닥거리는 거 귀엽네,236,2026-07-28T22:02:47Z,14,193
UgzTSi_PGbiocb_txAd4AaABAg,P_oxx3_VpIY,유즈하 리코,Yuzuha Riko,CLICHE,2:26 헤이 오빠삐 개 쳐귀엽네,235,2026-07-24T10:40:02Z,18,194
UgxMdCHRHdhKT3eEbjJ4AaABAg,I88_TyumGqQ,아오쿠모 린,Aokumo Rin,CLICHE,미쳤나봐 버스 안에서 혼자 에어팟 끼고 리듬 타고 있었어ㅋㅋㅋ,233,2026-07-28T08:08:21Z,34,195
UgxKlp4M99CV7ryeOgR4AaABAg,bHeNo0qY2iI,하나코 나나,Hanako Nana,CLICHE,"드릴 소리 개웃기네ㅋㅋㅋㅋㅋㅋㅋ
머리 모양때문에 아가씨 손된건 왜케 귀여움ㅋㅋㅋㅋㅋㅋㅋㅋ",232,2026-06-29T08:06:26Z,49,196
Ugz6wCfSsbwHRsjJrSV4AaABAg,xKYey53VI1U,시라유키 히나,Shirayuki Hina,UNIVERSE,"강한 포켓몬, 약한 포켓몬. 그런 건 사람이 
멋대로 정하는 것

하지만 사람들이 다 쓰는덴 이유가 있다고😂",232,2026-07-12T05:12:30Z,60,197
UgwLNMYfDMkeV8hWP2t4AaABAg,P_oxx3_VpIY,유즈하 리코,Yuzuha Riko,CLICHE,많은 팬이 기다렸던 오리곡 드뎌 나오는구나 악당주의보!!!,220,2026-07-24T06:32:38Z,32,198
UgzxQAZDZ6H_GNiT2qF4AaABAg,wO7pHjlBdz4,텐코 시부키,Tenko Shibuki,CLICHE,뽀뽀할 때 바보털 하트되는 거 개귀엽네 ㅋㅋㅋㅋ,219,2026-07-24T09:13:41Z,26,199
Ugy-8_wcqrLubGu_PjJ4AaABAg,_GtqXRMM9ik,아야츠노 유니,Ayatsuno Yuni,EVERYS,"엘든링 아르냥 시참이 유튜브에 올라올줄은 몰랐는데 ㅋㅋㅋㅋ

진짜 재밌고 기억에 오래남을 컨텐츠였다 유든링",217,2026-06-25T09:04:34Z,59,200
Ugw3-r60UfebIuLcBGB4AaABAg,HbH5LgxkSm4,아라하시 타비,Arahashi Tabi,UNIVERSE,육수 끓으려면 불 꺼버리는게 불조절 야무지네ㅋㅋㅋㅋ,214,2026-07-15T06:37:53Z,28,201
UgymjCIVp9-x4whvX9J4AaABAg,yY_Al_ZYnvA,네네코 마시로,Neneko Mashiro,UNIVERSE,2:19 이런 냥아치라면 제 지갑을 바치겠습니다...,208,2026-07-05T09:41:21Z,29,202
Ugxt7vuOOZp5rd4XdI94AaABAg,w16uoVZpKqY,사키하네 후야,Sakihane Huya,EVERYS,귀여운 후야님이 귀여운 그림체를 받고 귀여운곡까지 들리는데 그와중에 귀여운 통통꼬리또한 부각되니 이토록 귀여운 쇼츠가 또있을지 궁금할 정도군요. 물론 후야님은 매일매일이 귀엽긴 합니다만 이 쇼츠에선 노리고 귀여움을 뽐내기 때문에 이 말을 전하지 않을수가 없겠습니다. 귀여운 후야를 보니 대뷔때가 떠오르는군요. 대뷔때부터 귀엽다고 판단했습니다만 지금처럼 귀엽고 무해해질것이라곤 생각하지 못하였습니다. 역시 후야님은 귀여움에 대한 재능을 타고나신것 같군요. 저도 바쿠로써 후야님의 귀여움을 본받아 최대한 귀여워지도록 시도를 해보겠습니다. 감사합니다.,205,2026-07-28T22:22:30Z,305,203
Ugw3PXNRiGvQ5ts5NTV4AaABAg,Uuf2oipmXHg,텐코 시부키,Tenko Shibuki,CLICHE,후배선배는 그냥 삥뜯는거잖아 ㅋㅋㅋ,203,2026-07-11T07:11:34Z,19,204
UgxP85Pl4W3p97F7dhx4AaABAg,KxG2L57W0SQ,아라하시 타비,Arahashi Tabi,UNIVERSE,ㅅㅂ 존나 웃기네ㅋㅋㅋㅋㅋ,202,2026-06-29T04:30:34Z,14,205
UgwwNp3jOwjpAE5V7O54AaABAg,1tnc3DNZfoc,아야츠노 유니,Ayatsuno Yuni,EVERYS,롯데추천한놈 엎드려 콱씨그냥 뉴비한테 변기통에 내려야할 팀을 추천하지말란말이다,202,2026-06-16T09:35:12Z,43,206
UgwbtGN5VWqIF86sML54AaABAg,lR8FEwEnuqk,시라유키 히나,Shirayuki Hina,UNIVERSE,ㅋㅋㅋ 공주는 거짓말 안한대~~ 그래도 히나랑 살다니 정말 부러운 뇨석,201,2026-07-15T06:17:30Z,39,207
UgyKQomlzkP1XEnMfUZ4AaABAg,5YakLR9sQfw,유즈하 리코,Yuzuha Riko,CLICHE,진짜 그냥 캥쳐퀴여움 ㅋㅋㅋㅋ,199,2026-07-08T06:19:49Z,16,208
UgygrWdaVEfFYtQHBU14AaABAg,yqkYpiIwYl0,아라하시 타비,Arahashi Tabi,UNIVERSE,진짜 제 소원이니까 해줘요,198,2026-07-04T04:03:47Z,14,209
Ugz1nW4mO0GTX5IP6JN4AaABAg,UoeqQ79OhJk,하나코 나나,Hanako Nana,CLICHE,"작아서 카메라가 내려가는게 귀엽네
검은색이당~",194,2026-07-11T04:06:04Z,25,210
Ugy_XS5MuoMCHL_AouJ4AaABAg,6y-jHz_1r1Y,유즈하 리코,Yuzuha Riko,CLICHE,리코님 유니님 복장 자주 입어주세요 감사합니다,191,2026-07-18T06:17:25Z,25,211
Ugze83CjWBhhiR7EFvZ4AaABAg,P_oxx3_VpIY,유즈하 리코,Yuzuha Riko,CLICHE,크하하하 악당 등장! 🍀,190,2026-07-24T09:34:11Z,13,212
Ugx6OvErXmjg41swJTR4AaABAg,Uuf2oipmXHg,텐코 시부키,Tenko Shibuki,CLICHE,"사실 타비가 청초해진 이우는 ""나 선배 후배""에 대항하기 위해서다",189,2026-07-11T07:27:53Z,36,213
UgyanTTFSlZ1wWRd_hl4AaABAg,xKYey53VI1U,시라유키 히나,Shirayuki Hina,UNIVERSE,"자시안 한카리아스 달투곰
전쟁나감? 세계대전급이네 ㅋㅋ",188,2026-07-12T07:18:46Z,30,214
UgwoK7-X5NSahQ0_d7d4AaABAg,wO7pHjlBdz4,텐코 시부키,Tenko Shibuki,CLICHE,부키는 마음이 없어서 줄게 없다네요~,188,2026-07-24T08:06:58Z,20,215
UgxrgzFipIVW2CJrZK14AaABAg,aUVF5Tw9lz4,하나코 나나,Hanako Nana,CLICHE,부키 들어갈때는 입모양 3 였는데 나올때는 스위치 부셔져서 ^ 인거 개웃기네 ㅋㅋㅋㅋ,186,2026-07-08T08:58:39Z,47,216
Ugy8lnoz-i3zFYcHb8h4AaABAg,IVDQWVfrKwA,사키하네 후야,Sakihane Huya,EVERYS,2천년의 마룡은 무서울게 많지만 강지를 잘 다룬다,183,2026-06-30T22:15:52Z,27,217
UgzNqvVbLgGFYyhUWfd4AaABAg,3Y7Ek6YSGPE,아카네 리제,Akane Lize,UNIVERSE,콘서트 준비하면서 커버곡 까지 끊임없이 찍어내는...역시 우리 천마님이느뇨!!,182,2026-07-04T11:56:39Z,43,218
UgxsCsyHIfIwjuAdZkF4AaABAg,NMqafFZBz30,아오쿠모 린,Aokumo Rin,CLICHE,린이 정상적인 행동을 하다니,180,2026-07-26T07:47:56Z,15,219
UgwSFtQuqpBej0olS8h4AaABAg,jvZRK7W7S9Y,하나코 나나,Hanako Nana,CLICHE,"와 진짜 이건 나나를 위한 그냥 나나 노래다..
재즈를 진짜 너무 잘부른다
너무 잘 어울려서 계속 듣게되네",175,2026-07-27T09:30:49Z,59,220
Ugzq1pRqlfbt7RJOz8x4AaABAg,_GtqXRMM9ik,아야츠노 유니,Ayatsuno Yuni,EVERYS,"6:02 본능이 거부하는 채찍 ㅋㅋㅋㅋ
말 채찍질 ㅋㅋㅋㅋ",175,2026-06-25T14:28:59Z,32,221
UgyJvtgvwt0H3OBCNEZ4AaABAg,ZYSQLv_L26Y,아오쿠모 린,Aokumo Rin,CLICHE,"3:10 마지막 ""지치시거든, 언제든 미쳐보시길!"" 할 떄 진짜 홀려서 멍...하고 쳐다봄 ( 린아 첫 오리진 곡 축하해!!!!! )",170,2026-07-27T10:13:08Z,74,222
UgycZLqb5oVrW-DthqB4AaABAg,ZYSQLv_L26Y,아오쿠모 린,Aokumo Rin,CLICHE,의외로 생각한것보다 퀄 레전드라서 놀랐으면 개추 ㅋㅋ,170,2026-07-27T09:33:58Z,29,223
UgwQd5-lUirKckEGvzJ4AaABAg,KxG2L57W0SQ,아라하시 타비,Arahashi Tabi,UNIVERSE,이게 치팅데이라는 건가,163,2026-06-29T08:19:12Z,12,224
UgwkfzEMP4_Gjg8pt3x4AaABAg,_GtqXRMM9ik,아야츠노 유니,Ayatsuno Yuni,EVERYS,13:05 이런거 하면 항상 엔딩은 비질게 엔딩이네 ㅋㅋ,163,2026-06-25T09:12:12Z,31,225
Ugz3GF1uInRycW7dmqZ4AaABAg,1tnc3DNZfoc,아야츠노 유니,Ayatsuno Yuni,EVERYS,유니유니야 롯데 자이언츠라고 해서 요미우리 자이언츠 생각하면 오산이다!!,160,2026-06-16T10:51:11Z,40,226
Ugzo6KrADNREYErZjwN4AaABAg,nsZmnwC9ukE,텐코 시부키,Tenko Shibuki,CLICHE,"이거 듣고 도깨비꽃 다시 들어보니까 부키가 탁님에게 도깨비꽃때보다 성장했다고 들었다는 말이 뭔지 알겠네..
진짜 잘 성장했다 정부키ㅋㅋㅋ",158,2026-07-25T10:18:03Z,76,227
UgxZrk0L-9gHt221Ss14AaABAg,1tnc3DNZfoc,아야츠노 유니,Ayatsuno Yuni,EVERYS,"유니야... 롯데 팬이다...
응원하면 고혈압으로 빨리 디진다...
진짜 아니다...",153,2026-06-16T09:56:29Z,47,228
Ugxnwdk7PQS2OvRIf7R4AaABAg,TTHSIecBzhg,아카네 리제,Akane Lize,UNIVERSE,쉽지 않아 보이지만 다 같이 하면 저런 게 또 꿀잼이란 말이지 ㅋㅋㅋㅋㅋㅋㅋㅋ,151,2026-07-10T05:49:03Z,43,229
UgzUFLL19RRjsaxdwll4AaABAg,I88_TyumGqQ,아오쿠모 린,Aokumo Rin,CLICHE,저게 진짜 리코때문에 다다다다다다ㅏㄷ다다 살짝 미쳐봐로 들린다고,147,2026-07-28T12:57:35Z,35,230
UgzG2ynO53OvEfqT0iF4AaABAg,39_zaFVluAw,아라하시 타비,Arahashi Tabi,UNIVERSE,"타비야 외적으로든 내적으로든 뭔가 변화가 생길때마다 뿡댕이가 좋아해줄까 걱정하는 마음도 이해하지만 니가 타비라는건 바뀌지않아

뿡댕이들이 타비의 일부 면을 보고 입덕을 했다하더라도 결국 좋아하게 되고 응원하게 되는 사람은 타비 너 자체니까

그러니 앞으로는 개쭈글해하면서 멘헤라오지말고 ""쇼발 내가 이런다고 니가 날 싫어할수 있겠어? 넌 결국 구불육일 뿐이야"" 하는 마인드를 장착하도록하자",145,2026-06-20T15:53:24Z,217,231
UgwJlzAuhJmTlGJfMDR4AaABAg,y1nUYj_D1Es,아오쿠모 린,Aokumo Rin,CLICHE,1:59 여기 린 3D 데뷔 영상이네 ㅋㅋ,145,2026-06-28T10:13:54Z,23,232
Ugwvs9mEwhzvOn-dhF54AaABAg,D9OEykMduEU,아카네 리제,Akane Lize,UNIVERSE,진짜ㅋㅋㅋㅋㅋㅋㅋㅋㅋ 태극듀오 아니랄까봐ㅋㅋㅋ,139,2026-07-11T05:46:50Z,25,233
UgxwFNZkzTRnIuhTb9h4AaABAg,FFe9FMdemO8,시라유키 히나,Shirayuki Hina,UNIVERSE,입 벌리고 손 위 아래로 휘적이는거 귀엽네 ㅋㅋ,136,2026-06-16T05:18:49Z,26,234
UgwpicH6L_1F5_Baz9p4AaABAg,bHeNo0qY2iI,하나코 나나,Hanako Nana,CLICHE,"하수: ㅋㅋㅋ 드릴공명
고수: 다음 신 의상 드릴로리구나",135,2026-06-29T09:49:03Z,31,235
UgzDtqWd1Bc1SyTfIl14AaABAg,yY_Al_ZYnvA,네네코 마시로,Neneko Mashiro,UNIVERSE,4:40 편집 개맛있네 ㅋㅋㅋㅋㅋ 후야 렙보소 ㅋㅋㅋ,135,2026-07-05T10:08:57Z,29,236
UgwqvYYXt_feTogRAIh4AaABAg,y1nUYj_D1Es,아오쿠모 린,Aokumo Rin,CLICHE,"2:40 ""쿠모(린)가 나를 부르고 있어~""",134,2026-06-28T13:38:52Z,24,237
UgwUDG5bJpx_iTBAnQd4AaABAg,TTHSIecBzhg,아카네 리제,Akane Lize,UNIVERSE,무친 진짜로 천마가 되어버렸잖아 ㅋㅋㅋㅋㅋㅋㅋ,131,2026-07-10T06:29:02Z,25,238
UgwR2o4oJ1tpTHVlCEB4AaABAg,jeft__9y7ik,사키하네 후야,Sakihane Huya,EVERYS,'둘은 예술가지만 최강',127,2026-07-21T22:13:01Z,13,239
UgzzgsT7FsQ_KluZl4d4AaABAg,jeft__9y7ik,사키하네 후야,Sakihane Huya,EVERYS,왜 계속 HAED HEAD HAED HEAD로 바뀌냐고 ㅋㅋㄲㅋㅋㅋㅋㅋㅋㅋㅋ,125,2026-07-21T23:18:08Z,42,240
Ugy4rLkRUq8XVe_NRfR4AaABAg,bHeNo0qY2iI,하나코 나나,Hanako Nana,CLICHE,미용사 쪼그리고 있는 장면 진짜 폭력적이네ㅋㅋㅋㅋㅋㅋ,125,2026-06-29T08:12:02Z,29,241
UgwsZMo27ck1PlWHoOF4AaABAg,xKYey53VI1U,시라유키 히나,Shirayuki Hina,UNIVERSE,잡고있던 해둥이 냅다 발로 까는게 개웃기네ㅋㅋㅋ,123,2026-07-12T06:10:44Z,26,242
UgxqRMIj8DvvYT2Nenp4AaABAg,y1nUYj_D1Es,아오쿠모 린,Aokumo Rin,CLICHE,평생 요루시카만 보며 살아온 파스텔은 그렇게 성불하고 마는데...,122,2026-06-28T10:11:09Z,36,243
UgzhdZ7bo0RoBXRe5pF4AaABAg,UiYVtkyveYA,텐코 시부키,Tenko Shibuki,CLICHE,아무래도 일방적 딜교 겨드랑이 당한거죠 아무래도,119,2026-07-09T08:27:16Z,26,244
UgxdwGvC8oiw460X3iJ4AaABAg,3Y7Ek6YSGPE,아카네 리제,Akane Lize,UNIVERSE,와 일러도 레전드고 노래도 레전드고 그냥 이번거도 레전드다 갓리제,118,2026-07-04T12:17:08Z,36,245
UgyNjN99aSIKAe9xQwp4AaABAg,yY_Al_ZYnvA,네네코 마시로,Neneko Mashiro,UNIVERSE,2:56 존나 귀여워서 웃음을 참지 못했다,118,2026-07-05T08:49:10Z,23,246
UgxGULih2kpj6h8pTdN4AaABAg,1tnc3DNZfoc,아야츠노 유니,Ayatsuno Yuni,EVERYS,유니는 사실 치어리더가 보고 싶은 거 아닐까?,115,2026-06-16T10:09:32Z,25,247
UgxjpMhlgMvP_ibCnJN4AaABAg,egoTEH8teX0,아야츠노 유니,Ayatsuno Yuni,EVERYS,"일어났는데 유니가 깨워주고 있으면
일어났어도 자는척 해야지 음음",114,2026-07-09T23:42:18Z,35,248
Ugyb_MSG3W8lbyuDTuZ4AaABAg,wO7pHjlBdz4,텐코 시부키,Tenko Shibuki,CLICHE,고맙다 리제야 ㅋㅋㅋㅋㅋ,112,2026-07-24T08:19:00Z,13,249
Ugxzgsoc8b5FqS8tvft4AaABAg,y1nUYj_D1Es,아오쿠모 린,Aokumo Rin,CLICHE,"물떼새 스텔중에 커버해주면 좋겠다는 생각을 했었는데  내 최애가 커버 해준다니 감사합니다 성불할게요

이제 봤는데 3:39 여기에 꺾기? 뭐지 너무 좋은데",110,2026-06-28T07:38:25Z,86,250
UgwAcvo5c1dCFIwLcEB4AaABAg,D9OEykMduEU,아카네 리제,Akane Lize,UNIVERSE,이게 정녕 오늘 콘서트 하는 사람이냐,108,2026-07-11T06:54:23Z,20,251
UgzXYsin_1RoWf-a7CN4AaABAg,lR8FEwEnuqk,시라유키 히나,Shirayuki Hina,UNIVERSE,공주가 멍 안해주니까 자기가 멍! 하는게 진짜 웃기네ㅋㅋㅋㅋ,107,2026-07-15T06:25:28Z,33,252
UgzWLatvTCf6buEmA7F4AaABAg,VITNdv2ZywY,사키하네 후야,Sakihane Huya,EVERYS,"노래 가사가 생일 까먹었네 이 가사여서 뭔가 오늘이랑 딱 어울리네요 ㅋㅋ
재밌는 하루 기억에 새기고 즐겁게 앞으로도 같이 보내봐요!! 행복한 하루에요~",106,2026-07-07T11:37:02Z,84,253
Ugz9ZDEhx2C44xoGMKd4AaABAg,lR8FEwEnuqk,시라유키 히나,Shirayuki Hina,UNIVERSE,침맞으러 마하9속도로 달리는 해둥이 뭐냐고 ㅋㅋㅋㅋㅋ,100,2026-07-15T07:19:28Z,29,254
Ugx2GaIi2OYMqjjzWPl4AaABAg,3Y7Ek6YSGPE,아카네 리제,Akane Lize,UNIVERSE,같이보기를 보고 녹음한걸까? 우연의 일치일까? 😂,100,2026-07-05T00:51:13Z,27,255
UgwVXcdhsYndNBR0AGd4AaABAg,IVDQWVfrKwA,사키하네 후야,Sakihane Huya,EVERYS,강지 : 머라 중얼 거리는거야,100,2026-07-01T03:36:55Z,16,256
UgxT5TodEA4dNjjZ--d4AaABAg,jvZRK7W7S9Y,하나코 나나,Hanako Nana,CLICHE,진짜 1:59 여기 기타 넣은놈 누군진 몰라도 노벨상 두세개 정도만 줘라,99,2026-07-29T15:17:19Z,40,257
Ugw7-hDq9NfxP74kmYV4AaABAg,egoTEH8teX0,아야츠노 유니,Ayatsuno Yuni,EVERYS,당장 설명란만 들어가봐도 누가 그렸고 무엇을 참고했다 쓰여있는데 관계 없는 사람 얘기만 하고있으니 유니도 섭섭하겠다,99,2026-07-13T20:03:49Z,64,258
UgwAWOyNC4TjDbEJzmN4AaABAg,Uuf2oipmXHg,텐코 시부키,Tenko Shibuki,CLICHE,서로가 서로에게 귀여운 상황,99,2026-07-11T07:13:01Z,15,259
UgxtqcgMm8NB2P-kXOZ4AaABAg,nsZmnwC9ukE,텐코 시부키,Tenko Shibuki,CLICHE,0:58 순간 꼬리 겁나 커진줄 알았다,98,2026-07-25T11:26:36Z,21,260
Ugzoqc7XEQ5Pz6cfKzt4AaABAg,aUVF5Tw9lz4,하나코 나나,Hanako Nana,CLICHE,그림체 보자마자 터졌네 습박 ㅋㅋㅋㅋㅋㅋㅋㅋㅋㅋ 거참 띨빵하게도 생겼네,96,2026-07-08T08:30:46Z,39,261
UgwWPWdYXtfDkH31hkl4AaABAg,NMqafFZBz30,아오쿠모 린,Aokumo Rin,CLICHE,정보 : 해당 야랄의 원본은 영화 ’아이스 에이지‘(원피스 아님)에 나오는 땅늘보들이 모여 야랄을 하는 장면에서 기인했습니다.,95,2026-07-26T09:04:29Z,70,262
Ugw7GPVY_ebDUruJHFJ4AaABAg,KxG2L57W0SQ,아라하시 타비,Arahashi Tabi,UNIVERSE,저 통통튀는 타비가 개쳐열받네 ㅌㅌㅋㅋㅋㅋ,95,2026-06-29T03:47:28Z,23,263
UgwJXjwdARLx6RJiwMp4AaABAg,1tnc3DNZfoc,아야츠노 유니,Ayatsuno Yuni,EVERYS,"초보 : 아 롯데 자이언츠 응원하는 구나
고수 : 지바롯데 응원하는구나!!",93,2026-06-16T11:54:27Z,41,264
Ugx3PsQTCpKPnmDzIPZ4AaABAg,w16uoVZpKqY,사키하네 후야,Sakihane Huya,EVERYS,통통꼬리 살랑거리면서 폴짝폴짝 튀는 것 뿐이지만 나의 수십분이 사라젔다…,93,2026-07-28T22:26:28Z,40,265
UgzJQezCQdd7O_vW9dt4AaABAg,HbH5LgxkSm4,아라하시 타비,Arahashi Tabi,UNIVERSE,꿍싯꿍싯하면서 바보털 흔들리는 거에 자꾸 눈이 가네 ㅋㅋ,93,2026-07-15T04:21:03Z,31,266
UgysRFRLZoBLPW76rhh4AaABAg,KxG2L57W0SQ,아라하시 타비,Arahashi Tabi,UNIVERSE,세상에 내가 모르는 야랄유토피아가 있어서 이런게 계속 나오는거임..? 대체 무슨..,91,2026-06-29T03:47:49Z,46,267
Ugw9aOuFMPrbnccf0014AaABAg,3Y7Ek6YSGPE,아카네 리제,Akane Lize,UNIVERSE,아 청록이 '청록색'이 아니라 '청'(Blue) '록'(Rock) 이였구나,91,2026-07-05T05:40:05Z,41,268
UgzlHZduiAlv0p6Am-Z4AaABAg,I88_TyumGqQ,아오쿠모 린,Aokumo Rin,CLICHE,린 오리곡이 진심 중독성이 오짐ㅋㅋㅋㅋ,89,2026-07-28T08:13:49Z,21,269
Ugws6zV6Md-ZdiAnz-V4AaABAg,lR8FEwEnuqk,시라유키 히나,Shirayuki Hina,UNIVERSE,ㅋㅋㅋㅋㅋㅋㅋㅋ 진짜 딱 저모습이었을거 같아서 웃기네요,89,2026-07-15T06:19:06Z,30,270
UgzSd4Y1_PoUxOZJH4R4AaABAg,UoeqQ79OhJk,하나코 나나,Hanako Nana,CLICHE,진짜 존나귀여우면 페추,88,2026-07-11T09:49:24Z,12,271
Ugyt6p9hlWr6yUIggJl4AaABAg,y1nUYj_D1Es,아오쿠모 린,Aokumo Rin,CLICHE,3:38 욘~데이루➡️↗️⤵️↗️⤵️,83,2026-06-28T08:49:58Z,20,272
Ugxi2PHH_X1M22j5FFR4AaABAg,1tnc3DNZfoc,아야츠노 유니,Ayatsuno Yuni,EVERYS,여러사람 난리나는 주제를 갑자기 ㅋㅋㅋㅋㅋㅋ 사람들 카페에 글 올린거 넘 웃겼음 월드컵이랑,83,2026-06-16T09:10:25Z,50,273
Ugw7jF6HS1fOZLuiSKF4AaABAg,aUVF5Tw9lz4,하나코 나나,Hanako Nana,CLICHE,마지막 린 비명이 젤 웃기네 ㅋㅋㅋㅋ,82,2026-07-08T08:35:12Z,20,274
UgzArZ9XZKu22vDWQoh4AaABAg,VITNdv2ZywY,사키하네 후야,Sakihane Huya,EVERYS,"후야의 첫번째 생일을 함께 축하 할 수 있어서 정말 다행이야.
이 첫번째 걸음이 앞으로도 계속해서 걸을 수 있었으면 좋겠어
생일 축하해 우리곁에 와줘서 고마워",81,2026-07-07T11:34:34Z,88,275
UgxEDtRxU961ugJ4nFV4AaABAg,FFe9FMdemO8,시라유키 히나,Shirayuki Hina,UNIVERSE,이야 영입성공이다 ㅋㅋㅋ 찰떡이네 ㅋㅋ,81,2026-06-16T05:12:57Z,21,276
UgwPQkcr7hqLVEIx8rd4AaABAg,f7uaxrWNIdE,네네코 마시로,Neneko Mashiro,UNIVERSE,시로 다운 정말 귀여운 노래의 선곡이네요. 3주년 너무 축하드립니다🎉🎉🎉,80,2026-06-10T13:38:34Z,40,277
Ugz0W6JECA_8WeaePgJ4AaABAg,FFe9FMdemO8,시라유키 히나,Shirayuki Hina,UNIVERSE,아아- 모르는건가.. 저 춤은 우마루 춤이라고 한다..,77,2026-06-16T06:07:35Z,30,278
Ugwc-Lr7eR78AgFExKZ4AaABAg,_w7V7MgoTR8,시라유키 히나,Shirayuki Hina,UNIVERSE,갸루가 이렇게 청초할 리 없어,77,2026-06-11T08:56:24Z,16,279
UgzIEmye-4G4L1ZzcKB4AaABAg,yqkYpiIwYl0,아라하시 타비,Arahashi Tabi,UNIVERSE,소원 들어주실 때까지 숨 참겠습니다,76,2026-07-04T05:18:01Z,19,280
UgzsMMuyZ_FEDqe0WoZ4AaABAg,xKYey53VI1U,시라유키 히나,Shirayuki Hina,UNIVERSE,해둥이 발길질 당한거 가엾어ㅠㅠ,76,2026-07-12T05:03:49Z,17,281
UgzxLrI3iDOKQ5Gpxi54AaABAg,I88_TyumGqQ,아오쿠모 린,Aokumo Rin,CLICHE,아아 살짝 미칠수가 없는데요,76,2026-07-28T11:29:58Z,15,282
UgxZY2Do8bB9XGDKLSx4AaABAg,lR8FEwEnuqk,시라유키 히나,Shirayuki Hina,UNIVERSE,어떻게 반려견마저 방송천재인것이냐 정히나…!,75,2026-07-15T06:46:51Z,24,283
Ugwq9w2AyvoFqijwNhJ4AaABAg,eeDdzUFGfcU,네네코 마시로,Neneko Mashiro,UNIVERSE,누가 이렇게 귀엽나 했는데 시로였네 진짜 개쳐귀여움 ㅠ,73,2026-07-07T10:54:56Z,30,284
UgzKmOIM75t6aFDDwRp4AaABAg,bHeNo0qY2iI,하나코 나나,Hanako Nana,CLICHE,자꾸 테토녀 테토녀 하니까 진짜 테토가 되셨군요 나나님,73,2026-06-29T08:52:26Z,30,285
Ugy06lYgKgi62QxEGY14AaABAg,1tnc3DNZfoc,아야츠노 유니,Ayatsuno Yuni,EVERYS,"두산 소개하시는분 영업 못하시네
망곰이 콜라보 굿즈를 보여주셔야지",71,2026-06-16T10:39:23Z,36,286
UgzAOMUvyJzjg4jwiv94AaABAg,ZYSQLv_L26Y,아오쿠모 린,Aokumo Rin,CLICHE,"7월 27일에 군입대했습니다 솔직히 막막했는데 최애의 노래가 입대곡이라고 생각하니 버틸 수 있을 것 같습니다 정말 감사합니다 
노래가 진짜 너무 좋습니다 군 복무 기간 동안 이 노래 들으면서 버티겠습니다

스텔라이브 화이팅!!",71,2026-08-01T05:09:46Z,126,287
UgxlO2OuXV0-A-_yGwl4AaABAg,lR8FEwEnuqk,시라유키 히나,Shirayuki Hina,UNIVERSE,공주가 주인닮아 방송감이 넘치네~ ㅋㅋㅋㅋ,71,2026-07-15T06:16:15Z,23,288
UgzopLb1sta54B7-NgR4AaABAg,jeft__9y7ik,사키하네 후야,Sakihane Huya,EVERYS,???: 그대는 모라시티의 절대악에 관한 이야기를 알고있나? 그녀는 머리큰 조수와 함깨 도시를 하나의 예술 작품으로 만들려고 했지. 간악한 경찰들도 막을수도 없던 절대악을 우리는 숭배해야 되!,71,2026-07-21T22:10:21Z,107,289
UgwIabITDNg9KFb1psd4AaABAg,yY_Al_ZYnvA,네네코 마시로,Neneko Mashiro,UNIVERSE,빙하기에 이런 특식이.. 맛있게 먹겠습니다,70,2026-07-05T08:45:08Z,23,290
UgxFPnZKvxRTHhJBbz94AaABAg,f7uaxrWNIdE,네네코 마시로,Neneko Mashiro,UNIVERSE,노래들으려고 왔는데 밑에 있던 애개뤼 쩌ㅓㅓ억 보고 겁나 웃었네 ㅋㅋ,69,2026-06-10T14:43:17Z,38,291
Ugzd9rBjvPQ_9Dq0D354AaABAg,IVDQWVfrKwA,사키하네 후야,Sakihane Huya,EVERYS,사장도 못막는 마룡 ㄷㄷ,69,2026-06-30T22:33:55Z,13,292
UgwIfSaZyOie6JX35gZ4AaABAg,GiaDQPVBDsM,아야츠노 유니,Ayatsuno Yuni,EVERYS,뭐냐! 또 누굴 납치한게냐! 이 귀여운 움직임은!,66,2026-07-24T09:25:11Z,27,293
UgxUqFiZXOIisyulTOR4AaABAg,KxG2L57W0SQ,아라하시 타비,Arahashi Tabi,UNIVERSE,돌아왔구나 정타비,66,2026-06-29T03:50:08Z,9,294
Ugzl6WoKlalwaO-cQuJ4AaABAg,IVDQWVfrKwA,사키하네 후야,Sakihane Huya,EVERYS,아가들이 서로 아가로 보는게 진짜 귀여워요!,64,2026-06-30T22:27:35Z,24,295
UgyJ5NmUI72VATRkzlR4AaABAg,y1nUYj_D1Es,아오쿠모 린,Aokumo Rin,CLICHE,진짜 저음이 너무 매력적이다 이렇게 저음 매력적인 여자 뇨?봇 처음봄….,60,2026-06-28T08:17:35Z,40,296
Ugyh0Y8IfFCspbvVPnV4AaABAg,_w7V7MgoTR8,시라유키 히나,Shirayuki Hina,UNIVERSE,"입 열기전: 갸루+청초 GOAT 시라유키 히나
입을 열면: 정히나..",59,2026-06-11T15:07:26Z,38,297
UgxIkcB5egyrsRQYa1h4AaABAg,xKYey53VI1U,시라유키 히나,Shirayuki Hina,UNIVERSE,"친밀도는 싸우다 져서 기절하면 깎인다고 ㅋㅋㅋ
성능이 있어야 안 쓰러지고 친밀도가 쌓일 거 아냐!! ㅋㅋㅋㅋ",58,2026-07-12T05:05:09Z,60,298
UgxS0fSj2FeSpAJcQup4AaABAg,_w7V7MgoTR8,시라유키 히나,Shirayuki Hina,UNIVERSE,와 시라유키씨가 오셨네 ㄷㄷ 청순해서 코피 2번터졌습니다,57,2026-06-11T05:57:47Z,31,299
UgwFDdAej38AI5Eo6z54AaABAg,IVDQWVfrKwA,사키하네 후야,Sakihane Huya,EVERYS,마룡이 하늘에 서겠다,54,2026-06-30T22:47:28Z,11,300
Ugzb8QqPKmDyLJV4Dkl4AaABAg,yqkYpiIwYl0,아라하시 타비,Arahashi Tabi,UNIVERSE,신의상 나온지 얼마 안 지났는데 벌써 비키니 예고를 캬 대타비,53,2026-07-04T08:19:18Z,34,301
UgzkpRt-bQlTQJpzzTN4AaABAg,yY_Al_ZYnvA,네네코 마시로,Neneko Mashiro,UNIVERSE,"영상 흐름이 진짜 스텔 멤버들 공식 유튜브 중 가장 수준급인듯
진짜 감탄만나온다",52,2026-07-05T16:26:09Z,44,302
UgwSny3-B6CpvrBT2gV4AaABAg,VITNdv2ZywY,사키하네 후야,Sakihane Huya,EVERYS,0:06 순간 뭐 나왔다가 사라지길래 봤더니 어김없이 그 긴거...,51,2026-07-07T14:54:45Z,37,303
UgxULVORinPW2tKfbgZ4AaABAg,KxG2L57W0SQ,아라하시 타비,Arahashi Tabi,UNIVERSE,야르송 처음봤을때 타비가 생각났다면 믿어줄래?,49,2026-06-29T07:16:04Z,25,304
UgyQqE2Ix0fGd3x3IwZ4AaABAg,eeDdzUFGfcU,네네코 마시로,Neneko Mashiro,UNIVERSE,고양이가 울지도 않고 귀엽게 춤도 잘추네,49,2026-07-07T10:38:45Z,22,305
UgzbwoR1P72sUNmCt9N4AaABAg,KxG2L57W0SQ,아라하시 타비,Arahashi Tabi,UNIVERSE,야랄은 역시 정타비,49,2026-06-29T03:55:46Z,10,306
UgxKFQ2kvqjh2vwQhP94AaABAg,bHeNo0qY2iI,하나코 나나,Hanako Nana,CLICHE,이젠 드릴로 주파수를 맞추네 ㅋㅋㅋ,48,2026-06-29T08:02:37Z,19,307
UgyrL4N7iJg4RpfUAkN4AaABAg,jvZRK7W7S9Y,하나코 나나,Hanako Nana,CLICHE,요런 재즈가 베이스인 스텔 노래 더 없나..? ㅈㄴ 좋다,44,2026-07-27T06:18:35Z,31,308
UgxQFaLop9dbGrhkpxl4AaABAg,jeft__9y7ik,사키하네 후야,Sakihane Huya,EVERYS,빅헤드 개귀엽네 ㅋㅋㅋㅋ 머리 복복 하고싶다,43,2026-07-21T23:07:13Z,24,309
Ugy3pTomYExSOblXcDJ4AaABAg,jeft__9y7ik,사키하네 후야,Sakihane Huya,EVERYS,'예술은 쓰레기다',42,2026-07-21T22:30:46Z,10,310
Ugwd_EbSEwAyTHS_pXR4AaABAg,IVDQWVfrKwA,사키하네 후야,Sakihane Huya,EVERYS,역시 2천살 강도단 ㅋㅋㅋㅋㅋㅋㅋㅋㅋㅋㅋ,42,2026-07-01T01:22:50Z,22,311
UgzdhvRZLKjZwFG-00B4AaABAg,UoeqQ79OhJk,하나코 나나,Hanako Nana,CLICHE,진짜 개개개개개쳐귀엽네,40,2026-07-11T06:28:34Z,12,312
Ugx-1VQcmuB-HhqqDGN4AaABAg,eeDdzUFGfcU,네네코 마시로,Neneko Mashiro,UNIVERSE,꼬리 살랑살랑 진짜 귀여웠는데 이렇게 다시 볼 수 있으니 넘 좋다,39,2026-07-07T11:21:32Z,36,313
UgxKB3jy-2NFL-lgfh54AaABAg,jvZRK7W7S9Y,하나코 나나,Hanako Nana,CLICHE,어떻게 첫 오리지널 곡인데 재즈 심지어 템포도 빠르고 곡에 분위기 변화도 엄청 빠르고 다양한데 이렇게 잘소화를 한다고?? 나나는 확실하다... 2:10 그리거 여기 섹션 미텼다...,38,2026-07-27T02:06:43Z,101,314
Ugw8vqWGz_PGYr4igQ94AaABAg,aUVF5Tw9lz4,하나코 나나,Hanako Nana,CLICHE,난 왜 이 그림체 보면 웃음부터 나오지? ㅋㅋㅋㅋㅋㅋㅋㅋㅋㅋㅋㅋㅋ,38,2026-07-08T10:53:20Z,36,315
Ugw-rojhCCZitWE3JUx4AaABAg,f7uaxrWNIdE,네네코 마시로,Neneko Mashiro,UNIVERSE,1:03 와…찌로야 어흐…너무 좋다 진짜로 사랑한다❤,37,2026-06-10T13:28:31Z,29,316
UgwUtn420--W_7LRbIR4AaABAg,yY_Al_ZYnvA,네네코 마시로,Neneko Mashiro,UNIVERSE,3:04 아 난 찌그러지는게 왤케 좋지 ㅋㅋㅋ,36,2026-07-05T09:58:36Z,25,317
UgxKIFJltx0terLdQ4h4AaABAg,jMPJW2JNc9M,네네코 마시로,Neneko Mashiro,UNIVERSE,뭐지 이 귀여운 생명체는,36,2026-06-01T06:26:08Z,13,318
Ugz8pTedXF7EVqHUMzB4AaABAg,IVDQWVfrKwA,사키하네 후야,Sakihane Huya,EVERYS,후야 할 거 다하고 그런 말하면 안돼요~~ 하는게 ㅈㄴ 웃김ㅋㅋㅋ그런김에 또 못참겠다 강아가 arrrrrrrr,35,2026-07-01T04:03:22Z,61,319
UgyXkHeUvs7TC9rAH9B4AaABAg,yY_Al_ZYnvA,네네코 마시로,Neneko Mashiro,UNIVERSE,1:31 매력점,32,2026-07-05T08:44:43Z,8,320
Ugwx1oG3AVGifyB0UpF4AaABAg,aUVF5Tw9lz4,하나코 나나,Hanako Nana,CLICHE,안산식 도수치료 ㄷㄷ,32,2026-07-08T08:19:08Z,11,321
UgxsT1wlxDWiXL2A0554AaABAg,IVDQWVfrKwA,사키하네 후야,Sakihane Huya,EVERYS,강지 후야랑 있으면 진짜 친구같긴 함 사장님에서 살짝 내려옴,31,2026-07-01T11:56:04Z,33,322
UgxB9EDEDPRvlMc-2814AaABAg,aUVF5Tw9lz4,하나코 나나,Hanako Nana,CLICHE,나나 고양이냐고 ㅋㅋㅋㅋ 허리만 길어졌자나,30,2026-07-08T08:05:21Z,23,323
UgyHva8A8eZxNHx56MN4AaABAg,jMPJW2JNc9M,네네코 마시로,Neneko Mashiro,UNIVERSE,첨에 비장한 표정 ㅋㅋㅋㅋㅋㅋ,30,2026-06-01T06:19:38Z,16,324
Ugy3CSmquNGH-hbQBQR4AaABAg,VITNdv2ZywY,사키하네 후야,Sakihane Huya,EVERYS,ㅎㅎㅎ 후야는 노래 부를 때 또박또박 야무지게 잘 불러서 너무 귀여움,30,2026-07-08T15:31:18Z,38,325
UgxaFgCP3lWi16zBe9h4AaABAg,jMPJW2JNc9M,네네코 마시로,Neneko Mashiro,UNIVERSE,고양이가 쩜푸! 쩜푸!! 하는 것 같아서 진짜 밍쳐귀엽네ㅋㅋㅋㅋㅋㅋㅋ,29,2026-06-01T05:53:46Z,38,326
Ugxcwe14E0nJtVndcax4AaABAg,yY_Al_ZYnvA,네네코 마시로,Neneko Mashiro,UNIVERSE,2:43 누나 나죽어,29,2026-07-05T09:47:33Z,11,327
UgzjYzPMtu1QAZHsHXx4AaABAg,f7uaxrWNIdE,네네코 마시로,Neneko Mashiro,UNIVERSE,"찌로님 3주년 축하해요~~🎉
악마가 아닌걸도 너무 잘 듣고 있는데 
악마가 아닌걸 올라온지 얼마나 됐다고 이런 깜찍한 노래를~~~
다시 한번 3주년 축하하고 언제나 응원합니다! 밍!",27,2026-06-10T13:19:34Z,101,328
UgwF4GrzdzThWzpqKl14AaABAg,f7uaxrWNIdE,네네코 마시로,Neneko Mashiro,UNIVERSE,"우리가 변기에서 부터 3년을 봐왔다니 정말 놀랍구나
항상 귀여워서 우릴 웃게 해줘서 고마워🎉",24,2026-06-10T15:19:11Z,51,329
UgwWF0ou9Lgu0Zmham54AaABAg,yY_Al_ZYnvA,네네코 마시로,Neneko Mashiro,UNIVERSE,5:53 의도치 않았는데 사길 잘한 이유가 추가 됐다 🤔,23,2026-07-05T08:45:08Z,31,330
