video_id,clip_channel_id,clip_channel_title,source_member_ko,source_member_en,unit,title,published_at,views,likes,comments,clip_channel_subs
oCdyZbI0A8Q,UC9UgFPP93BRcjTlXQh039LQ,클립따는 유인원,강지,Kangji,STELLIVE,부키 알림을 강지가 해준다면?,2025-12-23T09:30:28Z,21577,330.0,9.0,10100
D59FPymJxdE,UCMQ2Enw82SclYZKenYfHU8g,스텔이즘,강지,Kangji,STELLIVE,사장님을 부르는 올바른? 방법 [타비] #스텔라이브 #키리누키 #버튜버,2026-08-01T01:00:32Z,15597,1363.0,22.0,1760
a9IBIsaJGnU,UCMQ2Enw82SclYZKenYfHU8g,스텔이즘,강지,Kangji,STELLIVE,복귀 방송 중 강지님 채팅에 울컥한 시부키 [부키] #스텔라이브 #버튜버 #키리누키 ,2026-05-09T22:45:00Z,65864,1382.0,88.0,1760
LhbCw8DdGAM,UCUabLHvc9nSaRnjppK5zepg,조선누룽지,강지,Kangji,STELLIVE,스텔라이브 사장 강지 키리누키 금지 논란 #버튜버 #vtuber,2024-12-30T04:36:51Z,2759,21.0,2.0,7560
-EFb61f63Ds,UC9UgFPP93BRcjTlXQh039LQ,클립따는 유인원,강지,Kangji,STELLIVE,강지 놀리다 사냥 당하는 부키,2025-05-29T09:00:01Z,37866,511.0,15.0,10100
Cc-kWVywrm4,UCMQ2Enw82SclYZKenYfHU8g,스텔이즘,강지,Kangji,STELLIVE,딸이 엄마를 닮았네요 [리코] #스텔라이브 #버튜버 #키리누키 #유즈하리코,2026-07-31T02:30:32Z,46889,1656.0,25.0,1760
a_coWdMf8hc,UCu68izFf9zJfLSEtC9-uuBg,스텔나스_팬채널,강지,Kangji,STELLIVE,사장님과 데이트에 신난 부키 [텐코시부키(w.강지)클립/배틀그라운드],2025-08-24T22:30:00Z,5053,,6.0,5280
VAitbyz7hyE,UCGfoXQT0l8YJA0gfZoJKlXQ,김천마 Gimcheonma Clip,강지,Kangji,STELLIVE,리제의 상상력에 경악을 금치 못하는 강지님 ㅋㅋㅋㅋㅋㅋㅋㅋㅋㅋㅋㅋㅋㅋㅋㅋㅋㅋㅋㅋ,2025-08-31T05:09:44Z,39923,760.0,33.0,4250
4H1H9l4Mgwg,UCz2Q-685x60KJt7oROyKU4w,클립시바견,강지,Kangji,STELLIVE,유니랑 차별하는 강지에 서운한 칸나,2023-05-31T10:30:03Z,37899,456.0,16.0,1200
u07DOvuBK7I,UCGNCf6ibX1HWndVRgiChpqw,트박스 Twitch clips box,강지,Kangji,STELLIVE,강지&amp;김블루 - &quot;강지님~ 어제 제 꿈 꾸었어요?&quot; 대본이 써놓고 ㅁㅇㅁㅇ 찍는 듯한 과몰입 우결 커플.. - [ 트박스 ] 샌드박스 트위치 핫클립,2018-12-01T01:00:08Z,1113492,14266.0,2108.0,166000
uCrrTRJ81UM,UCBeHATp3J7AlgvPH8EWsMlw,후야의 뿔피리,강지,Kangji,STELLIVE,닉네임 하나로 강지 시부키를 웃게 만든 후야 ㅋㅋㅋㅋ | 스텔라이브 클립,2025-11-21T22:27:04Z,192980,2838.0,123.0,2460
I_wF3ve_hLw,UCipNLkM6O2WcPPwOsUTXZDA,클립라이브 ClipLive,강지,Kangji,STELLIVE,타비 시청자 내꺼 하는 법,2024-01-14T01:53:54Z,568866,8054.0,69.0,843
9EpqekLLPH8,UCGNCf6ibX1HWndVRgiChpqw,트박스 Twitch clips box,강지,Kangji,STELLIVE,강지&amp;김블루 - &quot;강지 님은 이미 제 거잖아요~?&quot; 요즘 한창 물오른 이 커플 ㅁㅇㅁㅇ?! - [ 트박스 ] 샌드박스 트위치 핫클립,2018-11-10T01:00:00Z,899994,12133.0,2191.0,166000
ZFK0_sW8FZw,UCMQ2Enw82SclYZKenYfHU8g,스텔이즘,강지,Kangji,STELLIVE,"강지님한테 이상한거 배워온 리코 [리코,리제]     #스텔라이브 #vtuber #버튜버 #키리누키",2026-03-18T03:00:00Z,24846,798.0,18.0,1760
abealCMfa_8,UCU1-EdgAxmcj1HCu4bub9WQ,조선누룽지 NEWS Live,강지,Kangji,STELLIVE,강지의 스텔라이브 키리누키 정책이 문제가 되는 이유 #복구영상,2024-03-08T23:04:06Z,1422,12.0,3.0,2360
WT260DGPmRM,UC8lS0RitnJdDRGyRyibeYXw,이로이로_키리누키,아야츠노 유니,Ayatsuno Yuni,EVERYS,말 실수한 유니 #shorts #유니 #아야츠노유니,2024-02-15T11:55:50Z,1039344,14808.0,561.0,675
8_12jU8eM58,UC9UgFPP93BRcjTlXQh039LQ,클립따는 유인원,아야츠노 유니,Ayatsuno Yuni,EVERYS,키리누키 때문에 내 유튜브가 힘들다!!,2024-08-28T09:00:07Z,45537,775.0,117.0,10100
TsHww6gS-M0,UC9UgFPP93BRcjTlXQh039LQ,클립따는 유인원,아야츠노 유니,Ayatsuno Yuni,EVERYS,수상하게 &#39;열사&#39;가 많은 방송..,2025-04-12T09:00:49Z,437149,4905.0,236.0,10100
w_SK2Jxf9b0,UC--c7FfFKJIr1yP4FBH9eCQ,KR하꼬키리누키,아야츠노 유니,Ayatsuno Yuni,EVERYS,[아야츠노 유니] 유니유니야... 그거 물 맞아??,2023-02-10T19:37:42Z,5049,81.0,12.0,256
d5NHD9ZRN6k,UC2acHa6zvsnTo4P9OfNk4jQ,피엔나 소세지,아야츠노 유니,Ayatsuno Yuni,EVERYS,[유니 클립] 유니를 석방하라!,2026-05-07T10:02:37Z,7293,217.0,41.0,10100
hrRWanMFEOU,UCMQ2Enw82SclYZKenYfHU8g,스텔이즘,아야츠노 유니,Ayatsuno Yuni,EVERYS,찐목소리로 어머님을 부르는 부키 [시부키] #스텔라이브 #버튜버 #키리누키,2026-07-31T06:00:11Z,353005,13246.0,199.0,1760
7602xIRBdbQ,UCRipF7KE5WnUEteUfRiBffA,스텔라이브 팬클립,아야츠노 유니,Ayatsuno Yuni,EVERYS,[유니] 여자력에 대한 열등감이 폭발하는 유니,2026-01-05T09:15:02Z,64377,882.0,43.0,5980
1_YSsD0KpD4,UCl5zjkiU9-dQInzsKAmv8nw,버튜버 팬박스,아야츠노 유니,Ayatsuno Yuni,EVERYS,&#39;그 키리누키&#39;를 봐버린 유니,2023-02-09T18:41:44Z,186767,2738.0,91.0,29900
IF6_7iaC5-Q,UCaZe24DH7CJ_ZCtrXfQwNkg,버츄얼키리누키,아야츠노 유니,Ayatsuno Yuni,EVERYS,[아야츠노 유니] 파피 플레이타임 하는 유니,2023-02-04T03:54:25Z,1017,18.0,2.0,3660
hw3qzsMzy6M,UCf6RJz_2KJkGU4G8SxmPQPw,스텔라이브 키리누키 팬튜브,아야츠노 유니,Ayatsuno Yuni,EVERYS,스텔라이브 클래식면도 좋아하는 타비 #타비  #asmr  #취미,2026-07-30T22:00:39Z,7499,550.0,2.0,244
l0NXdwa7xUw,UC9UgFPP93BRcjTlXQh039LQ,클립따는 유인원,아야츠노 유니,Ayatsuno Yuni,EVERYS,일본 갔다 한국어 초기화 된 유니,2026-05-09T09:00:58Z,104205,2155.0,118.0,10100
2NYEdxSBb8c,UCRipF7KE5WnUEteUfRiBffA,스텔라이브 팬클립,아야츠노 유니,Ayatsuno Yuni,EVERYS,[유니] 매우 예의 바르게 오팬무를 말하는 시청자 #vtuber #브이튜버 #스텔라이브 #유니 #shorts,2025-09-27T02:55:43Z,306206,4273.0,47.0,5980
Y97TUNrbEDk,UCOmWo_jU2xHLl4NzdnBIwtg,민트숯불치킨,아야츠노 유니,Ayatsuno Yuni,EVERYS,전설의 유니 검색어 유출 사건 클립을 본 부키 ㅋㅋㅋㅋㅋ,2025-03-12T08:00:35Z,49201,873.0,40.0,30300
yibESvN47sc,UCTT1PoV8qhCMlG_gxwriLww,모듬클립,아야츠노 유니,Ayatsuno Yuni,EVERYS,진짜 어지러운 유니선배ㅋㅋㅋㅋ,2024-11-02T11:01:09Z,241598,3411.0,101.0,1230
ArJwEkbWrp4,UCEBJV6V99ZJn_BnfkAoMyBA,피엔나야 클립따줘,아야츠노 유니,Ayatsuno Yuni,EVERYS,유니 참치 발음 듣고 당황한 리제,2025-05-12T07:00:08Z,5192,125.0,11.0,5200
H5p2sNQHuno,UC8CspoD95Eon_mjg6fl2_sQ,타비 클립 창고,아야츠노 유니,Ayatsuno Yuni,EVERYS,테트리스 잘하는 상상조차 못하게 해서 그 긴거를 시전한 유니 [ 아야츠노 유니 ],2026-04-02T10:23:44Z,5987,104.0,17.0,5190
acsU3ct0dQE,UCINUfsSX2gwXHB_CcrueSrg,스텔클립클립,아야츠노 유니,Ayatsuno Yuni,EVERYS,전설의 1호선 빌런 영상을 보고 정신을 못 차리는 유니,2025-07-17T22:34:58Z,33262,497.0,40.0,5150
vxkACW8PjAc,UC2acHa6zvsnTo4P9OfNk4jQ,피엔나 소세지,아야츠노 유니,Ayatsuno Yuni,EVERYS,[유니 클립] 강아지라며!! 강아지라고 했잖아!!!,2026-05-18T12:40:06Z,117812,2001.0,384.0,10100
8cI93oVUoq0,UCNicQVuAQJYlCQKEw1TKn1A,けんき,아야츠노 유니,Ayatsuno Yuni,EVERYS,韓国の大手vtuberが無敵すぎて爆笑するけんき【純角ユニ/아야츠노 유니/しろまんた/ろぜっくぴん/かんせる/メーメントヴァニタス/望月ほぐの/けんき切り抜き/#MADTOWN GTA】,2025-10-12T06:30:05Z,231793,3520.0,327.0,561000
y5ofQs7VAfU,UCry-cqo_sdAyNLfaGI-__mA,StelLive切り抜き 翻訳チャンネル,아야츠노 유니,Ayatsuno Yuni,EVERYS,【純角ユニ】第一印象の破壊力が半端ないユニwwwww,2024-03-23T16:47:43Z,5024,74.0,0.0,350
lWPJ9FPM0DA,UCry-cqo_sdAyNLfaGI-__mA,StelLive切り抜き 翻訳チャンネル,아야츠노 유니,Ayatsuno Yuni,EVERYS,【純角ユニ】デビュー配信で潔すぎるユニwwwww #純角ユニ #ayatsuno #yuni #あやつのゆに #치지직 #stellive #아야츠노 #유니 #shorts,2024-03-25T15:04:52Z,13326,225.0,1.0,350
HOS7WWPEiW8,UCry-cqo_sdAyNLfaGI-__mA,StelLive切り抜き 翻訳チャンネル,아야츠노 유니,Ayatsuno Yuni,EVERYS,【純角ユニ】の煽りスキルがまじで良い【StelLive切り抜き】#純角ユニ #ayatsuno yuni #あやつのゆに #치지직 #stellive #아야츠노 유니 #유니 #shorts,2024-04-11T14:59:03Z,3927,62.0,0.0,350
7vBGCokkd_A,UCry-cqo_sdAyNLfaGI-__mA,StelLive切り抜き 翻訳チャンネル,아야츠노 유니,Ayatsuno Yuni,EVERYS,【純角ユニ】ユニが韓国語を教えてくれるらしい。【StelLive切り抜き】#純角ユニ #ayatsuno yuni #치지직 #stellive #아야츠노 유니 #유니 #shorts,2024-04-10T19:23:28Z,12451,314.0,4.0,350
RYzHBU-qzMU,UCxOe0PDvhNL6gmuzSO88Z7Q,すてら日和,아야츠노 유니,Ayatsuno Yuni,EVERYS,【純角ユニ】ユニ先生の楽しい日本語教室！【ステライブ切り抜き/日韓字幕】,2026-03-12T12:15:05Z,17486,474.0,116.0,4400
4x3MKZfRN6o,UCry-cqo_sdAyNLfaGI-__mA,StelLive切り抜き 翻訳チャンネル,아야츠노 유니,Ayatsuno Yuni,EVERYS,【純角ユニ】日本語で視聴者を尊ﾀﾋさせるユニww【StelLive切り抜き】#純角ユニ #ayatsunoyuni yuni #치지직 #stellive #아야츠노 유니 #유니 #shorts,2024-04-09T09:23:13Z,19987,567.0,14.0,350
Uchiz_t8Z4k,UCxOe0PDvhNL6gmuzSO88Z7Q,すてら日和,아야츠노 유니,Ayatsuno Yuni,EVERYS,【純角ユニ】とんかつへのこだわりを語るユニさんが可愛い【ステライブ切り抜き/日韓字幕】,2025-12-12T12:30:47Z,19912,416.0,102.0,4400
pZQ8N1SkDhk,UCxOe0PDvhNL6gmuzSO88Z7Q,すてら日和,아야츠노 유니,Ayatsuno Yuni,EVERYS,【純角ユニ】お刺身へのこだわりを語るユニさんが面白い！【ステライブ切り抜き/日韓字幕】,2025-12-29T12:31:19Z,4558,160.0,50.0,4400
kAwfvBg-2_U,UCry-cqo_sdAyNLfaGI-__mA,StelLive切り抜き 翻訳チャンネル,아야츠노 유니,Ayatsuno Yuni,EVERYS,【純角ユニ】4歳児の韓国語教室が色々おもしろいｗｗ【StelLive切り抜き】,2024-04-04T22:51:15Z,4010,86.0,3.0,350
dzc2sf5RdB8,UCry-cqo_sdAyNLfaGI-__mA,StelLive切り抜き 翻訳チャンネル,아야츠노 유니,Ayatsuno Yuni,EVERYS,【純角ユニ】華麗に銃を使いこなす4歳児！【StelLive切り抜き】,2024-03-23T17:41:58Z,760,18.0,1.0,350
jQAlX_BzHY0,UCry-cqo_sdAyNLfaGI-__mA,StelLive切り抜き 翻訳チャンネル,아야츠노 유니,Ayatsuno Yuni,EVERYS,【純角ユニ】デビュー配信で初々しいユニがかわいいｗｗ【StelLive切り抜き】,2024-03-20T16:43:46Z,5914,116.0,4.0,350
cbhPvxF5too,UCry-cqo_sdAyNLfaGI-__mA,StelLive切り抜き 翻訳チャンネル,아야츠노 유니,Ayatsuno Yuni,EVERYS,【純角ユニ】ヴァロで人生を満喫する？ #純角ユニ #ayatsunoyuni #あやつのゆに #치지직 #stellive #아야츠노유니 #유니 #valorant #shorts,2024-04-07T11:02:50Z,3222,58.0,0.0,350
sFLPFtnAY5I,UCxOe0PDvhNL6gmuzSO88Z7Q,すてら日和,아야츠노 유니,Ayatsuno Yuni,EVERYS,【純角ユニ / 咲羽 風夜】初コラボで日本の早口言葉に挑戦する二人が可愛すぎる【ステライブ切り抜き/日韓字幕】,2025-10-26T10:30:39Z,3139,96.0,20.0,4400
ED6QI3_fEng,UCBiATOGgCqf8uoFfX-pZ1gA,Yuuki【切り抜き】,아야츠노 유니,Ayatsuno Yuni,EVERYS,Kuromu超可愛韓文讓身為韓國人Yuni 直呼超可愛#vspo中文 #vspo精華 #vtuber中文 #vtuber精華  #夜乃くろむ #純角ユニ #ろぜっくぴん,2025-10-25T10:00:20Z,5916,533.0,6.0,12200
3htJcXnFknE,UCxOe0PDvhNL6gmuzSO88Z7Q,すてら日和,아야츠노 유니,Ayatsuno Yuni,EVERYS,【咲羽風夜 / 純角ユニ】日本の有名な焼きそばで盛り上がる二人が可愛い【ステライブ切り抜き/日韓字幕】,2026-01-23T12:43:23Z,2886,158.0,29.0,4400
3Hgg0DUXM8Y,UCPM2ejUGjA1m2E_Vf_UJrQw,Krypto137 - Indie vtuber clips,아야츠노 유니,Ayatsuno Yuni,EVERYS,When Ayatsuno Yuni took off her jacket,2022-09-13T23:11:41Z,2227,101.0,17.0,1600
quoWH0RekoM,UCxOe0PDvhNL6gmuzSO88Z7Q,すてら日和,아야츠노 유니,Ayatsuno Yuni,EVERYS,【純角ユニ / 咲羽 風夜】ダイヤを巡ってイチャイチャする二人が最高に可愛い【ステライブ切り抜き/日韓字幕】,2025-11-10T11:10:00Z,2631,104.0,13.0,4400
WiqKPYkSU6A,UC62Zg6_7T9QnEw51rWzMMhQ,후야의 컵라면,사키하네 후야,Sakihane Huya,EVERYS,[切り抜き]  StelLiveに新しい星が誕生しました！,2025-09-21T01:31:00Z,233,3.0,0.0,4
4nfTElQaRUc,UCxOe0PDvhNL6gmuzSO88Z7Q,すてら日和,사키하네 후야,Sakihane Huya,EVERYS,【咲羽 風夜】セカイのカバーに寄せられた日本からの反響を語るフヤさん【ステライブ切り抜き/日韓字幕】,2026-03-19T12:15:01Z,4716,211.0,20.0,4400
y-waPeneLc0,UC2irKUKeYTYXTougdFhzycA,ささやかな風夜の星,사키하네 후야,Sakihane Huya,EVERYS,"眞祖降臨,かっこよさ確定 [咲羽風夜 切り抜き]",2026-01-30T04:31:40Z,16,2.0,0.0,10
WEr-L-wKK6c,UCxOe0PDvhNL6gmuzSO88Z7Q,すてら日和,사키하네 후야,Sakihane Huya,EVERYS,【咲羽 風夜 / 柚葉莉子】クオリティの高いマイクラ声真似を披露して大爆笑する二人ww【ステライブ切り抜き/日韓字幕】,2025-11-19T11:10:02Z,1306,69.0,5.0,4400
Die4eYiy9ro,UCxOe0PDvhNL6gmuzSO88Z7Q,すてら日和,사키하네 후야,Sakihane Huya,EVERYS,【咲羽 風夜】ストッキングの話題に興奮を隠しきれない韓国の皆さん【ステライブ切り抜き/日韓字幕】,2025-12-21T12:30:06Z,3601,148.0,18.0,4400
SvknmsIKpzs,UC2irKUKeYTYXTougdFhzycA,ささやかな風夜の星,사키하네 후야,Sakihane Huya,EVERYS,二人でデート [咲羽風夜 切り抜き],2025-12-29T17:41:20Z,59,2.0,0.0,10
3m6jq_Sphjs,UCxOe0PDvhNL6gmuzSO88Z7Q,すてら日和,사키하네 후야,Sakihane Huya,EVERYS,風夜さんの膝を巡る3人の思惑が絶妙にすれ違っていて面白い！【ステライブ切り抜き/日韓字幕/白雪ひな・天狐紫吹・咲羽風夜】,2026-01-09T12:30:05Z,3207,132.0,15.0,4400
SDZKruUB5Cs,UC2irKUKeYTYXTougdFhzycA,ささやかな風夜の星,사키하네 후야,Sakihane Huya,EVERYS,ゼンゼロキャラ観察日記 [咲羽風夜 切り抜き],2026-01-06T18:38:26Z,19,0.0,0.0,10
CDVkGFo9dUw,UCxOe0PDvhNL6gmuzSO88Z7Q,すてら日和,사키하네 후야,Sakihane Huya,EVERYS,【咲羽 風夜】なぜか韓国ファンから&quot;最後の希望&quot;と呼ばれる風夜さんｗ【ステライブ切り抜き/日韓字幕】,2025-11-05T10:48:56Z,3253,138.0,19.0,4400
2xM9MZRJrlk,UCxOe0PDvhNL6gmuzSO88Z7Q,すてら日和,사키하네 후야,Sakihane Huya,EVERYS,【咲羽 風夜】「日本語、ここが難しい！」風夜さんの熱弁に思わず共感【ステライブ切り抜き/日韓字幕】,2025-11-02T11:15:00Z,963,44.0,1.0,4400
drN2uj35QWE,UCxOe0PDvhNL6gmuzSO88Z7Q,すてら日和,사키하네 후야,Sakihane Huya,EVERYS,【咲羽 風夜】&quot;鍛えられすぎた&quot;ファンの要望に圧倒されてしまうｗ【ステライブ切り抜き/日韓字幕】,2025-10-30T10:30:22Z,746,33.0,8.0,4400
JIrKDeRZ1yw,UCxOe0PDvhNL6gmuzSO88Z7Q,すてら日和,사키하네 후야,Sakihane Huya,EVERYS,【咲羽 風夜】いつか叶えたい夢の一つを教えてくれるフヤさん【ステライブ切り抜き/日韓字幕】,2026-04-15T12:00:38Z,1932,124.0,17.0,4400
KBdIizHnwH8,UCxOe0PDvhNL6gmuzSO88Z7Q,すてら日和,사키하네 후야,Sakihane Huya,EVERYS,【咲羽 風夜】推し活への感謝を伝える優しい女神フヤさん【ステライブ切り抜き/日韓字幕】,2026-04-01T12:15:03Z,2802,116.0,10.0,4400
oKudn29jtAk,UC2irKUKeYTYXTougdFhzycA,ささやかな風夜の星,사키하네 후야,Sakihane Huya,EVERYS,ふやは流暢な日本語実力の夢を見る [咲羽風夜 切り抜き],2025-11-17T20:14:23Z,137,8.0,4.0,10
nMgFfbpO98A,UC2irKUKeYTYXTougdFhzycA,ささやかな風夜の星,사키하네 후야,Sakihane Huya,EVERYS,まずいけど喉のケアをするふや　[咲羽風夜 切り抜き],2025-11-02T17:05:28Z,62,3.0,0.0,10
e7ij9qJ9B-g,UCxOe0PDvhNL6gmuzSO88Z7Q,すてら日和,사키하네 후야,Sakihane Huya,EVERYS,【咲羽 風夜】日本語の画期的な秘密に気づいて興奮するフヤさん【ステライブ切り抜き/日韓字幕】,2026-02-25T12:31:02Z,16447,550.0,94.0,4400
DnA-6PkQw5M,UCxOe0PDvhNL6gmuzSO88Z7Q,すてら日和,사키하네 후야,Sakihane Huya,EVERYS,【咲羽 風夜】韓国の抹茶スイーツと謎の「刻み青キノコ」ラーメンについて語る風夜さん【ステライブ切り抜き/日韓字幕】,2025-12-01T11:15:09Z,4853,188.0,23.0,4400
QjefkooPtyI,UCxOe0PDvhNL6gmuzSO88Z7Q,すてら日和,사키하네 후야,Sakihane Huya,EVERYS,【咲羽 風夜】つららと髪の毛が気になってしまうフヤさん【ステライブ切り抜き/日韓字幕】,2026-02-09T12:15:03Z,3069,133.0,14.0,4400
zr6oTd07kEo,UCxOe0PDvhNL6gmuzSO88Z7Q,すてら日和,사키하네 후야,Sakihane Huya,EVERYS,【咲羽 風夜】糖質を見てしまい、幸せな干し芋タイムが一瞬で崩れ去るフヤさん【ステライブ切り抜き/日韓字幕】,2026-06-19T12:05:38Z,13727,404.0,34.0,4400
jHLWWIdfCN0,UC2irKUKeYTYXTougdFhzycA,ささやかな風夜の星,사키하네 후야,Sakihane Huya,EVERYS,ぼっち風夜さんは集団生活が苦手だ [咲羽風夜 切り抜き],2025-12-22T22:53:06Z,106,2.0,2.0,10
TdfMi4h8_1I,UCxOe0PDvhNL6gmuzSO88Z7Q,すてら日和,사키하네 후야,Sakihane Huya,EVERYS,【咲羽 風夜】フヤさんのいつか叶えたい夢【ステライブ切り抜き/日韓字幕】,2026-07-07T12:05:22Z,1399,88.0,6.0,4400
TdNrwY63TjM,UCxOe0PDvhNL6gmuzSO88Z7Q,すてら日和,사키하네 후야,Sakihane Huya,EVERYS,【咲羽 風夜】ハンバーガーの悩みを語るフヤさん【ステライブ切り抜き/日韓字幕】,2026-05-27T12:00:06Z,3152,142.0,15.0,4400
tTXkdYO9IlY,UC2irKUKeYTYXTougdFhzycA,ささやかな風夜の星,사키하네 후야,Sakihane Huya,EVERYS,速すぎてパソコンが耐えられなかった　[咲羽風夜 切り抜き],2025-11-05T13:34:59Z,38,2.0,0.0,10
GbZTLTw8XtY,UC2irKUKeYTYXTougdFhzycA,ささやかな風夜の星,사키하네 후야,Sakihane Huya,EVERYS,🎄このクリスマス、いちばんかわいい動画🐰✨[咲羽風夜 切り抜き],2025-11-05T14:56:47Z,1666,19.0,0.0,10
62praehjZI0,UCzWokoAfINJ4fouvKpclz5Q,네코 시로,시라유키 히나,Shirayuki Hina,UNIVERSE,히나가 운영하는 키리누키 채널이 있다?!,2026-02-28T02:13:54Z,60497,1092.0,93.0,1620
6Mq2pfgxTMo,UC2acHa6zvsnTo4P9OfNk4jQ,피엔나 소세지,시라유키 히나,Shirayuki Hina,UNIVERSE,[히나 클립] 공업용 F 인정 못 해,2026-03-25T10:00:06Z,3769,97.0,12.0,10100
jtd5ecKyCI4,UCu68izFf9zJfLSEtC9-uuBg,스텔나스_팬채널,시라유키 히나,Shirayuki Hina,UNIVERSE,포탈 클립이 수출됐다는 소식을 들은 히나 [시라유키 히나 클립],2026-03-22T05:52:21Z,80305,,128.0,5280
OfpkKLSQbX4,UCGfoXQT0l8YJA0gfZoJKlXQ,김천마 Gimcheonma Clip,시라유키 히나,Shirayuki Hina,UNIVERSE,진짜 끝나버린 해평 ㅋㅋㅋㅋㅋㅋㅋㅋㅋㅋㅋㅋㅋㅋㅋㅋㅋㅋ,2025-10-27T07:50:00Z,29523,577.0,46.0,4250
hquAGAW4aDU,UCUX0sVHjvyeXBgIlKKSzN5Q,시로 캣타워,시라유키 히나,Shirayuki Hina,UNIVERSE,낯을 가리더라도 본능이... / 시라유키 히나 키리누키,2023-08-17T12:53:26Z,5789,99.0,5.0,3570
uEFVaKVW_gY,UC2acHa6zvsnTo4P9OfNk4jQ,피엔나 소세지,시라유키 히나,Shirayuki Hina,UNIVERSE,[히나 클립] 방송 한 번에는 방송 네 번만큼 명언이... [더보기],2026-03-17T04:30:38Z,10768,285.0,50.0,10100
FWKT58m7BhA,UCXJxEy7Wv6tGfmnwuZwCHwA,FTECLIP,시라유키 히나,Shirayuki Hina,UNIVERSE,검은색임 내가봤어 #vtuber #shorts #STELLIVE #버튜버 #히나,2025-10-19T03:00:17Z,459268,8362.0,173.0,6260
64NH-harav4,UC2acHa6zvsnTo4P9OfNk4jQ,피엔나 소세지,시라유키 히나,Shirayuki Hina,UNIVERSE,[히나 클립] 자주 보이는 팬들의 닉네임을 외우는 사람,2025-11-09T20:45:14Z,41823,855.0,99.0,10100
gehhneR0h_k,UC2acHa6zvsnTo4P9OfNk4jQ,피엔나 소세지,시라유키 히나,Shirayuki Hina,UNIVERSE,[히나 클립] 나 그래도 아이돌인데..,2024-08-09T07:16:55Z,172607,1685.0,95.0,10100
VweorIgIjLs,UCu68izFf9zJfLSEtC9-uuBg,스텔나스_팬채널,시라유키 히나,Shirayuki Hina,UNIVERSE,방송에서 두쫀쿠 냄새 맡는 히나 [시라유키 히나 클립],2026-02-23T00:11:51Z,2226,,7.0,5280
Hh6Kw-JXcj8,UCu68izFf9zJfLSEtC9-uuBg,스텔나스_팬채널,시라유키 히나,Shirayuki Hina,UNIVERSE,스피커가 고장난줄 알고 구매한 히나(w.에어컨) [시라유키 히나 클립],2026-03-18T06:24:25Z,4380,,23.0,5280
vNeTtbwKuY4,UC2acHa6zvsnTo4P9OfNk4jQ,피엔나 소세지,시라유키 히나,Shirayuki Hina,UNIVERSE,[히나 클립] 후배가 선물한 게임의 상태가 이상하다..,2025-06-08T04:53:14Z,23248,430.0,36.0,10100
yINE-r_tnbc,UCu68izFf9zJfLSEtC9-uuBg,스텔나스_팬채널,시라유키 히나,Shirayuki Hina,UNIVERSE,F호소인을 보는 F히나 [시라유키 히나(w.리제) 클립],2026-03-26T03:01:01Z,4062,,13.0,5280
wE8mJbwoL6E,UCu68izFf9zJfLSEtC9-uuBg,스텔나스_팬채널,시라유키 히나,Shirayuki Hina,UNIVERSE,만약 히나가 머머리가 된다면 해둥이들은 좋아해줄거야? 라고 묻는 히나 [시라유키 히나 클립],2026-04-23T14:51:31Z,2364,,8.0,5280
asiwh8SdTD4,UCqzw5-WH7iLU0-svf5-gyhw,레낭의 클립,시라유키 히나,Shirayuki Hina,UNIVERSE,[시라유키 히나] 心做し(마음짓기) Live Cover,2025-10-09T09:26:39Z,6937,118.0,1.0,133
H48icFG4NLY,UC2acHa6zvsnTo4P9OfNk4jQ,피엔나 소세지,시라유키 히나,Shirayuki Hina,UNIVERSE,[히나 클립] 수능 수학 1번 30분 동안 푸는 사람 (틀림),2025-11-16T07:19:34Z,38511,602.0,142.0,10100
XGY_N8A-Lzs,UCu68izFf9zJfLSEtC9-uuBg,스텔나스_팬채널,시라유키 히나,Shirayuki Hina,UNIVERSE,히나시로의 커플템(이였던것들) [시라유키 히나(w.시로) 클립],2026-04-02T23:52:06Z,2705,,5.0,5280
bFq2uZ2c_uU,UCxOe0PDvhNL6gmuzSO88Z7Q,すてら日和,시라유키 히나,Shirayuki Hina,UNIVERSE,【白雪ひな】エリートのはずが、ついに日本語の先生に真の姿がバレてしまう【ステライブ切り抜き/日韓字幕】,2025-12-08T11:30:39Z,3999,151.0,10.0,4400
I2Dk6GV1mHE,UCxOe0PDvhNL6gmuzSO88Z7Q,すてら日和,시라유키 히나,Shirayuki Hina,UNIVERSE,【白雪ひな】札幌旅行の思い出話をするひなさんが可愛い！【ステライブ切り抜き/日韓字幕】,2026-02-11T12:30:25Z,6119,278.0,35.0,4400
r4_5nwRY0og,UCxOe0PDvhNL6gmuzSO88Z7Q,すてら日和,시라유키 히나,Shirayuki Hina,UNIVERSE,【白雪ひな】日本語学習の成果と日本語を学ぶ理由【ステライブ切り抜き/日韓字幕】,2026-07-23T12:15:03Z,2998,128.0,6.0,4400
u-JqpVyzrDk,UCry-cqo_sdAyNLfaGI-__mA,StelLive切り抜き 翻訳チャンネル,시라유키 히나,Shirayuki Hina,UNIVERSE,【白雪ひな】初配信でいきなり脱ぎ始める！？【StelLive切り抜き】,2024-03-25T15:11:52Z,1089,17.0,0.0,350
y3SU7udBmDE,UCxOe0PDvhNL6gmuzSO88Z7Q,すてら日和,시라유키 히나,Shirayuki Hina,UNIVERSE,【白雪ひな】伏見稲荷大社の良いところを教えてくれるひなさん【ステライブ切り抜き/日韓字幕】,2026-05-19T12:05:01Z,1694,90.0,20.0,4400
yrhxQNxQ_LQ,UCxOe0PDvhNL6gmuzSO88Z7Q,すてら日和,시라유키 히나,Shirayuki Hina,UNIVERSE,【白雪ひな】日本語になると清楚になるひなさんが可愛い【ステライブ切り抜き/日韓字幕】,2026-01-27T12:31:20Z,4493,211.0,32.0,4400
aA_jasapoBs,UCxOe0PDvhNL6gmuzSO88Z7Q,すてら日和,시라유키 히나,Shirayuki Hina,UNIVERSE,【白雪ひな】さつまいもケーキが食べたい可愛いひなさん【ステライブ切り抜き/日韓字幕】,2026-03-04T12:30:00Z,2519,144.0,29.0,4400
c5hnl8gToLo,UCry-cqo_sdAyNLfaGI-__mA,StelLive切り抜き 翻訳チャンネル,시라유키 히나,Shirayuki Hina,UNIVERSE,【白雪ひな】社長の前で盛大にやらかす？【StelLive切り抜き】,2024-04-12T06:04:42Z,1002,43.0,1.0,350
ocbgdgApD1g,UCxOe0PDvhNL6gmuzSO88Z7Q,すてら日和,시라유키 히나,Shirayuki Hina,UNIVERSE,【白雪ひな】大学入試の日本語挑戦中にまさかの名言が飛び出す【ステライブ切り抜き/日韓字幕】,2025-11-26T12:31:26Z,41907,975.0,149.0,4400
uBLMUSq2Tw4,UCxOe0PDvhNL6gmuzSO88Z7Q,すてら日和,시라유키 히나,Shirayuki Hina,UNIVERSE,【白雪ひな】ボカロについて語るひなさんの笑顔と歌声が素敵【ステライブ切り抜き/日韓字幕】,2025-11-12T11:15:06Z,2796,108.0,8.0,4400
qsIlA6c-NBg,UCxOe0PDvhNL6gmuzSO88Z7Q,すてら日和,시라유키 히나,Shirayuki Hina,UNIVERSE,【白雪ひな】ポケモンの鳴き声を真似るひなさんが可愛い！【ステライブ切り抜き/日韓字幕】,2026-02-28T12:31:19Z,9451,272.0,27.0,4400
TNGo0fZiO0c,UCxOe0PDvhNL6gmuzSO88Z7Q,すてら日和,시라유키 히나,Shirayuki Hina,UNIVERSE,【白雪ひな】ピアノ弾き語りと日本でこっそり撮るVlogの話が可愛い！【ステライブ切り抜き/日韓字幕】,2026-01-06T11:15:05Z,3853,155.0,14.0,4400
SRdY4WALD4o,UCp5cDlDvsLUp6wjl4ELtmNw,논리폭탄 LogicBomb,시라유키 히나,Shirayuki Hina,UNIVERSE,라미와 루이가 그냥 꽁냥거릴 뿐인 클립 【홀로라이브 // 유키하나 라미 / 타카네 루이】,2022-04-25T18:37:03Z,12632,393.0,18.0,16500
zKX39NMnlHU,UC6lwhzvRhdVLrB8XHAavJ5Q,RIOT MUSIC Archive (Unofficial),시라유키 히나,Shirayuki Hina,UNIVERSE,[切り抜き] 心做し / 蝶々P - 白河しらせ,2023-07-04T18:16:53Z,148,5.0,1.0,768
0fSNQlkLKhk,UC3okuxcTRWiIZL_mc3OXfUg,버튜바삼각지대,시라유키 히나,Shirayuki Hina,UNIVERSE,&#39;무키로제 펀치&#39;【버튜바 삼각지대 V-Tuber 클립 #04】,2021-08-31T15:26:50Z,23885,474.0,59.0,6280
LdoQTLmOrIk,UCUX0sVHjvyeXBgIlKKSzN5Q,시로 캣타워,네네코 마시로,Neneko Mashiro,UNIVERSE,뭐부터 해줄까? / 네네코 마시로 키리누키,2023-07-16T14:17:42Z,4534,107.0,5.0,3570
uwGge3gLVvY,UCUX0sVHjvyeXBgIlKKSzN5Q,시로 캣타워,네네코 마시로,Neneko Mashiro,UNIVERSE,스텔라이브 멤버 흉내내는 맛시로 / 네네코 마시로 키리누키,2023-07-02T11:47:27Z,15929,303.0,7.0,3570
3T1MfKbmKds,UCUX0sVHjvyeXBgIlKKSzN5Q,시로 캣타워,네네코 마시로,Neneko Mashiro,UNIVERSE,요망한 고양이 메이드와 주인 타비 / 마시로 키리누키,2023-09-06T12:10:26Z,391892,9409.0,118.0,3570
mN9GEb7bmBo,UCUX0sVHjvyeXBgIlKKSzN5Q,시로 캣타워,네네코 마시로,Neneko Mashiro,UNIVERSE,회식 썰 푸는 고양이 / 네네코 마시로 키리누키,2023-07-17T12:38:30Z,20419,305.0,5.0,3570
NdivHc1eZ5s,UCUX0sVHjvyeXBgIlKKSzN5Q,시로 캣타워,네네코 마시로,Neneko Mashiro,UNIVERSE,내가 뉴스에?? (반응 영상) / 네네코 마시로 키리누키,2023-07-10T03:33:17Z,20169,352.0,10.0,3570
Xs9VkpjuM3M,UCUX0sVHjvyeXBgIlKKSzN5Q,시로 캣타워,네네코 마시로,Neneko Mashiro,UNIVERSE,불속성 효냥이 맛시로 / 네네코 마시로 키리누키,2023-07-12T14:19:27Z,1232,23.0,1.0,3570
yIV6j3Ahdwg,UCUX0sVHjvyeXBgIlKKSzN5Q,시로 캣타워,네네코 마시로,Neneko Mashiro,UNIVERSE,영안실 깜놀 모음집 / 네네코 마시로 키리누키,2023-07-31T09:36:00Z,5375,102.0,4.0,3570
0ceS2jPQwd8,UCUX0sVHjvyeXBgIlKKSzN5Q,시로 캣타워,네네코 마시로,Neneko Mashiro,UNIVERSE,강사장 무시??? / 네네코 마시로 키리누키,2023-06-23T08:36:32Z,3234,56.0,6.0,3570
oH9ht82iCZk,UCUX0sVHjvyeXBgIlKKSzN5Q,시로 캣타워,네네코 마시로,Neneko Mashiro,UNIVERSE,이 묶어버릴 놈아!! / 네네코 마시로 키리누키,2023-06-25T05:18:59Z,4460,77.0,6.0,3570
jgGYmey5Z4I,UChnbdHiRuV1Z7JaYsO688zA,키리누키 따는 도깨비,네네코 마시로,Neneko Mashiro,UNIVERSE,밍기뉴 게임중독자새끼 -1절 Cover 네네코 마시로,2023-06-24T11:55:00Z,59326,504.0,10.0,2380
_vlIckIbl2U,UCUX0sVHjvyeXBgIlKKSzN5Q,시로 캣타워,네네코 마시로,Neneko Mashiro,UNIVERSE,앞담하는 시로 / 네네코 마시로 키리누키,2023-08-16T13:46:24Z,4878,121.0,20.0,3570
uzlRXGOatNk,UCUX0sVHjvyeXBgIlKKSzN5Q,시로 캣타워,네네코 마시로,Neneko Mashiro,UNIVERSE,X믈리에 맛시로 / 네네코 마시로 키리누키,2023-08-18T12:14:34Z,6718,124.0,11.0,3570
7xJS3ebNPNw,UCUX0sVHjvyeXBgIlKKSzN5Q,시로 캣타워,네네코 마시로,Neneko Mashiro,UNIVERSE,내 성향이 이렇다고? / 네네코 마시로 키리누키,2023-08-07T10:00:28Z,2445,53.0,2.0,3570
y_WwUuCLPfg,UChnbdHiRuV1Z7JaYsO688zA,키리누키 따는 도깨비,네네코 마시로,Neneko Mashiro,UNIVERSE,밍기뉴 나의 모든 이들에게 - (Cover 네네코 마시로),2023-07-04T12:14:02Z,89412,590.0,13.0,2380
J_N-53iz_OE,UCPFpmk7n3VhxKfcu_0TGSiA,신조차모독하는사상최악의노래천재정나나,네네코 마시로,Neneko Mashiro,UNIVERSE,습박 중독성 미쳤지 [마시로 키리누키],2026-02-08T01:00:19Z,454,,4.0,1270
bOpxpYP0BKk,UCUX0sVHjvyeXBgIlKKSzN5Q,시로 캣타워,네네코 마시로,Neneko Mashiro,UNIVERSE,마시로 데뷔 방송 표정 모음／네네코 마시로 키리누키,2023-06-17T14:40:17Z,977,25.0,0.0,3570
XWEdVbA6UV4,UCUX0sVHjvyeXBgIlKKSzN5Q,시로 캣타워,네네코 마시로,Neneko Mashiro,UNIVERSE,잼민이에게 시비걸리는 시로 / 네네코 마시로 키리누키,2023-07-09T09:43:47Z,10979,134.0,4.0,3570
TWyEo-F-H9U,UCaZe24DH7CJ_ZCtrXfQwNkg,버츄얼키리누키,네네코 마시로,Neneko Mashiro,UNIVERSE,[네네코 마시로] 국기 맞히기 (다 틀림),2023-06-19T21:33:24Z,7692,121.0,5.0,3660
-1cplH9U67k,UCUX0sVHjvyeXBgIlKKSzN5Q,시로 캣타워,네네코 마시로,Neneko Mashiro,UNIVERSE,욕하는 시로도 매력있어 + 보너스 / 네네코 마시로 키리누키,2023-08-20T14:47:28Z,4696,117.0,25.0,3570
p52KG_otGMA,UCUX0sVHjvyeXBgIlKKSzN5Q,시로 캣타워,네네코 마시로,Neneko Mashiro,UNIVERSE,살쪘냐고 물어보는 시로 / 네네코 마시로 키리누키,2023-06-24T10:29:00Z,9914,196.0,8.0,3570
aTl-vPGEH4o,UCUX0sVHjvyeXBgIlKKSzN5Q,시로 캣타워,네네코 마시로,Neneko Mashiro,UNIVERSE,사투리 쓰는 시로 / 네네코 마시로 키리누키,2023-06-19T09:32:21Z,5750,82.0,6.0,3570
GCRHtzXemXU,UCUX0sVHjvyeXBgIlKKSzN5Q,시로 캣타워,네네코 마시로,Neneko Mashiro,UNIVERSE,내가 보려고 만든 마시로 깜놀 모음집 / 네네코 마시로 키리누키,2023-06-18T12:07:12Z,1377,35.0,2.0,3570
S-m-tOzc-aU,UCUX0sVHjvyeXBgIlKKSzN5Q,시로 캣타워,네네코 마시로,Neneko Mashiro,UNIVERSE,봇치 더 시로 / 네네코 마시로 키리누키,2023-08-26T12:08:13Z,13626,232.0,15.0,3570
vIdJqvEo_24,UCUX0sVHjvyeXBgIlKKSzN5Q,시로 캣타워,네네코 마시로,Neneko Mashiro,UNIVERSE,먹을 거 말하다가 배가 고파진 시로 / 네네코 마시로 키리누키,2023-06-28T10:45:19Z,8541,160.0,9.0,3570
LV4QDBBxTHU,UCUX0sVHjvyeXBgIlKKSzN5Q,시로 캣타워,네네코 마시로,Neneko Mashiro,UNIVERSE,마마 왜 자꾸 벗기려 해!! feat.그림 / 네네코 마시로 키리누키,2023-07-13T09:18:23Z,8464,137.0,9.0,3570
PiYid3gwMSU,UCUX0sVHjvyeXBgIlKKSzN5Q,시로 캣타워,네네코 마시로,Neneko Mashiro,UNIVERSE,강지의 취향을 듣는 2기생 멤버들 / 네네코 마시로 키리누키,2023-07-22T08:09:24Z,17085,238.0,14.0,3570
8Uh8rR5X_Xg,UCaZe24DH7CJ_ZCtrXfQwNkg,버츄얼키리누키,네네코 마시로,Neneko Mashiro,UNIVERSE,[네네코 마시로] 불가능한 미션,2023-06-21T23:00:06Z,18546,374.0,13.0,3660
M_jTwpauL_g,UCUX0sVHjvyeXBgIlKKSzN5Q,시로 캣타워,네네코 마시로,Neneko Mashiro,UNIVERSE,오케이걸 시로의 큰 결심 / 네네코 마시로 키리누키,2023-07-08T14:55:49Z,2850,42.0,2.0,3570
BdgH3zfsPWw,UCBIft6nnA6gQcvQbarJmeMQ,스텔누키,네네코 마시로,Neneko Mashiro,UNIVERSE,기다리다(아이유 ver) - 네네코 마시로 키리누키,2023-10-06T18:36:57Z,676,2.0,1.0,1
XSEhLKKhfOA,UCUX0sVHjvyeXBgIlKKSzN5Q,시로 캣타워,네네코 마시로,Neneko Mashiro,UNIVERSE,사장님 팀킬해버리는 시로 / 네네코 마시로 키리누키,2023-08-19T14:04:10Z,4469,66.0,4.0,3570
6klt-8p1ubU,UCMQ2Enw82SclYZKenYfHU8g,스텔이즘,네네코 마시로,Neneko Mashiro,UNIVERSE,귀여움라이팅 성공 [나나] #스텔라이브 #버튜버 #키리누키,2026-07-29T03:00:01Z,22232,2099.0,56.0,1760
YZ4ZSt5xD8o,UCfYkL2RQVvw5juuqTR0Btjw,꼬마 클립,네네코 마시로,Neneko Mashiro,UNIVERSE,[마시로 클립] 딸내미 보내는 어머니 마음,2024-05-16T14:00:25Z,98349,944.0,29.0,3730
mUaMPsdvO-E,UCfYkL2RQVvw5juuqTR0Btjw,꼬마 클립,네네코 마시로,Neneko Mashiro,UNIVERSE,[마시로 클립] 맛시로의 그림교실?,2023-09-25T14:00:36Z,8630,210.0,11.0,3730
EDQVJXVPfN4,UC2acHa6zvsnTo4P9OfNk4jQ,피엔나 소세지,네네코 마시로,Neneko Mashiro,UNIVERSE,[마시로 클립] 롤 모르는 사람이 봐도 재밌는 마시롤,2024-11-07T04:35:00Z,67025,1137.0,127.0,10100
fuedTKttPrU,UC2acHa6zvsnTo4P9OfNk4jQ,피엔나 소세지,네네코 마시로,Neneko Mashiro,UNIVERSE,[마시로 클립] 귀엽고 깜찍하게 일본어 공부! w/하나코 나나,2024-12-31T04:18:14Z,11076,296.0,28.0,10100
kEx3Niow9Ck,UCfYkL2RQVvw5juuqTR0Btjw,꼬마 클립,네네코 마시로,Neneko Mashiro,UNIVERSE,[마시로 클립] 마시로 방 매니저 달고 싶은 시라유키 히나ㅋㅋ,2024-02-21T13:30:21Z,10353,132.0,6.0,3730
rB2M4olHRUs,UC2acHa6zvsnTo4P9OfNk4jQ,피엔나 소세지,네네코 마시로,Neneko Mashiro,UNIVERSE,[스텔라이브 클립] 저희는 예뻐요,2024-10-11T23:19:33Z,422983,7510.0,271.0,10100
bfV6VWpWav0,UCBeHATp3J7AlgvPH8EWsMlw,후야의 뿔피리,네네코 마시로,Neneko Mashiro,UNIVERSE,밍 합창단을 만든 마시로 ㅋㅋㅋㅋㅋ | 네네코 마시로 클립,2025-11-28T03:55:47Z,10374,296.0,13.0,2460
Yedal3HiiQI,UCa3ZJe1WGlUcjROMB8K6ArQ,서트 클립 Surt Clip,네네코 마시로,Neneko Mashiro,UNIVERSE,서러움에 결국 울음이 터져버린 시로...,2023-10-04T05:24:54Z,420130,8142.0,280.0,4820
pUBr0OyqT2w,UCB7blLxNmAHbVhluiB86veg,시로잘봐,네네코 마시로,Neneko Mashiro,UNIVERSE,앨범 찢는 마시로 [시로 클립],2026-05-25T00:00:29Z,7332,,4.0,235
Bxdig0LbEyw,UCaZe24DH7CJ_ZCtrXfQwNkg,버츄얼키리누키,네네코 마시로,Neneko Mashiro,UNIVERSE,[네네코 마시로] 욕쟁이 고양이의 GTA,2023-07-05T21:05:31Z,5518,110.0,3.0,3660
45pDcC-v5yI,UCMVY3pc7_ls3VXtEOIafD9g,취미클립채널,네네코 마시로,Neneko Mashiro,UNIVERSE,착한(?) 유니콘과 울보 고양이 | 유니 시로 클립,2025-10-08T09:15:00Z,18729,360.0,,349
WQIflXAmdyA,UCfYkL2RQVvw5juuqTR0Btjw,꼬마 클립,네네코 마시로,Neneko Mashiro,UNIVERSE,[마시로 클립] 김말이~,2023-09-11T14:00:27Z,1763,41.0,4.0,3730
4324Qg0XW3U,UC2acHa6zvsnTo4P9OfNk4jQ,피엔나 소세지,네네코 마시로,Neneko Mashiro,UNIVERSE,[마시로 클립] 마 닥치라,2024-09-07T09:54:08Z,15554,234.0,14.0,10100
es2ouNNKcgQ,UC2acHa6zvsnTo4P9OfNk4jQ,피엔나 소세지,네네코 마시로,Neneko Mashiro,UNIVERSE,[마시로 클립] 도네 소리를 밍으로 바꿨더니 생긴 일,2025-03-28T00:57:39Z,36339,754.0,39.0,10100
NSweO8qOFoc,UCry-cqo_sdAyNLfaGI-__mA,StelLive切り抜き 翻訳チャンネル,네네코 마시로,Neneko Mashiro,UNIVERSE,【ねねこましろ】ギャグ線が高くてツッコミどころが多いｗｗｗ【StelLive 切り抜き】,2024-03-31T11:04:31Z,541,8.0,0.0,350
cpGfReGtAdA,UCfYkL2RQVvw5juuqTR0Btjw,꼬마 클립,네네코 마시로,Neneko Mashiro,UNIVERSE,[마시로 마인크래프트] 그냥 마시로가 하품하는 영상,2023-06-29T05:43:09Z,4049,79.0,6.0,3730
3VXVDiCvg-4,UCxOe0PDvhNL6gmuzSO88Z7Q,すてら日和,네네코 마시로,Neneko Mashiro,UNIVERSE,【ねねこましろ】SEKIROを独特の感性で楽しむましろさんが可愛い【ステライブ切り抜き/日韓字幕】,2026-01-16T11:15:00Z,3006,114.0,11.0,4400
dPpqkoQ7fAE,UCXJxEy7Wv6tGfmnwuZwCHwA,FTECLIP,네네코 마시로,Neneko Mashiro,UNIVERSE,16비트시로 #vtuber #shorts #STELLIVE #버튜버#마시로,2026-04-14T03:02:00Z,3158,691.0,12.0,6260
QHQyFgwtO2g,UCyTbsubNhFMPixcxkHabhdA,도시락,네네코 마시로,Neneko Mashiro,UNIVERSE,이정도면 하품쨩 아닌가요? 【아마네나미다/天音なみだ/키리누키/切り抜き/Vtuber】,2022-05-05T08:23:38Z,48,3.0,0.0,36
zqKONu4pt3g,UCEvpRY_t-N5QD2q_dczII8A,Holoooo 키리누키,네네코 마시로,Neneko Mashiro,UNIVERSE,총수님 마크 ASMR을 1초컷 내버리는 루이모 [ 홀로라이브 키리누키 라플라스 타카네루이 카자마이로하 ],2023-06-16T10:47:28Z,754,25.0,3.0,330
tiy2maE5ytg,UCMQ2Enw82SclYZKenYfHU8g,스텔이즘,아카네 리제,Akane Lize,UNIVERSE,자신을 기다리는 피엔나들을 보고 울 뻔 했던 리제 [리제]  #스텔라이브 #아카네리제 #키리누키,2026-07-16T01:45:07Z,7621,273.0,26.0,1760
pu7Q_kbpppg,UCEBJV6V99ZJn_BnfkAoMyBA,피엔나야 클립따줘,아카네 리제,Akane Lize,UNIVERSE,잠깐 한눈파는 엥나를 보고 질투하는 리제,2025-12-24T09:30:35Z,55452,1119.0,26.0,5200
eInnARhqGUE,UC2acHa6zvsnTo4P9OfNk4jQ,피엔나 소세지,아카네 리제,Akane Lize,UNIVERSE,[스텔라이브 클립] 선배의 매운맛에 정신 못 차리는 리코,2026-07-09T09:30:17Z,85850,2216.0,68.0,10100
2MixJxQ__ek,UC2acHa6zvsnTo4P9OfNk4jQ,피엔나 소세지,아카네 리제,Akane Lize,UNIVERSE,[리제 클립] 그저 매일 같이 반복되는 하루가 싫었던 리제,2026-07-23T15:00:13Z,43832,1008.0,78.0,10100
W4AmOB62cSQ,UCMQ2Enw82SclYZKenYfHU8g,스텔이즘,아카네 리제,Akane Lize,UNIVERSE,리제주의보    [리제] #스텔라이브 #버튜버 #키리누키,2026-07-31T04:00:07Z,161067,4197.0,48.0,1760
FP51QA3XyrM,UCEBJV6V99ZJn_BnfkAoMyBA,피엔나야 클립따줘,아카네 리제,Akane Lize,UNIVERSE,아카네 리제 - 抜錨(출항/발묘) Live Cover,2026-04-04T12:00:19Z,581965,8478.0,297.0,5200
598ELqz9e3U,UCEBJV6V99ZJn_BnfkAoMyBA,피엔나야 클립따줘,아카네 리제,Akane Lize,UNIVERSE,리제 말에 팩폭하는 피엔나들,2026-07-31T07:00:34Z,7179,214.0,10.0,5200
aMEoM63MQRc,UCGfoXQT0l8YJA0gfZoJKlXQ,김천마 Gimcheonma Clip,아카네 리제,Akane Lize,UNIVERSE,린이 두려운 리제 ㅋㅋㅋㅋㅋㅋㅋㅋㅋㅋ,2026-06-27T00:15:31Z,41323,822.0,48.0,4250
k4b7dnA8z0I,UCEBJV6V99ZJn_BnfkAoMyBA,피엔나야 클립따줘,아카네 리제,Akane Lize,UNIVERSE,아카네 리제 - Not a Dream,2025-06-19T07:00:50Z,212832,2122.0,79.0,5200
U_EM0fM79j4,UCEBJV6V99ZJn_BnfkAoMyBA,피엔나야 클립따줘,아카네 리제,Akane Lize,UNIVERSE,신기한 리제의 목소리 톤 차이,2025-04-01T07:00:21Z,105524,2333.0,49.0,5200
4Z4rfwXhpoc,UC6Fyyza_69kOyObucJN3K3A,누따비,아카네 리제,Akane Lize,UNIVERSE,리제의 &#39;그 클립&#39; 을 본 부키 ㅋㅋㅋㅋ,2024-06-30T00:00:04Z,786434,7497.0,78.0,17800
S3u98NhlHFc,UCa3ZJe1WGlUcjROMB8K6ArQ,서트 클립 Surt Clip,아카네 리제,Akane Lize,UNIVERSE,팩트폭행에 박장대소하는 리제,2023-11-16T09:23:42Z,127345,1332.0,54.0,4820
GSnmZ93EMQ0,UCqzw5-WH7iLU0-svf5-gyhw,레낭의 클립,아카네 리제,Akane Lize,UNIVERSE,[아카네 리제] 선잠/うたたね COVER,2025-01-21T05:05:33Z,51586,551.0,12.0,133
Z98a9P3NT-Q,UCEBJV6V99ZJn_BnfkAoMyBA,피엔나야 클립따줘,아카네 리제,Akane Lize,UNIVERSE,아카네 리제 - しわあわせ(주름 맞추기),2024-08-06T18:00:18Z,349462,2241.0,78.0,5200
2sq3xQn7aNs,UC8CspoD95Eon_mjg6fl2_sQ,타비 클립 창고,아라하시 타비,Arahashi Tabi,UNIVERSE,육수가 존재할 수 밖에 없는 이유를 깨달아버린 타비 [ 아라하시 타비 ],2026-07-06T08:56:50Z,12006,273.0,35.0,5190
VVph8DIr6BM,UC8CspoD95Eon_mjg6fl2_sQ,타비 클립 창고,아라하시 타비,Arahashi Tabi,UNIVERSE,로블록스와 함께 다시 돌아온 타타TV [ 아라하시 타비 ],2026-08-02T06:31:01Z,2198,64.0,5.0,5190
P61fho_Kzno,UC8CspoD95Eon_mjg6fl2_sQ,타비 클립 창고,아라하시 타비,Arahashi Tabi,UNIVERSE,세상에서 가장 어려운 미련 남은 타비 방종 시키기 [ 아라하시 타비 ],2026-05-11T01:01:01Z,15515,585.0,52.0,5190
WpsrJohXeYU,UC8CspoD95Eon_mjg6fl2_sQ,타비 클립 창고,아라하시 타비,Arahashi Tabi,UNIVERSE,타비가 사장님과 결혼할 수 없는 이유 [ 아라하시 타비 ],2026-04-06T12:28:13Z,6074,149.0,24.0,5190
maTEt2bv5Ks,UC8CspoD95Eon_mjg6fl2_sQ,타비 클립 창고,아라하시 타비,Arahashi Tabi,UNIVERSE,뿡댕이는 돈 내고 매니저하는 중이라는 타비 [ 아라하시 타비 ],2026-07-26T06:31:11Z,2990,81.0,6.0,5190
M2v8lIPDYes,UC8CspoD95Eon_mjg6fl2_sQ,타비 클립 창고,아라하시 타비,Arahashi Tabi,UNIVERSE,타비 휴지 낸다고 했다가 채팅창 반응에 어지러워하는 타비 [ 아라하시 타비 ],2026-04-05T06:51:34Z,23023,405.0,43.0,5190
WSVKo-upFvE,UC8CspoD95Eon_mjg6fl2_sQ,타비 클립 창고,아라하시 타비,Arahashi Tabi,UNIVERSE,타비가 키리누키 따달라고 요청한 &quot;뿡댕이&quot; 이름에 관한 해명 [ 아라하시 타비 ],2026-05-01T06:16:13Z,4360,94.0,15.0,5190
bThn3VjbP5I,UC2acHa6zvsnTo4P9OfNk4jQ,피엔나 소세지,아라하시 타비,Arahashi Tabi,UNIVERSE,[타비 클립] 혼자 자고 싶어서 따로 숙소 잡으려 했던 타비,2026-08-02T03:45:08Z,121726,2061.0,93.0,10100
uoMcdfGKTN8,UC8CspoD95Eon_mjg6fl2_sQ,타비 클립 창고,아라하시 타비,Arahashi Tabi,UNIVERSE,귀여운 걸 보고 싶다면 타비 방송으로 [ 아라하시 타비 ],2026-04-15T06:18:35Z,5749,188.0,27.0,5190
wuOSp2JcA7M,UC8CspoD95Eon_mjg6fl2_sQ,타비 클립 창고,아라하시 타비,Arahashi Tabi,UNIVERSE,하지도 않은 게임을 예전에 했다고 착각한 뿡댕이들 때문에 잔뜩 표독해진 타비 [ 아라하시 타비 ],2026-07-21T05:36:43Z,24603,621.0,37.0,5190
2MZ4nT8J_9U,UC8CspoD95Eon_mjg6fl2_sQ,타비 클립 창고,아라하시 타비,Arahashi Tabi,UNIVERSE,뿡댕이도 유행에 민감해야한다며 떼쓰는 타비 [ 아라하시 타비 ],2026-06-26T07:17:01Z,5401,181.0,17.0,5190
4sxUsA6xm9Q,UCMQ2Enw82SclYZKenYfHU8g,스텔이즘,아라하시 타비,Arahashi Tabi,UNIVERSE,뿡댕이들 비상사태 [타비]                                    #스텔라이브 #버튜버 #키리누키,2026-05-02T13:00:17Z,38113,969.0,56.0,1760
YLdgYi_IbwE,UC9FG2tCnbH2Kv2xzAudio3Q,누키누끼,아라하시 타비,Arahashi Tabi,UNIVERSE,미친사람  #shorts  #아라하시타비 #키리누키 #스텔라이브,2025-06-27T03:29:39Z,466400,6299.0,114.0,4700
60JhfsrDJmg,UCEcqKLbZ7jQoxZCmEnHukQQ,타비 덕질 계정,아라하시 타비,Arahashi Tabi,UNIVERSE,고통받는 따비님 / 아라하시 타비 키리누키,2023-06-20T11:26:11Z,61003,882.0,33.0,617
ITlaaffh4ZQ,UC8CspoD95Eon_mjg6fl2_sQ,타비 클립 창고,아라하시 타비,Arahashi Tabi,UNIVERSE,타비를 웃겨라 [ 아라하시 타비 ],2025-03-02T11:58:26Z,45727,892.0,50.0,5190
-8IvKFR1f5s,UCEcqKLbZ7jQoxZCmEnHukQQ,타비 덕질 계정,아라하시 타비,Arahashi Tabi,UNIVERSE,경멸하는 타비님 / 아라하시 타비 키리누키,2023-06-14T14:03:58Z,18229,301.0,30.0,617
q6pY0YD-Sq0,UC8CspoD95Eon_mjg6fl2_sQ,타비 클립 창고,아라하시 타비,Arahashi Tabi,UNIVERSE,뿡댕이들이 각 잡고 타비를 패면 벌어지는 일 [ 아라하시 타비 ],2026-06-02T04:57:31Z,26602,607.0,47.0,5190
xtIxdm2NGQE,UC8CspoD95Eon_mjg6fl2_sQ,타비 클립 창고,아라하시 타비,Arahashi Tabi,UNIVERSE,뿡댕이한테 이상한 유행 가져와서 퍼먹이는 타비 [ 아라하시 타비 ],2026-07-24T06:45:46Z,2413,93.0,19.0,5190
VChhZyS8T10,UC8CspoD95Eon_mjg6fl2_sQ,타비 클립 창고,아라하시 타비,Arahashi Tabi,UNIVERSE,방제 때문에 단체로 멘헤라가 와 버린 뿡댕이들 [ 아라하시 타비 ],2026-03-25T11:00:33Z,11115,235.0,19.0,5190
nzY3Uc55d1E,UC8CspoD95Eon_mjg6fl2_sQ,타비 클립 창고,아라하시 타비,Arahashi Tabi,UNIVERSE,공포 게임하느라 힘들었는데 공감 안 해줘서 서운한 타비 [ 아라하시 타비 ],2026-06-23T06:21:08Z,39688,1154.0,76.0,5190
Bv8VBgUBC24,UC8CspoD95Eon_mjg6fl2_sQ,타비 클립 창고,아라하시 타비,Arahashi Tabi,UNIVERSE,얼굴 믿고 어디까지 되는지 테스트하는 신의상 타비 [ 아라하시 타비 ],2026-06-22T06:16:08Z,72727,2015.0,104.0,5190
vL_BnEmCkAs,UC8CspoD95Eon_mjg6fl2_sQ,타비 클립 창고,아라하시 타비,Arahashi Tabi,UNIVERSE,채팅창이 멈춰서 멘해라 올 뻔한 타비,2025-05-24T04:03:00Z,155408,3236.0,99.0,5190
wMd4uZopw1A,UC8CspoD95Eon_mjg6fl2_sQ,타비 클립 창고,아라하시 타비,Arahashi Tabi,UNIVERSE,오늘도 파멸적인 단어를 선택하는 아이돌 아라하시 타비 [ 아라하시 타비 ],2026-06-18T04:03:21Z,4656,113.0,17.0,5190
uCQ6EsebVKs,UC8CspoD95Eon_mjg6fl2_sQ,타비 클립 창고,아라하시 타비,Arahashi Tabi,UNIVERSE,도네 회피까지 마스터한 타비 [ 아라하시 타비 ],2026-04-13T09:22:18Z,8813,204.0,10.0,5190
eeHbZ6PHWuk,UC8CspoD95Eon_mjg6fl2_sQ,타비 클립 창고,아라하시 타비,Arahashi Tabi,UNIVERSE,타비의 산책까지 통제하려는 구불육 뿡댕이들 [ 아라하시 타비 ],2026-04-25T08:21:30Z,8416,191.0,16.0,5190
gIE6Cc27tNw,UC2acHa6zvsnTo4P9OfNk4jQ,피엔나 소세지,아라하시 타비,Arahashi Tabi,UNIVERSE,[타비 클립] 야생이었다.,2026-03-12T10:45:07Z,69893,1372.0,163.0,10100
bpOCeTRtuPQ,UC8CspoD95Eon_mjg6fl2_sQ,타비 클립 창고,아라하시 타비,Arahashi Tabi,UNIVERSE,타비 방송에 비상상황 발생!!! [ 아라하시 타비 ],2025-11-22T08:25:00Z,15616,285.0,29.0,5190
xy8stzlyYWs,UCry-cqo_sdAyNLfaGI-__mA,StelLive切り抜き 翻訳チャンネル,아라하시 타비,Arahashi Tabi,UNIVERSE,【荒波子タビ】〇〇がどうしても嫌いなタビ【StelLive切り抜き】,2024-04-02T06:31:11Z,990,12.0,4.0,350
ALnc-Ec8YmM,UCry-cqo_sdAyNLfaGI-__mA,StelLive切り抜き 翻訳チャンネル,아라하시 타비,Arahashi Tabi,UNIVERSE,【荒波子タビ】社長いじりが面白すぎるwww #荒波子タビ #arahashi #tabi #치지직 #stellive #아라하시 #타비 #shorts,2024-04-06T10:00:13Z,460,10.0,1.0,350
9OD6YXjuZ-s,UCZqnfXdcaVOiMbImzqpeakQ,ぶいすぽ推し活 / バタフライ[切り抜き],아라하시 타비,Arahashi Tabi,UNIVERSE,タビの顔が変顔になり爆笑したり、つなが本物の猫ではなく自称猫だったことに衝撃を受けるタビ【猫汰つな/荒波子タビ/ぶいすぽ切り抜き/リアルコラボ/日本語翻訳】,2026-01-13T14:00:16Z,216582,4449.0,316.0,3710
rZUb36EID2Q,UCxOe0PDvhNL6gmuzSO88Z7Q,すてら日和,아라하시 타비,Arahashi Tabi,UNIVERSE,【荒波子タビ】お姉ちゃんとして見栄を張る優しいタビさん【ステライブ切り抜き/日韓字幕】,2026-07-14T12:28:08Z,4624,223.0,15.0,4400
DNnpQSpVsLE,UCxOe0PDvhNL6gmuzSO88Z7Q,すてら日和,아라하시 타비,Arahashi Tabi,UNIVERSE,【荒波子タビ】ドSな一面と真面目な一面で翻弄するタビさんが面白い！【ステライブ切り抜き/日韓字幕】,2025-12-24T11:15:02Z,4560,125.0,20.0,4400
VWE9s_aOeVo,UCyaLqO2WIAlZmIkz_kL3yNw,VtuberOtaku【切り抜きch】,아라하시 타비,Arahashi Tabi,UNIVERSE,This KR Vtuber felt SCAMMED after Tsuna CONFESSED THIS to her【VSPO! StelLive Eng Sub】,2026-04-21T10:21:22Z,14469,1027.0,83.0,3630
T0lWxc-Kb8E,UCld7BuLzsDrtfCUA4Cd4TNA,야호꼬리,아라하시 타비,Arahashi Tabi,UNIVERSE,[JP] [EN] 야호 데뷔방송 키리누키 ! / 切り抜きです 「KR Virtual Streamer」,2022-09-09T01:11:57Z,2106,50.0,2.0,858
RWKNxi5uQcs,UCewkiws8GvfNr54JZHKIYrw,Ra s,아라하시 타비,Arahashi Tabi,UNIVERSE,여자어 『아무거나』라는 건... 【리리 키리누키】,2023-03-12T07:45:00Z,1788,33.0,7.0,961
znAPzpGphaU,UCa3ZJe1WGlUcjROMB8K6ArQ,서트 클립 Surt Clip,텐코 시부키,Tenko Shibuki,CLICHE,용사와 여우신이 부르는 거북이｜Davichi(다비치)_Turtle(거북이) Live Cover.텐코 시부키 X 유즈하 리코,2024-07-03T15:05:47Z,1704798,10900.0,467.0,4820
P9xImq4O09Y,UC6Fyyza_69kOyObucJN3K3A,누따비,텐코 시부키,Tenko Shibuki,CLICHE,부키의 &#39;그 클립&#39; 을 보고 개삐진 리코와 당황한 부키 ㅋㅋㅋㅋㅋ,2025-03-15T01:00:30Z,146188,2594.0,53.0,17800
Xt1ufiqt_w8,UCMQ2Enw82SclYZKenYfHU8g,스텔이즘,텐코 시부키,Tenko Shibuki,CLICHE,심각한 초코 중독입니다 [시부키]  #스텔라이브 #vtuber #키리누키 #텐코시부키,2026-02-25T19:06:23Z,3532,107.0,6.0,1760
7a5VZM6atOU,UCf6RJz_2KJkGU4G8SxmPQPw,스텔라이브 키리누키 팬튜브,텐코 시부키,Tenko Shibuki,CLICHE,스텔라이브 병원에서 주사맞은썰 #텐코 시부키 #스텔라이브,2026-08-03T22:00:17Z,1842,51.0,0.0,244
nKoXP4_NVMk,UC2acHa6zvsnTo4P9OfNk4jQ,피엔나 소세지,텐코 시부키,Tenko Shibuki,CLICHE,[스텔라이브 클립] 애가 미쳐가고 있잖아!!,2026-07-01T08:11:05Z,42294,1007.0,43.0,10100
7j2a8U1_1H8,UC7Jv6AQNgOuptD-sMKl8AQw,별조각편집소,텐코 시부키,Tenko Shibuki,CLICHE,스펀지 여우 부키 #키리누키#스텔라이브 #텐코시부키 #버튜버,2025-08-05T12:13:29Z,327657,7693.0,211.0,7340
zJdxUEXMgg8,UC7Jv6AQNgOuptD-sMKl8AQw,별조각편집소,텐코 시부키,Tenko Shibuki,CLICHE,비명 소리 맛집인 부키 #키리누키#스텔라이브 #텐코시부키 #버튜버,2025-09-09T13:58:23Z,300277,2737.0,22.0,7340
uQNb0tqds2w,UCn15llc8qAuNLahdJ1MiDOg,꿈겨리[클립퍼],텐코 시부키,Tenko Shibuki,CLICHE,[시부키] 졸린 부키 #텐코시부키 #스텔라이브,2024-09-19T08:00:37Z,159947,4576.0,23.0,1540
Tb9VKqUeia0,UCg00BEW3e3HmnNLBWViFPeA,부키리누키,텐코 시부키,Tenko Shibuki,CLICHE,맞다 부키...여우였지 #스텔라이브 #vtuber #버튜버,2025-02-18T14:48:48Z,394586,10973.0,79.0,651
IexTaJtFyDo,UC9FG2tCnbH2Kv2xzAudio3Q,누키누끼,텐코 시부키,Tenko Shibuki,CLICHE,퐁 퐁 파타 퐁 #shorts #텐코시부키 #스텔라이브 #키리누키,2025-07-20T07:39:15Z,401480,5874.0,122.0,4700
9-8pFN4706E,UC2acHa6zvsnTo4P9OfNk4jQ,피엔나 소세지,텐코 시부키,Tenko Shibuki,CLICHE,[시부키 클립] 어른의 허들이 너무나도 낮은 편,2026-02-11T11:00:24Z,27054,683.0,52.0,10100
jaoK8Y0d2jw,UC2acHa6zvsnTo4P9OfNk4jQ,피엔나 소세지,텐코 시부키,Tenko Shibuki,CLICHE,[시부키 클립] 방송 켜자마자 눅눅한 부키,2025-12-22T05:56:49Z,27315,821.0,48.0,10100
3tFbsPqYaX0,UCINUfsSX2gwXHB_CcrueSrg,스텔클립클립,텐코 시부키,Tenko Shibuki,CLICHE,나르 따라 하는데 개쳐귀여운 부키,2025-07-30T12:46:13Z,134507,2305.0,118.0,5150
jAOr4OWu-hQ,UC2acHa6zvsnTo4P9OfNk4jQ,피엔나 소세지,텐코 시부키,Tenko Shibuki,CLICHE,[시부키 클립] 역대급 역배 터트리고 애교로 사과하는 부키,2026-07-13T09:00:11Z,45206,1205.0,59.0,10100
Bplr-T0ZMDU,UCn15llc8qAuNLahdJ1MiDOg,꿈겨리[클립퍼],텐코 시부키,Tenko Shibuki,CLICHE,삐쭉거리는 부키 [텐코 시부키],2026-06-02T22:45:33Z,7564,177.0,9.0,1540
GNwUKpDDRmk,UCRipF7KE5WnUEteUfRiBffA,스텔라이브 팬클립,텐코 시부키,Tenko Shibuki,CLICHE,[시부키] 오빠라고 부를때까지 가지고노는 시청자들,2025-10-02T09:15:01Z,3688,106.0,5.0,5980
67oxMHfEyHw,UC2acHa6zvsnTo4P9OfNk4jQ,피엔나 소세지,텐코 시부키,Tenko Shibuki,CLICHE,[시부키 클립] &quot;제게 성능 좋은 불타입 포켓몬을 내려주세요.&quot;,2026-06-23T23:15:48Z,25210,417.0,74.0,10100
YuGaj8yAbbA,UCu68izFf9zJfLSEtC9-uuBg,스텔나스_팬채널,텐코 시부키,Tenko Shibuki,CLICHE,전기톱을 든 드릴부키 [텐코 시부키 클립/바하 레퀴엠],2026-03-05T01:00:42Z,1313,,7.0,5280
8iroThKe1kQ,UCu68izFf9zJfLSEtC9-uuBg,스텔나스_팬채널,텐코 시부키,Tenko Shibuki,CLICHE,AI맞추기 댓글에 찔린 부키키 [텐코 시부키 클립],2026-03-09T01:30:08Z,3136,,4.0,5280
ncHRRhL04QE,UCu68izFf9zJfLSEtC9-uuBg,스텔나스_팬채널,텐코 시부키,Tenko Shibuki,CLICHE,히나 클립의 &#39;그 장소&#39;를 성지순례 하는 부키 [텐코 시부키 클립],2026-04-07T11:58:11Z,9973,,14.0,5280
ZwCtKboewZ8,UCa3ZJe1WGlUcjROMB8K6ArQ,서트 클립 Surt Clip,텐코 시부키,Tenko Shibuki,CLICHE,용사와 여우신이 부르는 만찬가｜tuki.(츠키)_晩餐歌(만찬가) Live Cover.텐코 시부키 X 유즈하 리코,2025-01-12T16:11:47Z,384251,3508.0,68.0,4820
aJm_ThBVRwg,UCOnpswfzWfuX5cYrFCDvuRw,유라라,텐코 시부키,Tenko Shibuki,CLICHE,마이크 설정을 거꾸로 한 시부키..  [스텔라이브 클립] #스텔라이브,2026-04-13T16:01:11Z,94923,4823.0,34.0,351
KCIrVNsRjjc,UCYLA7O-YewkYHiZlx-LQGTw,일루와잇,텐코 시부키,Tenko Shibuki,CLICHE,겠냐에요ㅋㅋ #切り抜き #vtuber #shorts,2024-10-20T10:13:28Z,1196,7.0,0.0,60
4c5KsIzADvA,UCeux4WzKhicTD9Xifnr31eg,ExoticBankai,텐코 시부키,Tenko Shibuki,CLICHE,Vtubers/Utaite/Vocaloid/Doujin Music/Gaming Request Songs/Clips Reaction Stream (22/03/26),2026-03-22T13:18:57Z,952,21.0,8.0,1380
uNGgPkQIi5A,UCuu0Lh2OuiHYuEOfdIEVLmQ,별뇨잇,아오쿠모 린,Aokumo Rin,CLICHE,"실시간 클립 대화 기능을 추가한 린 - 스텔라이브 사키하네 후야, 아오쿠모 린",2026-08-04T02:45:32Z,615,26.0,6.0,1460
BH7p3RxrlRE,UC2acHa6zvsnTo4P9OfNk4jQ,피엔나 소세지,아오쿠모 린,Aokumo Rin,CLICHE,[린 클립] 수능 영어 지문 보고 헛구역질 하는 린,2024-11-15T01:35:07Z,248987,3651.0,216.0,10100
LDKjcbsyM6w,UC2acHa6zvsnTo4P9OfNk4jQ,피엔나 소세지,아오쿠모 린,Aokumo Rin,CLICHE,[스텔라이브 클립] 린보단 덜 미쳤다고 주장하는 후야,2026-08-03T07:00:08Z,16898,417.0,37.0,10100
m0SCGa5PGIQ,UC2acHa6zvsnTo4P9OfNk4jQ,피엔나 소세지,아오쿠모 린,Aokumo Rin,CLICHE,[린 클립] 삐빅 잘못된 명령입니다,2025-12-07T22:30:18Z,32545,692.0,57.0,10100
4YgEchQK5Oc,UC2acHa6zvsnTo4P9OfNk4jQ,피엔나 소세지,아오쿠모 린,Aokumo Rin,CLICHE,[린 클립] 끔찍한 시간을 보내고 싶어?,2025-07-30T10:00:29Z,31633,645.0,44.0,10100
V-Gv02ElVck,UCu68izFf9zJfLSEtC9-uuBg,스텔나스_팬채널,아오쿠모 린,Aokumo Rin,CLICHE,린의 영상편지를 보는 부키와 나나 [클리셰 클립],2025-01-22T05:00:14Z,151329,,80.0,5280
bAjkSNoKUiQ,UCu68izFf9zJfLSEtC9-uuBg,스텔나스_팬채널,아오쿠모 린,Aokumo Rin,CLICHE,미친 체급의 린아가 [클리셰 클립/R.E.P.O],2025-04-01T22:09:52Z,103266,,43.0,5280
hTiFPDUlf2s,UCINUfsSX2gwXHB_CcrueSrg,스텔클립클립,아오쿠모 린,Aokumo Rin,CLICHE,위용? 위용위용!,2026-04-17T00:18:54Z,79867,1749.0,144.0,5150
zLNluTQvaVU,UC2acHa6zvsnTo4P9OfNk4jQ,피엔나 소세지,아오쿠모 린,Aokumo Rin,CLICHE,[린 클립] 아오쿠모 린과 라떼의 저주,2025-03-03T23:05:06Z,14548,249.0,19.0,10100
j6VPXv-OUiQ,UC2acHa6zvsnTo4P9OfNk4jQ,피엔나 소세지,아오쿠모 린,Aokumo Rin,CLICHE,[린 클립] 가두려는 자 VS 구하려는 자,2025-10-27T07:48:50Z,44900,867.0,53.0,10100
RlZ871tGujo,UCu68izFf9zJfLSEtC9-uuBg,스텔나스_팬채널,아오쿠모 린,Aokumo Rin,CLICHE,선한 마음으로 린을 도와주는 리코 [유즈하 리코(w.린) 클립],2026-07-15T07:00:35Z,15275,,9.0,5280
LY_HX2qKZaE,UCUx2r3S_zQtmo_ghvNAuNmw,もにゃりと【ホロライブEN /ID切り抜き】,아오쿠모 린,Aokumo Rin,CLICHE,【日本語字幕】おたがいの仲間を称え合うネリッサと凛【ネリッサ・レイヴンクロフト/青雲凛(あおくもりん)/星街すいせい/森カリオペ/宝鐘マリン】【ホロライブ/Stellive(ステライブ)/切り抜き】,2025-10-19T08:51:56Z,6170,133.0,18.0,1390
Ybd3ruLo-sc,UCUabLHvc9nSaRnjppK5zepg,조선누룽지,하나코 나나,Hanako Nana,CLICHE,"키리누키 살인마 쵸나(하나코 나나, 쵸키) 논란 터졌다! #스텔라이브 #키리누키 #논란",2026-01-19T10:50:32Z,10890,71.0,53.0,7560
7LVMQ9KO3ss,UCTC0Q-hc_hLjcm7anm7h6ow,UNDER STELLA,하나코 나나,Hanako Nana,CLICHE,[나나] 나나가 키리누키 채널들에게 하는 부탁,2025-12-27T21:53:50Z,56588,1093.0,110.0,1780
NuWHG-Eysmc,UCU1-EdgAxmcj1HCu4bub9WQ,조선누룽지 NEWS Live,하나코 나나,Hanako Nana,CLICHE,키리누키 살인마 쵸나(하나코 나나) 논란 터졌다!,2026-01-19T10:57:54Z,429,5.0,12.0,2360
4hNzazkAmPI,UCUabLHvc9nSaRnjppK5zepg,조선누룽지,하나코 나나,Hanako Nana,CLICHE,키리누키충 발언으로 논란 터진 하나코 나나(쵸키),2025-06-05T04:20:31Z,10148,50.0,33.0,7560
XiIuKo3n7tA,UCMQ2Enw82SclYZKenYfHU8g,스텔이즘,하나코 나나,Hanako Nana,CLICHE,"회사에서 조카(리코)를 주워온 나나 [나나,리코]    #스텔라이브 #키리누키 #버튜버 #유즈하리코 #하나코나나",2026-02-20T23:36:35Z,86386,1593.0,20.0,1760
Zk640viI7Xc,UCUabLHvc9nSaRnjppK5zepg,조선누룽지,하나코 나나,Hanako Nana,CLICHE,"키리누키 살인마 하나코 나나(쵸키,쵸나) 결국 입 열었다!",2026-01-22T18:49:34Z,23868,135.0,109.0,7560
uGYTh-4wk4E,UCUabLHvc9nSaRnjppK5zepg,조선누룽지,하나코 나나,Hanako Nana,CLICHE,스텔견한테 사이버불링 당한 쵸나 키리누키! 결국 키리누키 안하겠다 선언! #스텔라이브 #하나코나나 #쵸키 #브이레코드 #오버더월,2026-02-28T04:27:02Z,13326,52.0,35.0,7560
4TT5ZS-2lsM,UCUabLHvc9nSaRnjppK5zepg,조선누룽지,하나코 나나,Hanako Nana,CLICHE,키리누키충 발언으로 논란 터진 하나코 나나 #스텔라이브 #쵸키 #쵸나 #키리누키충 #팬비하발언 #논란,2025-06-09T03:34:23Z,5421,17.0,1.0,7560
x8HnyUdlu-M,UCn15llc8qAuNLahdJ1MiDOg,꿈겨리[클립퍼],하나코 나나,Hanako Nana,CLICHE,나나가 말하는 멤버들 이야기... [하나코 나나],2026-04-25T03:03:01Z,33177,513.0,28.0,1540
4kOVlUYdWLM,UCkruCX-PB-riJ8vl717ts7Q,대백과,하나코 나나,Hanako Nana,CLICHE,키리누키 분들에게 부탁하는 나나 [스텔라이브 - 하나코 나나],2025-12-27T04:03:31Z,38209,636.0,118.0,3230
ljEWIeH41e0,UCfJWNsFuKV7R7vBhSXENJKg,특이점이 온 키리누키,하나코 나나,Hanako Nana,CLICHE,암표 파는 놈들에게 일침 (하나코 나나) #하나코_나나 #스텔라이브 #버튜버 #shorts #키리누키 #vtuberclips,2025-10-21T14:00:24Z,3772,224.0,8.0,1830
VXLZ9a18Imc,UCGfoXQT0l8YJA0gfZoJKlXQ,김천마 Gimcheonma Clip,하나코 나나,Hanako Nana,CLICHE,요즘 외롭다는 나나,2026-07-23T00:30:28Z,17622,346.0,13.0,4250
84bVmXFuqzM,UCn15llc8qAuNLahdJ1MiDOg,꿈겨리[클립퍼],하나코 나나,Hanako Nana,CLICHE,안 씻는다고 엄마한테 혼났습니다 [하나코 나나],2026-04-24T05:30:02Z,19558,386.0,51.0,1540
ZZnTt5n-uA0,UCn15llc8qAuNLahdJ1MiDOg,꿈겨리[클립퍼],하나코 나나,Hanako Nana,CLICHE,나나 개빵터뜨리는 방법 [하나코 나나],2026-05-27T00:15:27Z,18814,338.0,23.0,1540
BBoAvS1vDHI,UC2acHa6zvsnTo4P9OfNk4jQ,피엔나 소세지,하나코 나나,Hanako Nana,CLICHE,[나나 클립] 그날 본 쓰레기 산 주인의 이름을 우리는 아직 모른다,2026-05-23T07:36:06Z,31686,532.0,50.0,10100
dSQ1lS_2Mms,UCu68izFf9zJfLSEtC9-uuBg,스텔나스_팬채널,하나코 나나,Hanako Nana,CLICHE,"나나방에 조카(리코)가 왔어요 [하나코 나나,유즈하 리코 클립]",2026-02-20T15:23:19Z,54093,,47.0,5280
6AFAcFUHVEQ,UCu68izFf9zJfLSEtC9-uuBg,스텔나스_팬채널,하나코 나나,Hanako Nana,CLICHE,전세계가 구불육이 되는 세계선 [하나코 나나 클립],2026-07-03T08:30:00Z,8820,,16.0,5280
cuQcG5KOHd8,UCMVY3pc7_ls3VXtEOIafD9g,취미클립채널,하나코 나나,Hanako Nana,CLICHE,나동부의 개그를 들은 후에 | 하나코 나나 클립,2025-11-23T16:30:30Z,2147,51.0,,349
FzmErZwi5ps,UC2acHa6zvsnTo4P9OfNk4jQ,피엔나 소세지,하나코 나나,Hanako Nana,CLICHE,[나나 클립] 린의 순수 비난에 정신 못 차리는 나나,2025-01-19T01:31:52Z,124795,1590.0,47.0,10100
cS_g0680664,UCxOe0PDvhNL6gmuzSO88Z7Q,すてら日和,하나코 나나,Hanako Nana,CLICHE,【花子ナナ】日本のカフェ文化に詳しいナナさん【ステライブ切り抜き/日韓字幕】,2026-07-02T12:05:14Z,1304,105.0,14.0,4400
oAZwl_pup6M,UCxOe0PDvhNL6gmuzSO88Z7Q,すてら日和,하나코 나나,Hanako Nana,CLICHE,【花子ナナ】新宿ダンジョンで困惑…。日韓の地下鉄の思い出【ステライブ切り抜き/日韓字幕】,2026-03-28T12:15:14Z,4881,187.0,29.0,4400
tJHk4ZPMzWY,UCIYXLSh2rKevADzDQb89xGA,ばんちょー切り抜き堂【轟はじめ非公式】,하나코 나나,Hanako Nana,CLICHE,なな チョコロ空耳,2026-07-06T02:00:21Z,2157,20.0,0.0,87
yprGh8aYWnM,UCxOe0PDvhNL6gmuzSO88Z7Q,すてら日和,하나코 나나,Hanako Nana,CLICHE,【花子ナナ】今度日本に行ったら訪れてみたいところを語るナナさん【ステライブ切り抜き/日韓字幕】,2026-02-19T12:15:16Z,4782,142.0,28.0,4400
V5RDTC7IFds,UCUDAoCWuI1nZ6IeZfQ_-8jA,おうぼしたーの切り抜き動画,하나코 나나,Hanako Nana,CLICHE,【Hanako | 花子さん】カグラナナちゃんの絶叫シーンまとめ【切り抜き】,2021-01-07T12:50:40Z,916,19.0,0.0,220
5BhuUEKoXWY,UCIYXLSh2rKevADzDQb89xGA,ばんちょー切り抜き堂【轟はじめ非公式】,하나코 나나,Hanako Nana,CLICHE,花子ナナとのデート締めに謎の合言葉「バイナナ」を生み出す女ｗ【ホロライブ切り抜き/轟はじめ/花子ナナ】,2026-07-09T08:00:08Z,815,5.0,0.0,87
KAW2BX0KWfE,UCFsEoZCAduiqh9xY0v3Br_w,ろこびっと【珠乃井ナナ切り抜き】,하나코 나나,Hanako Nana,CLICHE,ななたまロングトーン【珠乃井ナナ/切り抜き】,2025-06-27T09:10:51Z,130811,4325.0,20.0,714
wTVEhlvdjfY,UCi5bBoEc2VBADUFlx_ZVuPg,ぶいすぽの日常,하나코 나나,Hanako Nana,CLICHE,ひなーのに韓国語風に「このゲーム下手？」と煽るねこたつｗ #Shorts #ぶいすぽ切り抜き,2026-06-09T14:42:30Z,67643,457.0,4.0,37000
aHmWK6tQVvE,UCIYXLSh2rKevADzDQb89xGA,ばんちょー切り抜き堂【轟はじめ非公式】,하나코 나나,Hanako Nana,CLICHE,「占い」を「売らない」と勘違いした花子ナナが大パニックになる轟はじめとのデートｗ【ホロライブ切り抜き/轟はじめ/花子ナナ】 #Shorts,2026-07-03T14:21:36Z,2192,32.0,0.0,87
vzSpO2MWapg,UCX34wuta-mYtZhKr3lS5nwg,GREE Entertainment ANIME & GAME【公式】,하나코 나나,Hanako Nana,CLICHE,え！？女の子！？１７歳！？｜第12話切り抜き #梅田修一朗 さん #白石晴香  さん #直田姫奈 さん #ぼっち攻略 #アニメ #shorts #切り抜き,2024-12-19T08:27:11Z,20128,414.0,2.0,54300
5NJ0Y7ukb-I,UCmYgJn1bv3aVk81xJWa8SXg,쿠냐코냐,유즈하 리코,Yuzuha Riko,CLICHE,리코님이 키리누키분들에게 부탁하는 영상,2026-01-04T08:55:53Z,50960,965.0,225.0,665
q2tYT_7GGdI,UChqJVHt_Ue2PcUSDOFzRZ0w,1분리코,유즈하 리코,Yuzuha Riko,CLICHE,키리누키 채널들 아웃트로까지 직접 만들어주는 리코,2025-06-19T12:30:59Z,43760,818.0,52.0,7190
vS_Jvh9AYZk,UC2acHa6zvsnTo4P9OfNk4jQ,피엔나 소세지,유즈하 리코,Yuzuha Riko,CLICHE,[리코 클립] 리코가 성대모사로 말아주는 클리셰 멤버별 거절 멘트,2025-10-28T06:20:51Z,73725,1701.0,78.0,10100
THOr3OptQoE,UC8CspoD95Eon_mjg6fl2_sQ,타비 클립 창고,유즈하 리코,Yuzuha Riko,CLICHE,데이트 끝나고 집에 가려는 리코를 붙잡는 법 [ 유즈하 리코 ],2026-04-10T07:34:20Z,3742,106.0,5.0,5190
W1HaXlQtUc8,UC8CspoD95Eon_mjg6fl2_sQ,타비 클립 창고,유즈하 리코,Yuzuha Riko,CLICHE,성대모사하면서 선배들 놀리는 리코 [ 유즈하 리코 ],2026-04-11T06:37:51Z,3294,85.0,4.0,5190
b85OQ5WGFzg,UC2acHa6zvsnTo4P9OfNk4jQ,피엔나 소세지,유즈하 리코,Yuzuha Riko,CLICHE,[스텔라이브 클립] 눈물 없인 들을 수 있는 리코의 학창시절 썰,2026-02-26T10:01:02Z,120915,2191.0,156.0,10100
DjuDXC3hcew,UChnbdHiRuV1Z7JaYsO688zA,키리누키 따는 도깨비,유즈하 리코,Yuzuha Riko,CLICHE,옥상달빛-수고했어 오늘도 / 유즈하 리코 Cover,2024-05-21T01:43:34Z,62035,781.0,38.0,2380
JARWrSaUNpE,UCu68izFf9zJfLSEtC9-uuBg,스텔나스_팬채널,유즈하 리코,Yuzuha Riko,CLICHE,교도소(방탈출카페)를 즐기는 리코 [유즈하 리코 클립],2026-05-01T07:16:22Z,24221,,20.0,5280
vBHBL6nilz4,UCu68izFf9zJfLSEtC9-uuBg,스텔나스_팬채널,유즈하 리코,Yuzuha Riko,CLICHE,"익명 이라도 서로 끌리는 정실듀오 클립을 보는 리코 [유즈하 리코,텐코 시부키 클립/모라하지마 서버]",2026-05-26T08:31:01Z,53041,,50.0,5280
R9s_lxtv6LU,UC8CspoD95Eon_mjg6fl2_sQ,타비 클립 창고,유즈하 리코,Yuzuha Riko,CLICHE,마리오카트 시참 중 애교로 매수 시도를 하는 리코 [ 유즈하 리코 ],2025-08-05T08:47:49Z,11351,236.0,14.0,5190
b-UDrgfnZEc,UCu68izFf9zJfLSEtC9-uuBg,스텔나스_팬채널,유즈하 리코,Yuzuha Riko,CLICHE,공식이 뭘 알아!! [유즈하 리코 클립],2026-03-27T03:00:27Z,9554,,35.0,5280
5YNxmr6CTHg,UCu68izFf9zJfLSEtC9-uuBg,스텔나스_팬채널,유즈하 리코,Yuzuha Riko,CLICHE,???:내가 언제 짜별이라고 했어! [유즈하 리코 클립],2026-04-01T02:59:12Z,4259,,14.0,5280
j4gk4MKP4yw,UCu68izFf9zJfLSEtC9-uuBg,스텔나스_팬채널,유즈하 리코,Yuzuha Riko,CLICHE,리코 속이는 치코들 [유즈하리코 클립],2025-08-12T22:00:48Z,2273,,6.0,5280
kVsu4IBNyo0,UCu68izFf9zJfLSEtC9-uuBg,스텔나스_팬채널,유즈하 리코,Yuzuha Riko,CLICHE,리코가 들려주는 무서웠던 이야기 [유즈하 리코 클립],2026-07-14T07:00:21Z,41870,,147.0,5280
TSHYs1s40cc,UCu68izFf9zJfLSEtC9-uuBg,스텔나스_팬채널,유즈하 리코,Yuzuha Riko,CLICHE,리코 테트리스 시참 연습 중 (당시기준)테트리오 한국 1위가 들어온 건에 대하여 [유즈하 리코 클립],2026-05-15T02:00:22Z,168815,,229.0,5280
hImJM2IcSxc,UCxOe0PDvhNL6gmuzSO88Z7Q,すてら日和,유즈하 리코,Yuzuha Riko,CLICHE,【柚葉莉子】ChatGPTと日本語の会話練習をして翻弄されるリコさん【ステライブ切り抜き/日韓字幕】,2026-07-20T12:15:02Z,15123,403.0,25.0,4400
gDY1h67rXVM,UCPK8tMKReXvewGOz7d0zS9g,ぶいすぽEN切り抜き & Clips,유즈하 리코,Yuzuha Riko,CLICHE,【ぶいすぽEN和訳】「歯茎出す」の日本語の意味をリコに英語で説明しようとして苦戦するれんくんとはなび【ソラリリコ/如月れん/蝶屋はなび/apex/ぶいすぽ切り抜き】,2025-07-30T22:15:23Z,147235,2083.0,132.0,21800
3P8ySYT3F4k,UCxOe0PDvhNL6gmuzSO88Z7Q,すてら日和,유즈하 리코,Yuzuha Riko,CLICHE,【柚葉莉子】600日分の感謝を日本語で伝えてくれるリコさんが可愛い【ステライブ切り抜き/日韓字幕】,2026-01-12T12:15:01Z,5758,295.0,50.0,4400
Y95lsKmJJpE,UCzHKbBYT5g4b5vRrW94Do8Q,くらげう工房,유즈하 리코,Yuzuha Riko,CLICHE,【総勢11名】レジェンドVtuberが大量に現れてしまうろあちゃんの１周年逆凸まとめ【海月雲ろあ/雨海ルカ/結城さくな/kson/切り抜き】,2026-07-21T10:50:32Z,112960,1661.0,107.0,1760
rmUgfNq33HU,UC8OVhDXm-ZB75UKYWbR3Eig,고누-ゴヌ,유즈하 리코,Yuzuha Riko,CLICHE,[마치타 치마] 치마 얼굴로 밥 몇그릇 가능? / [町田ちま] 町田でご飯何杯いけますか?　(한글자막 클립),2022-08-14T15:20:35Z,121,4.0,4.0,187
Q8JySUAfeuY,UC-gDvVOlsycx6jes6VmCNRw,니지산지 마시로 클립계,유즈하 리코,Yuzuha Riko,CLICHE,마시로 하고 싶은 거 다 해,2023-02-17T13:13:46Z,615,26.0,0.0,133
