date,name_ko,group,subscribers,recent_avg_views,recent_avg_engagement_rate,uploads_per_week,reach_ratio
2026-08-12,가우르 구라,홀로라이브,4610000,1251428.1,0.07283,0.8,0.271
2026-08-12,고세구,이세계아이돌,537000,99105.9,0.05643,4.51,0.185
2026-08-12,네네코 마시로,StelLive,180000,90975.8,0.05028,1.88,0.505
2026-08-12,릴파,이세계아이돌,428000,85262.2,0.07091,6.77,0.199
2026-08-12,모리 캘리오프,홀로라이브,2620000,193097.2,0.10058,4.83,0.074
2026-08-12,모모스즈 네네,홀로라이브,1330000,110422.5,0.08487,3.56,0.083
2026-08-12,비챤,이세계아이돌,326000,46274.4,0.0892,7.0,0.142
2026-08-12,사키하네 후야,StelLive,130000,97191.9,0.0469,3.44,0.748
2026-08-12,시라유키 히나,StelLive,319000,136663.0,0.04417,3.69,0.428
2026-08-12,아라하시 타비,StelLive,255000,173111.8,0.03971,3.98,0.679
2026-08-12,아야츠노 유니,StelLive,358000,119713.6,0.04002,3.12,0.334
2026-08-12,아이네,이세계아이돌,359000,131206.3,0.04964,1.88,0.365
2026-08-12,아카네 리제,StelLive,347000,257785.4,0.04401,5.49,0.743
2026-08-12,우사다 페코라,홀로라이브,2790000,264149.0,0.04847,8.83,0.095
2026-08-12,이누가미 코로네,홀로라이브,2280000,222125.7,0.06041,3.62,0.097
2026-08-12,주르르,이세계아이돌,411000,84586.0,0.05703,1.88,0.206
2026-08-12,징버거,이세계아이돌,421000,128199.2,0.05464,4.23,0.305
2026-08-12,호쇼 마린,홀로라이브,4400000,808286.8,0.06564,3.76,0.184
2026-08-13,가우르 구라,홀로라이브,4610000,1252165.1,0.07282,0.8,0.272
2026-08-13,고세구,이세계아이돌,537000,99603.8,0.05579,4.41,0.185
2026-08-13,네네코 마시로,StelLive,180000,91653.1,0.05003,1.88,0.509
2026-08-13,릴파,이세계아이돌,428000,88420.7,0.06656,6.55,0.207
2026-08-13,모리 캘리오프,홀로라이브,2620000,201004.8,0.09541,5.34,0.077
2026-08-13,모모스즈 네네,홀로라이브,1330000,113872.1,0.08363,3.5,0.086
2026-08-13,비챤,이세계아이돌,326000,46816.9,0.08821,7.0,0.144
2026-08-13,사키하네 후야,StelLive,130000,101792.2,0.04496,3.44,0.783
2026-08-13,시라유키 히나,StelLive,319000,139162.7,0.03936,3.69,0.436
2026-08-13,아라하시 타비,StelLive,255000,176404.7,0.03912,4.06,0.692
2026-08-13,아야츠노 유니,StelLive,358000,121264.0,0.03982,3.12,0.339
2026-08-13,아이네,이세계아이돌,359000,132730.3,0.04945,1.88,0.37
2026-08-13,아카네 리제,StelLive,348000,270248.3,0.04089,5.49,0.777
2026-08-13,우사다 페코라,홀로라이브,2790000,259418.4,0.04991,8.46,0.093
2026-08-13,이누가미 코로네,홀로라이브,2280000,196919.9,0.06014,3.62,0.086
2026-08-13,주르르,이세계아이돌,411000,85455.4,0.05661,1.88,0.208
2026-08-13,징버거,이세계아이돌,421000,127665.3,0.05491,4.23,0.303
2026-08-13,호쇼 마린,홀로라이브,4400000,789523.3,0.06378,4.72,0.179
2026-08-14,가우르 구라,홀로라이브,4610000,1252565.8,0.07281,0.8,0.272
2026-08-14,고세구,이세계아이돌,537000,100364.2,0.05534,4.41,0.187
2026-08-14,네네코 마시로,StelLive,180000,90723.5,0.05132,1.9,0.504
2026-08-14,릴파,이세계아이돌,428000,90339.9,0.06541,6.55,0.211
2026-08-14,모리 캘리오프,홀로라이브,2620000,203668.0,0.09472,5.34,0.078
2026-08-14,모모스즈 네네,홀로라이브,1330000,115418.8,0.08311,3.5,0.087
2026-08-14,비챤,이세계아이돌,326000,46092.0,0.09107,6.55,0.141
2026-08-14,사키하네 후야,StelLive,130000,105609.5,0.04401,3.44,0.812
2026-08-14,시라유키 히나,StelLive,319000,140098.9,0.03907,3.69,0.439
2026-08-14,아라하시 타비,StelLive,255000,178548.6,0.03868,4.06,0.7
2026-08-14,아야츠노 유니,StelLive,359000,121368.4,0.03976,2.9,0.338
2026-08-14,아이네,이세계아이돌,359000,133697.2,0.04935,1.88,0.372
2026-08-14,아카네 리제,StelLive,348000,273716.4,0.04082,5.34,0.787
2026-08-14,우사다 페코라,홀로라이브,2790000,260442.9,0.04985,8.12,0.093
2026-08-14,이누가미 코로네,홀로라이브,2280000,198021.6,0.05976,3.62,0.087
2026-08-14,주르르,이세계아이돌,411000,85826.1,0.05644,1.88,0.209
2026-08-14,징버거,이세계아이돌,421000,125059.9,0.05566,4.14,0.297
2026-08-14,호쇼 마린,홀로라이브,4400000,767158.3,0.07058,5.49,0.174
2026-08-15,가우르 구라,홀로라이브,4610000,1252972.9,0.07281,0.8,0.272
2026-08-15,고세구,이세계아이돌,537000,100962.3,0.05508,4.41,0.188
2026-08-15,네네코 마시로,StelLive,180000,91299.4,0.05048,1.9,0.507
2026-08-15,릴파,이세계아이돌,428000,88358.3,0.06499,7.0,0.206
2026-08-15,모리 캘리오프,홀로라이브,2620000,205718.3,0.09326,5.34,0.079
2026-08-15,모모스즈 네네,홀로라이브,1330000,116139.1,0.08283,3.5,0.087
2026-08-15,비챤,이세계아이돌,326000,45176.8,0.09016,7.0,0.139
2026-08-15,사키하네 후야,StelLive,130000,107606.5,0.04374,3.44,0.828
2026-08-15,시라유키 히나,StelLive,319000,141076.5,0.03885,3.69,0.442
2026-08-15,아라하시 타비,StelLive,256000,180572.3,0.03848,4.06,0.705
2026-08-15,아야츠노 유니,StelLive,359000,123717.4,0.03918,2.9,0.345
2026-08-15,아이네,이세계아이돌,359000,134485.8,0.04926,1.88,0.375
2026-08-15,아카네 리제,StelLive,348000,266449.5,0.04095,5.49,0.766
2026-08-15,우사다 페코라,홀로라이브,2790000,259111.4,0.04991,7.81,0.093
2026-08-15,이누가미 코로네,홀로라이브,2280000,198463.0,0.05969,3.62,0.087
2026-08-15,주르르,이세계아이돌,411000,86169.9,0.0563,1.88,0.21
2026-08-15,징버거,이세계아이돌,421000,126920.0,0.05409,4.14,0.301
2026-08-15,호쇼 마린,홀로라이브,4400000,742480.4,0.07047,6.55,0.169
2026-08-16,가우르 구라,홀로라이브,4610000,1253329.9,0.0728,0.8,0.272
2026-08-16,고세구,이세계아이돌,537000,94838.4,0.0597,4.14,0.177
2026-08-16,네네코 마시로,StelLive,180000,91716.2,0.05019,1.9,0.51
2026-08-16,릴파,이세계아이돌,428000,91192.6,0.0642,7.0,0.213
2026-08-16,모리 캘리오프,홀로라이브,2620000,208832.9,0.09348,5.21,0.08
2026-08-16,모모스즈 네네,홀로라이브,1330000,116447.8,0.08271,3.5,0.088
2026-08-16,비챤,이세계아이돌,326000,46002.7,0.08892,7.0,0.141
2026-08-16,사키하네 후야,StelLive,130000,108868.4,0.04359,3.44,0.837
2026-08-16,시라유키 히나,StelLive,320000,145178.3,0.03914,3.56,0.454
2026-08-16,아라하시 타비,StelLive,256000,181984.6,0.03846,3.83,0.711
2026-08-16,아야츠노 유니,StelLive,359000,124793.9,0.03906,2.9,0.348
2026-08-16,아이네,이세계아이돌,359000,132414.5,0.05035,1.75,0.369
2026-08-16,아카네 리제,StelLive,349000,269755.3,0.04143,5.34,0.773
2026-08-16,우사다 페코라,홀로라이브,2790000,253298.6,0.04996,7.81,0.091
2026-08-16,이누가미 코로네,홀로라이브,2280000,198778.5,0.05967,3.62,0.087
2026-08-16,주르르,이세계아이돌,411000,83152.1,0.05974,1.8,0.202
2026-08-16,징버거,이세계아이돌,421000,125158.4,0.05477,4.23,0.297
2026-08-16,호쇼 마린,홀로라이브,4410000,665868.3,0.07066,8.46,0.151
2026-08-17,가우르 구라,홀로라이브,4610000,1253680.0,0.07279,0.8,0.272
2026-08-17,고세구,이세계아이돌,537000,95299.4,0.05874,4.14,0.177
2026-08-17,네네코 마시로,StelLive,181000,92115.3,0.04998,1.9,0.509
2026-08-17,릴파,이세계아이돌,428000,93912.7,0.06335,7.0,0.219
2026-08-17,모리 캘리오프,홀로라이브,2630000,210232.6,0.09317,5.21,0.08
2026-08-17,모모스즈 네네,홀로라이브,1330000,116814.3,0.08257,3.5,0.088
2026-08-17,비챤,이세계아이돌,325000,46599.4,0.0883,7.0,0.143
2026-08-17,사키하네 후야,StelLive,130000,108743.7,0.04432,3.33,0.836
2026-08-17,시라유키 히나,StelLive,320000,146973.8,0.03872,3.56,0.459
2026-08-17,아라하시 타비,StelLive,256000,184252.7,0.03801,3.83,0.72
2026-08-17,아야츠노 유니,StelLive,359000,125613.6,0.03896,2.9,0.35
2026-08-17,아이네,이세계아이돌,358000,133582.0,0.04977,1.75,0.373
2026-08-17,아카네 리제,StelLive,349000,275423.8,0.04136,5.49,0.789
2026-08-17,우사다 페코라,홀로라이브,2790000,259771.0,0.04837,7.81,0.093
2026-08-17,이누가미 코로네,홀로라이브,2280000,199090.9,0.05961,3.62,0.087
2026-08-17,주르르,이세계아이돌,411000,84114.9,0.05885,1.8,0.205
2026-08-17,징버거,이세계아이돌,421000,126788.6,0.05362,4.23,0.301
2026-08-17,호쇼 마린,홀로라이브,4410000,671220.9,0.07107,9.23,0.152
2026-08-18,가우르 구라,홀로라이브,4610000,1254063.7,0.07279,0.8,0.272
2026-08-18,고세구,이세계아이돌,537000,91914.2,0.05938,4.32,0.171
2026-08-18,네네코 마시로,StelLive,181000,92428.4,0.04984,1.9,0.511
2026-08-18,릴파,이세계아이돌,428000,95274.9,0.06298,7.0,0.223
2026-08-18,모리 캘리오프,홀로라이브,2630000,211647.3,0.08959,5.21,0.08
2026-08-18,모모스즈 네네,홀로라이브,1330000,112637.6,0.08321,3.33,0.085
2026-08-18,비챤,이세계아이돌,325000,46982.0,0.08791,7.0,0.145
2026-08-18,사키하네 후야,StelLive,131000,110277.8,0.04366,3.33,0.842
2026-08-18,시라유키 히나,StelLive,320000,148147.3,0.03851,3.56,0.463
2026-08-18,아라하시 타비,StelLive,256000,180370.1,0.03735,3.83,0.705
2026-08-18,아야츠노 유니,StelLive,359000,124279.9,0.03846,2.78,0.346
2026-08-18,아이네,이세계아이돌,358000,134161.9,0.04959,1.75,0.375
2026-08-18,아카네 리제,StelLive,349000,279573.7,0.04078,5.49,0.801
2026-08-18,우사다 페코라,홀로라이브,2790000,255728.2,0.05059,8.12,0.092
2026-08-18,이누가미 코로네,홀로라이브,2280000,195324.0,0.06132,3.5,0.086
2026-08-18,주르르,이세계아이돌,411000,84953.7,0.05837,1.8,0.207
2026-08-18,징버거,이세계아이돌,421000,127675.9,0.05317,4.23,0.303
2026-08-18,호쇼 마린,홀로라이브,4410000,687707.5,0.07018,10.15,0.156
2026-08-19,가우르 구라,홀로라이브,4610000,1254454.9,0.07279,0.8,0.272
2026-08-19,고세구,이세계아이돌,537000,80566.7,0.06099,4.32,0.15
2026-08-19,네네코 마시로,StelLive,181000,92705.0,0.0497,1.9,0.512
2026-08-19,릴파,이세계아이돌,428000,92009.9,0.06344,6.77,0.215
2026-08-19,모리 캘리오프,홀로라이브,2630000,212933.8,0.09266,5.21,0.081
2026-08-19,모모스즈 네네,홀로라이브,1330000,111754.3,0.0817,3.27,0.084
2026-08-19,비챤,이세계아이돌,325000,47299.5,0.08764,7.0,0.146
2026-08-19,사키하네 후야,StelLive,131000,109943.6,0.04446,3.38,0.839
2026-08-19,시라유키 히나,StelLive,320000,148894.2,0.03836,3.56,0.465
2026-08-19,아라하시 타비,StelLive,257000,186546.5,0.03702,3.98,0.726
2026-08-19,아야츠노 유니,StelLive,359000,125088.3,0.03825,2.78,0.348
2026-08-19,아이네,이세계아이돌,358000,134563.9,0.04946,1.75,0.376
2026-08-19,아카네 리제,StelLive,350000,254844.3,0.04151,5.21,0.728
2026-08-19,우사다 페코라,홀로라이브,2790000,254648.3,0.04996,8.12,0.091
2026-08-19,이누가미 코로네,홀로라이브,2280000,195993.8,0.06087,3.5,0.086
2026-08-19,주르르,이세계아이돌,411000,85555.4,0.05816,1.8,0.208
2026-08-19,징버거,이세계아이돌,421000,128313.0,0.05291,4.23,0.305
2026-08-19,호쇼 마린,홀로라이브,4410000,720364.7,0.06872,10.15,0.163
2026-08-20,가우르 구라,홀로라이브,4610000,1254860.6,0.07278,0.8,0.272
2026-08-20,고세구,이세계아이돌,537000,82339.9,0.05971,4.32,0.153
2026-08-20,네네코 마시로,StelLive,181000,92949.9,0.0496,1.9,0.514
2026-08-20,릴파,이세계아이돌,428000,93870.0,0.06281,6.77,0.219
2026-08-20,모리 캘리오프,홀로라이브,2630000,214270.4,0.09247,5.21,0.081
2026-08-20,모모스즈 네네,홀로라이브,1330000,112421.1,0.081,3.44,0.085
2026-08-20,비챤,이세계아이돌,325000,47312.1,0.08807,5.97,0.146
2026-08-20,사키하네 후야,StelLive,131000,110911.6,0.04422,3.38,0.847
2026-08-20,시라유키 히나,StelLive,320000,150352.5,0.03716,3.56,0.47
2026-08-20,아라하시 타비,StelLive,257000,188157.1,0.03697,3.9,0.732
2026-08-20,아야츠노 유니,StelLive,359000,125824.4,0.03815,2.78,0.35
2026-08-20,아이네,이세계아이돌,358000,134888.2,0.04937,1.75,0.377
2026-08-20,아카네 리제,StelLive,350000,257813.7,0.04116,5.21,0.737
2026-08-20,우사다 페코라,홀로라이브,2790000,253512.0,0.04907,7.81,0.091
2026-08-20,이누가미 코로네,홀로라이브,2280000,194100.0,0.06075,3.9,0.085
2026-08-20,주르르,이세계아이돌,411000,85972.8,0.058,1.8,0.209
2026-08-20,징버거,이세계아이돌,421000,128820.6,0.05275,4.23,0.306
2026-08-20,호쇼 마린,홀로라이브,4410000,742797.5,0.07034,9.67,0.168
2026-08-21,가우르 구라,홀로라이브,4610000,1255256.3,0.07277,0.8,0.272
2026-08-21,고세구,이세계아이돌,537000,83169.6,0.0593,4.32,0.155
2026-08-21,네네코 마시로,StelLive,181000,93167.9,0.04949,1.9,0.515
2026-08-21,릴파,이세계아이돌,428000,95069.2,0.06253,6.77,0.222
2026-08-21,모리 캘리오프,홀로라이브,2630000,212990.2,0.09848,4.61,0.081
2026-08-21,모모스즈 네네,홀로라이브,1330000,112812.6,0.08076,3.44,0.085
2026-08-21,비챤,이세계아이돌,325000,47878.7,0.0869,5.97,0.147
2026-08-21,사키하네 후야,StelLive,131000,110498.9,0.04449,3.38,0.844
2026-08-21,시라유키 히나,StelLive,320000,151921.3,0.03648,3.56,0.475
2026-08-21,아라하시 타비,StelLive,257000,190570.3,0.03661,3.9,0.742
2026-08-21,아야츠노 유니,StelLive,359000,123087.6,0.03744,2.74,0.343
2026-08-21,아이네,이세계아이돌,358000,135191.3,0.04927,1.75,0.378
2026-08-21,아카네 리제,StelLive,350000,208611.7,0.04138,5.21,0.596
2026-08-21,우사다 페코라,홀로라이브,2790000,244059.3,0.04951,8.12,0.087
2026-08-21,이누가미 코로네,홀로라이브,2280000,195286.4,0.06047,3.9,0.086
2026-08-21,주르르,이세계아이돌,411000,86327.1,0.05786,1.8,0.21
2026-08-21,징버거,이세계아이돌,421000,129027.2,0.05273,4.06,0.306
2026-08-21,호쇼 마린,홀로라이브,4410000,769931.7,0.06908,9.67,0.175
2026-08-22,가우르 구라,홀로라이브,4610000,1255680.2,0.07277,0.8,0.272
2026-08-22,고세구,이세계아이돌,536000,83860.3,0.05896,4.32,0.156
2026-08-22,네네코 마시로,StelLive,181000,92567.0,0.05035,1.83,0.511
2026-08-22,릴파,이세계아이돌,427000,90769.8,0.06414,6.34,0.213
2026-08-22,모리 캘리오프,홀로라이브,2630000,189958.8,0.09546,5.08,0.072
2026-08-22,모모스즈 네네,홀로라이브,1330000,114103.2,0.0822,3.33,0.086
2026-08-22,비챤,이세계아이돌,325000,48270.3,0.0838,5.97,0.149
2026-08-22,사키하네 후야,StelLive,131000,111344.8,0.04418,3.38,0.85
2026-08-22,시라유키 히나,StelLive,320000,153238.2,0.03614,3.56,0.479
2026-08-22,아라하시 타비,StelLive,257000,192518.4,0.03641,3.9,0.749
2026-08-22,아야츠노 유니,StelLive,359000,124603.8,0.03717,2.74,0.347
2026-08-22,아이네,이세계아이돌,358000,135546.9,0.04918,1.75,0.379
2026-08-22,아카네 리제,StelLive,350000,212944.0,0.04201,5.21,0.608
2026-08-22,우사다 페코라,홀로라이브,2790000,247938.7,0.04946,8.12,0.089
2026-08-22,이누가미 코로네,홀로라이브,2280000,195727.5,0.06036,3.9,0.086
2026-08-22,주르르,이세계아이돌,411000,86709.1,0.05768,1.8,0.211
2026-08-22,징버거,이세계아이돌,421000,130167.2,0.05225,4.06,0.309
2026-08-22,호쇼 마린,홀로라이브,4410000,785152.5,0.06928,9.23,0.178
2026-08-23,가우르 구라,홀로라이브,4610000,1256060.0,0.07276,0.8,0.272
2026-08-23,고세구,이세계아이돌,536000,84314.6,0.05868,4.32,0.157
2026-08-23,네네코 마시로,StelLive,181000,93441.2,0.04992,1.83,0.516
2026-08-23,릴파,이세계아이돌,427000,93772.9,0.06241,6.34,0.22
2026-08-23,모리 캘리오프,홀로라이브,2630000,189757.1,0.09434,4.95,0.072
2026-08-23,모모스즈 네네,홀로라이브,1330000,114329.3,0.08226,3.33,0.086
2026-08-23,비챤,이세계아이돌,325000,46233.0,0.08919,5.8,0.142
2026-08-23,사키하네 후야,StelLive,131000,111862.7,0.04405,3.38,0.854
2026-08-23,시라유키 히나,StelLive,320000,154157.0,0.03594,3.56,0.482
2026-08-23,아라하시 타비,StelLive,257000,164760.2,0.03717,3.83,0.641
2026-08-23,아야츠노 유니,StelLive,359000,125424.5,0.03717,2.74,0.349
2026-08-23,아이네,이세계아이돌,358000,135882.0,0.04911,1.75,0.38
2026-08-23,아카네 리제,StelLive,350000,205069.2,0.04175,5.34,0.586
2026-08-23,우사다 페코라,홀로라이브,2790000,236410.5,0.04955,8.12,0.085
2026-08-23,이누가미 코로네,홀로라이브,2280000,196102.8,0.0603,3.9,0.086
2026-08-23,주르르,이세계아이돌,411000,83471.0,0.06087,1.69,0.203
2026-08-23,징버거,이세계아이돌,421000,130904.9,0.05207,4.06,0.311
2026-08-23,호쇼 마린,홀로라이브,4410000,807576.7,0.06821,9.23,0.183
2026-08-24,가우르 구라,홀로라이브,4610000,1256453.8,0.07276,0.8,0.273
2026-08-24,고세구,이세계아이돌,536000,84686.9,0.05845,4.32,0.158
2026-08-24,네네코 마시로,StelLive,181000,93871.7,0.04975,1.83,0.519
2026-08-24,릴파,이세계아이돌,427000,96496.5,0.06187,6.34,0.226
2026-08-24,모리 캘리오프,홀로라이브,2630000,195540.0,0.09304,4.95,0.074
2026-08-24,모모스즈 네네,홀로라이브,1330000,114493.6,0.08217,3.33,0.086
2026-08-24,비챤,이세계아이돌,325000,46889.4,0.08746,5.8,0.144
2026-08-24,사키하네 후야,StelLive,131000,111979.4,0.04382,3.38,0.855
2026-08-24,시라유키 히나,StelLive,319000,158667.6,0.03671,3.44,0.497
2026-08-24,아라하시 타비,StelLive,257000,166485.0,0.03683,3.83,0.648
2026-08-24,아야츠노 유니,StelLive,359000,124423.0,0.0374,2.74,0.347
2026-08-24,아이네,이세계아이돌,358000,136152.8,0.04906,1.75,0.38
2026-08-24,아카네 리제,StelLive,351000,207701.4,0.04146,5.34,0.592
2026-08-24,우사다 페코라,홀로라이브,2790000,246534.4,0.04922,7.81,0.088
2026-08-24,이누가미 코로네,홀로라이브,2280000,196349.2,0.06025,3.9,0.086
2026-08-24,주르르,이세계아이돌,411000,83977.6,0.0602,1.69,0.204
2026-08-24,징버거,이세계아이돌,421000,131430.5,0.05195,4.06,0.312
2026-08-24,호쇼 마린,홀로라이브,4410000,822938.2,0.06758,9.23,0.187
2026-08-25,가우르 구라,홀로라이브,4610000,1256880.8,0.07275,0.8,0.273
2026-08-25,고세구,이세계아이돌,536000,85002.1,0.05822,4.32,0.159
2026-08-25,네네코 마시로,StelLive,181000,92863.1,0.04932,1.85,0.513
2026-08-25,릴파,이세계아이돌,427000,98626.1,0.06166,5.97,0.231
2026-08-25,모리 캘리오프,홀로라이브,2630000,201740.2,0.09206,4.83,0.077
2026-08-25,모모스즈 네네,홀로라이브,1330000,114707.1,0.08208,3.33,0.086
2026-08-25,비챤,이세계아이돌,325000,47262.0,0.08672,5.8,0.145
2026-08-25,사키하네 후야,StelLive,131000,112890.2,0.04356,3.38,0.862
2026-08-25,시라유키 히나,StelLive,319000,162379.7,0.0359,3.44,0.509
2026-08-25,아라하시 타비,StelLive,257000,165302.8,0.03648,3.76,0.643
2026-08-25,아야츠노 유니,StelLive,359000,125307.0,0.03715,2.74,0.349
2026-08-25,아이네,이세계아이돌,358000,136448.1,0.049,1.75,0.381
2026-08-25,아카네 리제,StelLive,351000,215309.7,0.04172,5.21,0.613
2026-08-25,우사다 페코라,홀로라이브,2790000,239654.4,0.05077,7.52,0.086
2026-08-25,이누가미 코로네,홀로라이브,2280000,196632.1,0.06017,3.9,0.086
2026-08-25,주르르,이세계아이돌,411000,83136.1,0.06443,1.69,0.202
2026-08-25,징버거,이세계아이돌,421000,107340.6,0.05416,3.83,0.255
2026-08-25,호쇼 마린,홀로라이브,4410000,837974.5,0.06702,9.23,0.19
2026-08-26,가우르 구라,홀로라이브,4610000,1257337.3,0.07275,0.8,0.273
2026-08-26,고세구,이세계아이돌,536000,80835.9,0.06338,3.9,0.151
2026-08-26,네네코 마시로,StelLive,181000,93159.5,0.04924,1.85,0.515
2026-08-26,릴파,이세계아이돌,427000,98038.4,0.06308,5.97,0.23
2026-08-26,모리 캘리오프,홀로라이브,2630000,195998.4,0.09196,5.08,0.075
2026-08-26,모모스즈 네네,홀로라이브,1330000,114950.8,0.08191,3.33,0.086
2026-08-26,비챤,이세계아이돌,325000,47582.7,0.08632,5.8,0.146
2026-08-26,사키하네 후야,StelLive,131000,114975.7,0.04443,3.38,0.878
2026-08-26,시라유키 히나,StelLive,319000,164492.6,0.03683,3.44,0.516
2026-08-26,아라하시 타비,StelLive,258000,168080.2,0.03829,3.76,0.651
2026-08-26,아야츠노 유니,StelLive,359000,125918.8,0.03706,2.74,0.351
2026-08-26,아이네,이세계아이돌,358000,136773.5,0.04893,1.75,0.382
2026-08-26,아카네 리제,StelLive,351000,219280.2,0.04126,5.21,0.625
2026-08-26,우사다 페코라,홀로라이브,2790000,224847.8,0.05023,7.81,0.081
2026-08-26,이누가미 코로네,홀로라이브,2280000,196898.7,0.0601,3.9,0.086
2026-08-26,주르르,이세계아이돌,411000,84369.1,0.06196,1.69,0.205
2026-08-26,징버거,이세계아이돌,421000,103038.8,0.0559,3.83,0.245
2026-08-26,호쇼 마린,홀로라이브,4410000,802587.7,0.06626,7.52,0.182
2026-08-28,가우르 구라,홀로라이브,4610000,1257935.9,0.07274,0.8,0.273
2026-08-28,고세구,이세계아이돌,536000,83027.2,0.06027,4.41,0.155
2026-08-28,네네코 마시로,StelLive,181000,93581.3,0.04905,1.85,0.517
2026-08-28,릴파,이세계아이돌,427000,93884.2,0.06615,5.97,0.22
2026-08-28,모리 캘리오프,홀로라이브,2630000,193073.4,0.09313,4.95,0.073
2026-08-28,모모스즈 네네,홀로라이브,1330000,121238.9,0.0791,3.08,0.091
2026-08-28,비챤,이세계아이돌,325000,48338.1,0.08369,5.21,0.149
2026-08-28,사키하네 후야,StelLive,131000,116161.5,0.04384,3.38,0.887
2026-08-28,시라유키 히나,StelLive,319000,166858.4,0.03597,3.44,0.523
2026-08-28,아라하시 타비,StelLive,258000,168938.2,0.0368,3.76,0.655
2026-08-28,아야츠노 유니,StelLive,359000,126725.4,0.03689,2.74,0.353
2026-08-28,아이네,이세계아이돌,358000,137134.4,0.04881,1.75,0.383
2026-08-28,아카네 리제,StelLive,351000,224818.3,0.04039,5.21,0.641
2026-08-28,우사다 페코라,홀로라이브,2790000,236595.1,0.04915,7.25,0.085
2026-08-28,이누가미 코로네,홀로라이브,2280000,197312.6,0.05996,3.9,0.087
2026-08-28,주르르,이세계아이돌,410000,81375.6,0.06247,1.68,0.198
2026-08-28,징버거,이세계아이돌,421000,104639.6,0.05504,3.83,0.249
2026-08-28,호쇼 마린,홀로라이브,4410000,819119.7,0.06545,7.52,0.186
2026-08-29,가우르 구라,홀로라이브,4610000,1258936.2,0.07273,0.8,0.273
2026-08-29,고세구,이세계아이돌,536000,87854.5,0.05832,4.72,0.164
2026-08-29,네네코 마시로,StelLive,182000,98517.9,0.04937,1.78,0.541
2026-08-29,릴파,이세계아이돌,427000,92155.2,0.06145,6.15,0.216
2026-08-29,모리 캘리오프,홀로라이브,2630000,208641.8,0.08967,4.83,0.079
2026-08-29,모모스즈 네네,홀로라이브,1330000,124979.0,0.07673,3.03,0.094
2026-08-29,비챤,이세계아이돌,325000,50446.3,0.08273,5.21,0.155
2026-08-29,사키하네 후야,StelLive,131000,115910.7,0.04254,3.44,0.885
2026-08-29,시라유키 히나,StelLive,319000,163755.8,0.03582,3.38,0.513
2026-08-29,아라하시 타비,StelLive,258000,172802.3,0.03591,3.76,0.67
2026-08-29,아야츠노 유니,StelLive,359000,128017.2,0.03604,2.71,0.357
2026-08-29,아이네,이세계아이돌,358000,137793.9,0.04862,1.75,0.385
2026-08-29,아카네 리제,StelLive,352000,224983.9,0.03868,5.08,0.639
2026-08-29,우사다 페코라,홀로라이브,2790000,266421.4,0.04634,7.52,0.095
2026-08-29,이누가미 코로네,홀로라이브,2280000,202015.7,0.05852,3.44,0.089
2026-08-29,주르르,이세계아이돌,410000,82049.9,0.0642,1.81,0.2
2026-08-29,징버거,이세계아이돌,420000,107234.4,0.05323,3.9,0.255
2026-08-29,호쇼 마린,홀로라이브,4410000,852963.5,0.06319,7.25,0.193
2026-08-30,가우르 구라,홀로라이브,4600000,1259426.4,0.07272,0.8,0.274
2026-08-30,고세구,이세계아이돌,536000,93760.5,0.05596,4.72,0.175
2026-08-30,네네코 마시로,StelLive,182000,105933.6,0.04764,1.81,0.582
2026-08-30,릴파,이세계아이돌,427000,95449.9,0.06018,6.15,0.224
2026-08-30,모리 캘리오프,홀로라이브,2630000,191231.4,0.08673,5.64,0.073
2026-08-30,모모스즈 네네,홀로라이브,1330000,126227.0,0.07642,3.03,0.095
2026-08-30,비챤,이세계아이돌,325000,52208.6,0.08082,4.95,0.161
2026-08-30,사키하네 후야,StelLive,131000,112174.4,0.04159,3.56,0.856
2026-08-30,시라유키 히나,StelLive,319000,165559.3,0.03548,3.38,0.519
2026-08-30,아라하시 타비,StelLive,258000,156103.4,0.0354,3.76,0.605
2026-08-30,아야츠노 유니,StelLive,359000,129103.1,0.03591,2.71,0.36
2026-08-30,아이네,이세계아이돌,358000,138199.6,0.04851,1.75,0.386
2026-08-30,아카네 리제,StelLive,352000,210620.7,0.03771,5.08,0.598
2026-08-30,우사다 페코라,홀로라이브,2790000,325960.0,0.04539,7.25,0.117
2026-08-30,이누가미 코로네,홀로라이브,2280000,203432.0,0.05832,3.44,0.089
2026-08-30,주르르,이세계아이돌,410000,83428.6,0.06314,1.81,0.203
2026-08-30,징버거,이세계아이돌,420000,109067.3,0.05267,3.9,0.26
2026-08-30,호쇼 마린,홀로라이브,4410000,856489.8,0.06315,7.81,0.194
