date,name_ko,unit,followers,stream_count,streams_per_week,avg_duration_h,hours_per_week,night_share,avg_vod_views
2026-08-12,강지,STELLIVE,287156,300,5.02,6.28,31.6,0.293,3134
2026-08-12,네네코 마시로,UNIVERSE,209823,300,5.2,4.76,24.7,0.237,3108
2026-08-12,사키하네 후야,EVERYS,156746,243,5.23,5.19,27.1,0.399,3450
2026-08-12,시라유키 히나,UNIVERSE,236847,300,5.48,5.93,32.5,0.707,4711
2026-08-12,아라하시 타비,UNIVERSE,255327,300,5.24,7.14,37.4,0.643,5395
2026-08-12,아야츠노 유니,EVERYS,301924,300,5.4,6.37,34.4,0.477,3899
2026-08-12,아오쿠모 린,CLICHE,219108,300,4.54,4.48,20.3,0.643,3793
2026-08-12,아카네 리제,UNIVERSE,252900,300,4.7,5.07,23.8,0.653,3795
2026-08-12,유즈하 리코,CLICHE,209340,300,4.77,6.79,32.4,0.647,4335
2026-08-12,텐코 시부키,CLICHE,241119,300,5.02,6.99,35.1,0.8,6819
2026-08-12,하나코 나나,CLICHE,207431,300,4.22,5.24,22.1,0.49,3878
2026-08-13,강지,STELLIVE,287636,300,5.01,6.27,31.4,0.293,3134
2026-08-13,네네코 마시로,UNIVERSE,209997,300,5.22,4.76,24.9,0.237,3114
2026-08-13,사키하네 후야,EVERYS,156947,244,5.24,5.19,27.2,0.398,3445
2026-08-13,시라유키 히나,UNIVERSE,237074,300,5.44,5.92,32.2,0.71,4700
2026-08-13,아라하시 타비,UNIVERSE,255570,300,5.24,7.14,37.4,0.643,5414
2026-08-13,아야츠노 유니,EVERYS,302090,300,5.38,6.36,34.2,0.47,3893
2026-08-13,아오쿠모 린,CLICHE,219500,300,4.54,4.48,20.3,0.647,3781
2026-08-13,아카네 리제,UNIVERSE,253183,300,4.72,5.02,23.7,0.647,3767
2026-08-13,유즈하 리코,CLICHE,209677,300,4.76,6.81,32.4,0.65,4334
2026-08-13,텐코 시부키,CLICHE,241457,300,5.02,6.98,35.1,0.8,6778
2026-08-13,하나코 나나,CLICHE,207755,300,4.23,5.25,22.2,0.49,3860
2026-08-14,강지,STELLIVE,287698,300,5.01,6.27,31.4,0.293,3141
2026-08-14,네네코 마시로,UNIVERSE,210114,300,5.21,4.77,24.9,0.237,3117
2026-08-14,사키하네 후야,EVERYS,157028,245,5.23,5.18,27.1,0.396,3436
2026-08-14,시라유키 히나,UNIVERSE,237203,300,5.45,5.92,32.3,0.707,4695
2026-08-14,아라하시 타비,UNIVERSE,255671,300,5.24,7.14,37.4,0.643,5423
2026-08-14,아야츠노 유니,EVERYS,302262,300,5.38,6.36,34.3,0.47,3897
2026-08-14,아오쿠모 린,CLICHE,219623,300,4.54,4.48,20.3,0.647,3791
2026-08-14,아카네 리제,UNIVERSE,253312,300,4.74,5.02,23.8,0.65,3765
2026-08-14,유즈하 리코,CLICHE,209864,300,4.76,6.82,32.5,0.65,4338
2026-08-14,텐코 시부키,CLICHE,241593,300,5.04,6.96,35.1,0.8,6754
2026-08-14,하나코 나나,CLICHE,207907,300,4.23,5.24,22.2,0.493,3857
2026-08-15,강지,STELLIVE,287919,300,4.99,6.27,31.3,0.293,3137
2026-08-15,네네코 마시로,UNIVERSE,210317,300,5.21,4.78,24.9,0.233,3119
2026-08-15,사키하네 후야,EVERYS,157174,245,5.23,5.18,27.1,0.396,3441
2026-08-15,시라유키 히나,UNIVERSE,237470,300,5.45,5.94,32.4,0.707,4720
2026-08-15,아라하시 타비,UNIVERSE,255977,300,5.21,7.16,37.3,0.647,5421
2026-08-15,아야츠노 유니,EVERYS,302450,300,5.37,6.36,34.1,0.467,3901
2026-08-15,아오쿠모 린,CLICHE,219791,300,4.54,4.48,20.3,0.647,3797
2026-08-15,아카네 리제,UNIVERSE,253471,300,4.74,5.02,23.8,0.65,3776
2026-08-15,유즈하 리코,CLICHE,210079,300,4.77,6.8,32.5,0.65,4349
2026-08-15,텐코 시부키,CLICHE,241756,300,5.04,6.96,35.1,0.8,6767
2026-08-15,하나코 나나,CLICHE,208169,300,4.23,5.26,22.2,0.49,3868
2026-08-16,강지,STELLIVE,288151,300,4.98,6.3,31.3,0.297,3139
2026-08-16,네네코 마시로,UNIVERSE,210459,300,5.21,4.78,24.9,0.233,3118
2026-08-16,사키하네 후야,EVERYS,157287,245,5.23,5.18,27.1,0.396,3444
2026-08-16,시라유키 히나,UNIVERSE,237583,300,5.6,5.88,33.0,0.697,4699
2026-08-16,아라하시 타비,UNIVERSE,256175,300,5.21,7.18,37.4,0.647,5386
2026-08-16,아야츠노 유니,EVERYS,302598,300,5.37,6.37,34.2,0.467,3905
2026-08-16,아오쿠모 린,CLICHE,219981,300,4.55,4.49,20.4,0.643,3793
2026-08-16,아카네 리제,UNIVERSE,253658,300,4.72,5.01,23.7,0.65,3770
2026-08-16,유즈하 리코,CLICHE,210249,300,4.79,6.8,32.6,0.65,4351
2026-08-16,텐코 시부키,CLICHE,241960,300,5.02,6.95,34.9,0.8,6740
2026-08-16,하나코 나나,CLICHE,208355,300,4.23,5.24,22.2,0.49,3866
2026-08-17,강지,STELLIVE,288247,300,4.98,6.3,31.3,0.297,3149
2026-08-17,네네코 마시로,UNIVERSE,210644,300,5.24,4.78,25.1,0.233,3123
2026-08-17,사키하네 후야,EVERYS,157443,246,5.2,5.17,26.9,0.398,3435
2026-08-17,시라유키 히나,UNIVERSE,237714,300,5.6,5.88,32.9,0.693,4708
2026-08-17,아라하시 타비,UNIVERSE,256361,300,5.21,7.19,37.5,0.647,5390
2026-08-17,아야츠노 유니,EVERYS,302761,300,5.4,6.39,34.5,0.47,3898
2026-08-17,아오쿠모 린,CLICHE,220211,300,4.55,4.48,20.4,0.64,3791
2026-08-17,아카네 리제,UNIVERSE,253886,300,4.73,5.02,23.7,0.65,3766
2026-08-17,유즈하 리코,CLICHE,210409,300,4.79,6.8,32.6,0.65,4355
2026-08-17,텐코 시부키,CLICHE,242141,300,5.02,6.93,34.8,0.8,6726
2026-08-17,하나코 나나,CLICHE,208518,300,4.23,5.21,22.0,0.49,3867
2026-08-18,강지,STELLIVE,288317,300,4.98,6.3,31.3,0.297,3154
2026-08-18,네네코 마시로,UNIVERSE,210755,300,5.24,4.77,25.0,0.23,3125
2026-08-18,사키하네 후야,EVERYS,157522,246,5.2,5.17,26.9,0.398,3441
2026-08-18,시라유키 히나,UNIVERSE,237774,300,5.6,5.88,32.9,0.693,4720
2026-08-18,아라하시 타비,UNIVERSE,256437,300,5.21,7.19,37.5,0.647,5402
2026-08-18,아야츠노 유니,EVERYS,302816,300,5.4,6.39,34.5,0.47,3906
2026-08-18,아오쿠모 린,CLICHE,220367,300,4.55,4.47,20.3,0.637,3795
2026-08-18,아카네 리제,UNIVERSE,253957,300,4.73,5.02,23.7,0.65,3774
2026-08-18,유즈하 리코,CLICHE,210488,300,4.79,6.8,32.6,0.65,4364
2026-08-18,텐코 시부키,CLICHE,242289,300,5.04,6.92,34.8,0.8,6721
2026-08-18,하나코 나나,CLICHE,208608,300,4.23,5.21,22.0,0.49,3875
2026-08-19,강지,STELLIVE,288368,300,4.98,6.3,31.3,0.297,3158
2026-08-19,네네코 마시로,UNIVERSE,210899,300,5.24,4.79,25.1,0.23,3130
2026-08-19,사키하네 후야,EVERYS,157619,247,5.19,5.17,26.8,0.397,3434
2026-08-19,시라유키 히나,UNIVERSE,237879,300,5.59,5.88,32.8,0.69,4725
2026-08-19,아라하시 타비,UNIVERSE,256514,300,5.2,7.17,37.3,0.643,5402
2026-08-19,아야츠노 유니,EVERYS,302866,300,5.4,6.39,34.5,0.47,3911
2026-08-19,아오쿠모 린,CLICHE,220452,300,4.55,4.47,20.3,0.637,3803
2026-08-19,아카네 리제,UNIVERSE,254185,300,4.73,5.02,23.7,0.653,3765
2026-08-19,유즈하 리코,CLICHE,210557,300,4.79,6.8,32.6,0.65,4370
2026-08-19,텐코 시부키,CLICHE,242361,300,5.04,6.92,34.8,0.8,6737
2026-08-19,하나코 나나,CLICHE,208658,300,4.23,5.21,22.0,0.49,3880
2026-08-20,강지,STELLIVE,288622,300,4.94,6.31,31.2,0.297,3172
2026-08-20,네네코 마시로,UNIVERSE,210889,300,5.24,4.79,25.1,0.23,3141
2026-08-20,사키하네 후야,EVERYS,157624,247,5.19,5.17,26.8,0.397,3439
2026-08-20,시라유키 히나,UNIVERSE,237734,300,5.59,5.86,32.7,0.687,5067
2026-08-20,아라하시 타비,UNIVERSE,256562,300,5.2,7.17,37.3,0.643,5413
2026-08-20,아야츠노 유니,EVERYS,302839,300,5.4,6.39,34.5,0.47,3914
2026-08-20,아오쿠모 린,CLICHE,220579,300,4.53,4.48,20.3,0.64,3795
2026-08-20,아카네 리제,UNIVERSE,254143,300,4.73,5.02,23.7,0.653,3776
2026-08-20,유즈하 리코,CLICHE,210544,300,4.79,6.8,32.6,0.65,4374
2026-08-20,텐코 시부키,CLICHE,242326,300,5.04,6.92,34.8,0.8,6749
2026-08-20,하나코 나나,CLICHE,208656,300,4.23,5.21,22.0,0.49,3884
2026-08-21,강지,STELLIVE,288673,300,4.94,6.31,31.2,0.297,3189
2026-08-21,네네코 마시로,UNIVERSE,211012,300,5.21,4.79,24.9,0.233,3136
2026-08-21,사키하네 후야,EVERYS,157656,247,5.19,5.17,26.8,0.397,3443
2026-08-21,시라유키 히나,UNIVERSE,237722,300,5.59,5.86,32.7,0.687,5257
2026-08-21,아라하시 타비,UNIVERSE,256648,300,5.19,7.18,37.2,0.647,5410
2026-08-21,아야츠노 유니,EVERYS,302836,300,5.36,6.38,34.2,0.467,3907
2026-08-21,아오쿠모 린,CLICHE,220709,300,4.53,4.48,20.3,0.64,3797
2026-08-21,아카네 리제,UNIVERSE,254362,300,4.72,5.04,23.8,0.653,3774
2026-08-21,유즈하 리코,CLICHE,210544,300,4.79,6.8,32.6,0.65,4378
2026-08-21,텐코 시부키,CLICHE,242303,300,5.04,6.92,34.8,0.8,6757
2026-08-21,하나코 나나,CLICHE,208686,300,4.23,5.21,22.0,0.49,3888
