video_id,channel_id,group,name_ko,name_en,title,published_at,views,likes,comments
_vSXJtE_E-E,UClbYIn9LDbbFZ9w2shX3K0g,StelLive,아야츠노 유니,Ayatsuno Yuni,오징어엔 간장 아닌... 아니야아니야 취소취소,2026-08-14T11:30:26Z,94026,2739,490
-GWXzsvK9CA,UClbYIn9LDbbFZ9w2shX3K0g,StelLive,아야츠노 유니,Ayatsuno Yuni,"잘 가라, 포대장. 내가 없는 시대에 태어난 것뿐인 범부(凡夫)여.",2026-08-09T09:00:36Z,102458,2645,310
t1HQYh_db9U,UClbYIn9LDbbFZ9w2shX3K0g,StelLive,아야츠노 유니,Ayatsuno Yuni,린연시 성공했긴 한데 ...,2026-08-07T08:00:15Z,59470,2010,116
U1_WckdfZM8,UClbYIn9LDbbFZ9w2shX3K0g,StelLive,아야츠노 유니,Ayatsuno Yuni,유니는 하얀 머린데 까만 머리카락이 있네...?,2026-08-03T09:01:47Z,67072,1837,101
cbl-eMyOrgg,UClbYIn9LDbbFZ9w2shX3K0g,StelLive,아야츠노 유니,Ayatsuno Yuni,망아지가 택시 타면 생기는 일,2026-07-30T09:30:14Z,43002,1668,171
YKvPGoUpgic,UClbYIn9LDbbFZ9w2shX3K0g,StelLive,아야츠노 유니,Ayatsuno Yuni,요약 한 번 당해볼래?,2026-07-28T09:00:08Z,40055,1449,152
O0m9seBBkFg,UClbYIn9LDbbFZ9w2shX3K0g,StelLive,아야츠노 유니,Ayatsuno Yuni,✨점메추 해드립니다✨ #유니 #stellive #스텔라이브,2026-07-27T03:00:12Z,43638,3169,542
KmGi0PHUlJk,UClbYIn9LDbbFZ9w2shX3K0g,StelLive,아야츠노 유니,Ayatsuno Yuni,신난 망아지 볼 사람,2026-07-25T09:00:13Z,52822,1893,122
GiaDQPVBDsM,UClbYIn9LDbbFZ9w2shX3K0g,StelLive,아야츠노 유니,Ayatsuno Yuni,다이죠부이데쇼 😎💜  #stellive #스텔라이브 #유니,2026-07-24T03:00:35Z,479523,18297,338
8jptHIO9ubM,UClbYIn9LDbbFZ9w2shX3K0g,StelLive,아야츠노 유니,Ayatsuno Yuni,끝나지 않은 메호대전 [웃긴 축구 움짤 월드컵],2026-07-22T09:05:09Z,60960,1973,206
kol_Wov5FeA,UClbYIn9LDbbFZ9w2shX3K0g,StelLive,아야츠노 유니,Ayatsuno Yuni,유기도문 ON,2026-07-20T09:15:03Z,56636,1916,124
NI4e7uGlqTU,UClbYIn9LDbbFZ9w2shX3K0g,StelLive,아야츠노 유니,Ayatsuno Yuni,【핫클립】고소하네 후야,2026-07-16T09:00:31Z,70105,2358,136
wsBjQyblpWM,UClbYIn9LDbbFZ9w2shX3K0g,StelLive,아야츠노 유니,Ayatsuno Yuni,✨ 잘한다 잘한다 잘한다 ✨ #stellive #스텔라이브  #유니 #잘한다,2026-07-14T05:00:27Z,149126,8073,205
K7MzUWpMvHY,UClbYIn9LDbbFZ9w2shX3K0g,StelLive,아야츠노 유니,Ayatsuno Yuni,민트짱 민트짱 민트초코짱 #stellive #스텔라이브 #유니 #민트초코 #민초,2026-07-13T10:00:14Z,140946,6613,125
c8ddcexRsiU,UClbYIn9LDbbFZ9w2shX3K0g,StelLive,아야츠노 유니,Ayatsuno Yuni,아 진짜 진짜 마지막 찐막,2026-07-12T09:00:12Z,109963,2063,228
egoTEH8teX0,UClbYIn9LDbbFZ9w2shX3K0g,StelLive,아야츠노 유니,Ayatsuno Yuni,아 르 냥 일 어 나 🕗 !! #stellive #스텔라이브 #유니 #알람,2026-07-09T23:00:24Z,608690,17250,293
j9csrxAsdys,UClbYIn9LDbbFZ9w2shX3K0g,StelLive,아야츠노 유니,Ayatsuno Yuni,부적! 구스루! 부적! 구스루! 쿠나이! 힐! 힐! 쿠나이!,2026-07-08T09:00:36Z,70179,2075,145
4o_FH4v1c2A,UClbYIn9LDbbFZ9w2shX3K0g,StelLive,아야츠노 유니,Ayatsuno Yuni,순진한 외노자 놀려먹기,2026-07-04T09:00:16Z,67630,2205,189
Aeh8W9X7xgI,UClbYIn9LDbbFZ9w2shX3K0g,StelLive,아야츠노 유니,Ayatsuno Yuni,3초 준다 나와라! [MECCHA CHAMELEON],2026-06-30T09:00:04Z,106404,2529,118
z_ikisAde44,UClbYIn9LDbbFZ9w2shX3K0g,StelLive,아야츠노 유니,Ayatsuno Yuni,【핫클립】한글패치 누가 했냐,2026-06-27T09:00:35Z,158193,3670,213
_GtqXRMM9ik,UClbYIn9LDbbFZ9w2shX3K0g,StelLive,아야츠노 유니,Ayatsuno Yuni,오늘만을 기다렸다...,2026-06-25T09:00:35Z,235816,4539,327
j-tpT7Qsaag,UClbYIn9LDbbFZ9w2shX3K0g,StelLive,아야츠노 유니,Ayatsuno Yuni,떠꾸꾸꾸 미여꾸꾸꾸 만두꾸꾸 [한식 월드컵],2026-06-22T09:00:25Z,119607,3534,444
VLZ9fTfDTRU,UClbYIn9LDbbFZ9w2shX3K0g,StelLive,아야츠노 유니,Ayatsuno Yuni,정상이 없네 ...,2026-06-19T09:00:30Z,62597,2047,96
uj3YFYiq54g,UClbYIn9LDbbFZ9w2shX3K0g,StelLive,아야츠노 유니,Ayatsuno Yuni,유니를 따라와 내일을 향해! 계속 함께할 테니까💜 I STAR TRAIL,2026-06-19T08:08:11Z,98044,7852,290
1tnc3DNZfoc,UClbYIn9LDbbFZ9w2shX3K0g,StelLive,아야츠노 유니,Ayatsuno Yuni,안된다 안카나,2026-06-16T09:00:04Z,213993,4192,1303
mNXi5zutJLI,UClbYIn9LDbbFZ9w2shX3K0g,StelLive,아야츠노 유니,Ayatsuno Yuni,한창 어흐가 좋을 나이,2026-06-13T09:00:27Z,69040,2350,140
-H9YmskznXg,UClbYIn9LDbbFZ9w2shX3K0g,StelLive,아야츠노 유니,Ayatsuno Yuni,★식사 중 시청 권장★ 역대급 귀여운(?) 벌레 월드컵,2026-06-11T03:00:16Z,96297,2738,310
foA_wl3pvrI,UClbYIn9LDbbFZ9w2shX3K0g,StelLive,아야츠노 유니,Ayatsuno Yuni,아르냥이 준 생일 선물에 수상한 내용이 있다,2026-06-08T09:00:05Z,75087,2790,209
dT3G4Xpyfa8,UClbYIn9LDbbFZ9w2shX3K0g,StelLive,아야츠노 유니,Ayatsuno Yuni,How tall are you? 😎 #스텔라이브 #stellive #유니,2026-06-06T09:00:20Z,128939,6998,208
lThphYM6TQA,UClbYIn9LDbbFZ9w2shX3K0g,StelLive,아야츠노 유니,Ayatsuno Yuni,루카루카★나이트 피버 💜 ルカルカ★ナイトフィーバー #스텔라이브 #stellive #유니 #루카루카,2026-06-05T10:00:38Z,88090,5064,139
soOLxLGyeRI,UC0YQnenKBCu5sGb7H61n6HA,StelLive,사키하네 후야,Sakihane Huya,홀로라이브에서 리듬 게임이 나왔다고요!?!?,2026-08-17T09:00:06Z,21974,1322,96
HlGZ8AY6nrw,UC0YQnenKBCu5sGb7H61n6HA,StelLive,사키하네 후야,Sakihane Huya,😼이봐용가리! 🐲이봐고양이! #shorts #vtuber,2026-08-13T22:00:05Z,213278,8935,143
YwlyUy8kPKc,UC0YQnenKBCu5sGb7H61n6HA,StelLive,사키하네 후야,Sakihane Huya,마음예보💌 #shorts #vtuber,2026-08-11T22:00:31Z,146751,10669,227
c_IwiiicwQg,UC0YQnenKBCu5sGb7H61n6HA,StelLive,사키하네 후야,Sakihane Huya,후야는 일본어 공부중🤔 #shorts #vtuber,2026-08-09T22:00:36Z,66398,3879,121
fmMp_iMHxv8,UC0YQnenKBCu5sGb7H61n6HA,StelLive,사키하네 후야,Sakihane Huya,선생님 쟤 무쌩겼어요!,2026-08-07T09:00:37Z,147562,3159,308
DQdhWNVWehc,UC0YQnenKBCu5sGb7H61n6HA,StelLive,사키하네 후야,Sakihane Huya,스타크래프트 성대모사 장인 #shorts #vtuber,2026-08-04T22:02:30Z,88102,3758,142
bykXyEX1aLc,UC0YQnenKBCu5sGb7H61n6HA,StelLive,사키하네 후야,Sakihane Huya,스타크래프트 절망편 #shorts #vtuber,2026-08-04T22:01:27Z,75797,2630,104
FmMnqJQ6tX0,UC0YQnenKBCu5sGb7H61n6HA,StelLive,사키하네 후야,Sakihane Huya,스타크래프트 희망편 #shorts #vtuber,2026-08-04T22:00:24Z,218618,3082,205
BoXtHOLsKEc,UC0YQnenKBCu5sGb7H61n6HA,StelLive,사키하네 후야,Sakihane Huya,수상한 콧수염 그녀,2026-08-03T09:00:36Z,36260,1467,89
WXcfcZSwscc,UC0YQnenKBCu5sGb7H61n6HA,StelLive,사키하네 후야,Sakihane Huya,추천만 하고 할 사람은 없는 게임추천시간,2026-07-31T09:00:31Z,67015,2440,150
w16uoVZpKqY,UC0YQnenKBCu5sGb7H61n6HA,StelLive,사키하네 후야,Sakihane Huya,단단비리비리 #shorts #vtuber,2026-07-28T22:00:30Z,369446,11563,158
Ad54a4arKB4,UC0YQnenKBCu5sGb7H61n6HA,StelLive,사키하네 후야,Sakihane Huya,채팅창 보고 읽은 거예요 💦,2026-07-28T09:00:14Z,22489,1121,67
rPphs62dOv8,UC0YQnenKBCu5sGb7H61n6HA,StelLive,사키하네 후야,Sakihane Huya,첫 생일 파티에 코피 터트렸습니다 😳,2026-07-24T09:00:00Z,107674,4793,287
jeft__9y7ik,UC0YQnenKBCu5sGb7H61n6HA,StelLive,사키하네 후야,Sakihane Huya,So Feminine #shorts #vtuber,2026-07-21T22:00:34Z,295888,12329,254
lZpzoPkPoeg,UC0YQnenKBCu5sGb7H61n6HA,StelLive,사키하네 후야,Sakihane Huya,10년만에 나온 리듬게임!,2026-07-20T09:00:18Z,50948,1824,97
2bqNSm3ZkDs,UC0YQnenKBCu5sGb7H61n6HA,StelLive,사키하네 후야,Sakihane Huya,신사들의 굿즈이야기,2026-07-17T09:00:09Z,63456,2474,153
wW68DOAY2ts,UC0YQnenKBCu5sGb7H61n6HA,StelLive,사키하네 후야,Sakihane Huya,양말에 구멍 나면 어떻게 해요? 🧦,2026-07-14T22:00:22Z,70127,4671,226
3wjhnnS_ZZY,UC0YQnenKBCu5sGb7H61n6HA,StelLive,사키하네 후야,Sakihane Huya,어 누나는 한번에 깨~ [스타크래프트 1],2026-07-14T09:00:21Z,55885,1683,126
n4UE7POlmEc,UC0YQnenKBCu5sGb7H61n6HA,StelLive,사키하네 후야,Sakihane Huya,그런말 쓰면 안돼요 💦,2026-07-10T09:00:11Z,57322,2161,102
flhVMrk_mc8,UC0YQnenKBCu5sGb7H61n6HA,StelLive,사키하네 후야,Sakihane Huya,꺼·내·줘 [ だ·し·て _ LET·ME·OUT ] #shorts #vtuber,2026-07-08T09:00:07Z,152606,7957,165
VITNdv2ZywY,UC0YQnenKBCu5sGb7H61n6HA,StelLive,사키하네 후야,Sakihane Huya,Booo! - TOKOTOKO l 사키하네 후야(Sakihane Huya) Cover,2026-07-07T11:30:06Z,214773,9199,561
MZSZQMPa5Ug,UC0YQnenKBCu5sGb7H61n6HA,StelLive,사키하네 후야,Sakihane Huya,새로운 재능을 찾았습니다 [멧챠 카멜레온],2026-07-06T09:00:00Z,146431,4186,139
GLWhJ3FZG4o,UC0YQnenKBCu5sGb7H61n6HA,StelLive,사키하네 후야,Sakihane Huya,나 스타 재능있을지도? [스타크래프트 1],2026-07-03T09:00:26Z,59476,1914,264
IVDQWVfrKwA,UC0YQnenKBCu5sGb7H61n6HA,StelLive,사키하네 후야,Sakihane Huya,강아가 아르르르ㄹ... #shorts #vtuber,2026-06-30T22:15:16Z,176056,9248,169
oBjtZjQNS-s,UC0YQnenKBCu5sGb7H61n6HA,StelLive,사키하네 후야,Sakihane Huya,무서운 딸+용가리와 함께하는 로블록스,2026-06-29T09:00:28Z,94701,2787,109
MKMNa0gP45o,UC0YQnenKBCu5sGb7H61n6HA,StelLive,사키하네 후야,Sakihane Huya,스타 많이 봄 청년의 스타 강의,2026-06-26T09:00:12Z,45131,1447,201
fv6o91gNyZ8,UC0YQnenKBCu5sGb7H61n6HA,StelLive,사키하네 후야,Sakihane Huya,욕심쟁이라 그냥 다 뽑아버렸습니다😏,2026-06-24T09:00:33Z,14648,856,52
-ehGSAc_Z9U,UC0YQnenKBCu5sGb7H61n6HA,StelLive,사키하네 후야,Sakihane Huya,※주의※ 먹지마세요,2026-06-22T09:00:06Z,43910,1858,108
F_6bk04Ue4M,UC0YQnenKBCu5sGb7H61n6HA,StelLive,사키하네 후야,Sakihane Huya,우린 영원히 함께야...,2026-06-19T09:00:31Z,50862,2156,157
LIMOLIgGQqc,UC0YQnenKBCu5sGb7H61n6HA,StelLive,사키하네 후야,Sakihane Huya,"옷을 바꿔 입어 보아요 (에버리스,유니버스) #shorts #vtuber",2026-06-16T22:15:03Z,88726,4736,134
VL53rQCld60,UC1afpiIuBDcjYlmruAa0HiA,StelLive,시라유키 히나,Shirayuki Hina,히나도 꿍싯꿍싯✌️❤️ #vtuber  #shorts,2026-08-16T05:00:18Z,155109,9597,261
t2FQf5jkFLk,UC1afpiIuBDcjYlmruAa0HiA,StelLive,시라유키 히나,Shirayuki Hina,공감 대상이 한정적인 사람 [실버 팰리스],2026-08-12T07:03:21Z,13995,901,74
JTk58tSr8kQ,UC1afpiIuBDcjYlmruAa0HiA,StelLive,시라유키 히나,Shirayuki Hina,다음 신의상 스포합니다,2026-08-11T07:00:02Z,54174,2346,237
b5dOWvcCEaI,UC1afpiIuBDcjYlmruAa0HiA,StelLive,시라유키 히나,Shirayuki Hina,히나는 유명한 성능충임【히나 핫클립 #78】,2026-08-07T06:30:08Z,24062,1237,97
1tWJ8_1T-S8,UC1afpiIuBDcjYlmruAa0HiA,StelLive,시라유키 히나,Shirayuki Hina,이노스케 닮은 아이돌 #cartoon #comic #vtuber #shorts,2026-08-04T05:00:18Z,167737,7402,161
xVt2mMmCYwE,UC1afpiIuBDcjYlmruAa0HiA,StelLive,시라유키 히나,Shirayuki Hina,저예요,2026-08-02T05:00:12Z,56577,2496,281
kp8U7oWOpuE,UC1afpiIuBDcjYlmruAa0HiA,StelLive,시라유키 히나,Shirayuki Hina,히나는 긴장되고 부담스럽다 [2편] #cartoon #comic #vtuber #shorts,2026-07-30T11:03:36Z,117480,5413,117
tSFBhzzjI7k,UC1afpiIuBDcjYlmruAa0HiA,StelLive,시라유키 히나,Shirayuki Hina,저 너무 부담스러워요 #cartoon #comic #vtuber #shorts,2026-07-30T05:00:35Z,250886,7010,95
OgMrnx9mcmY,UC1afpiIuBDcjYlmruAa0HiA,StelLive,시라유키 히나,Shirayuki Hina,가장 약해 보였으나 의외로 강했던 녀석......,2026-07-29T05:03:02Z,54664,2117,279
lDkaZxy8xXQ,UC1afpiIuBDcjYlmruAa0HiA,StelLive,시라유키 히나,Shirayuki Hina,오스트랄로피테쿠스를 닮은 스트리머 #cartoon #comic #vtuber #shorts,2026-07-27T06:36:47Z,198302,6936,92
gyhq0v5SWpI,UC1afpiIuBDcjYlmruAa0HiA,StelLive,시라유키 히나,Shirayuki Hina,그 아이돌에 그 팬,2026-07-26T07:20:53Z,44827,2083,140
hYLq5yxrxu0,UC1afpiIuBDcjYlmruAa0HiA,StelLive,시라유키 히나,Shirayuki Hina,미워... 미운데... 안 미워... #cartoon #comic #vtuber #shorts,2026-07-25T05:00:15Z,332980,15331,236
HYD6XVkKBaA,UC1afpiIuBDcjYlmruAa0HiA,StelLive,시라유키 히나,Shirayuki Hina,까짓거 한 번 해보죠,2026-07-22T07:00:06Z,67892,2204,185
1tB_iX74zNg,UC1afpiIuBDcjYlmruAa0HiA,StelLive,시라유키 히나,Shirayuki Hina,히나 아이돌 아니야... #vtuber #shorts,2026-07-18T05:00:38Z,121713,3623,82
tbTbbRVBV7E,UC1afpiIuBDcjYlmruAa0HiA,StelLive,시라유키 히나,Shirayuki Hina,유레카,2026-07-16T07:00:23Z,81791,2711,230
lR8FEwEnuqk,UC1afpiIuBDcjYlmruAa0HiA,StelLive,시라유키 히나,Shirayuki Hina,공주 언니 좋으면 멍멍해! #cartoon #comic #vtuber #shorts,2026-07-15T06:15:28Z,907735,23640,348
_uVD5NJrbqs,UC1afpiIuBDcjYlmruAa0HiA,StelLive,시라유키 히나,Shirayuki Hina,아무튼 캐리함 #vtuber #shorts,2026-07-14T05:00:21Z,67674,2545,66
5TjTkzhFr98,UC1afpiIuBDcjYlmruAa0HiA,StelLive,시라유키 히나,Shirayuki Hina,히나야 포켓몬은 없는 거야... [봉켓몬 마지막],2026-07-13T07:00:32Z,128667,2504,214
xKYey53VI1U,UC1afpiIuBDcjYlmruAa0HiA,StelLive,시라유키 히나,Shirayuki Hina,가장 중요한 것 #cartoon #comic #vtuber #shorts,2026-07-12T05:00:01Z,349606,9481,248
G4efSoCtoE4,UC1afpiIuBDcjYlmruAa0HiA,StelLive,시라유키 히나,Shirayuki Hina,꽁기깅강꽁기깅깅꽁기깅깅강꽁꽁기기기깅공 [봉켓몬],2026-07-09T07:00:09Z,181723,3354,310
UiAhFuG3wYE,UC1afpiIuBDcjYlmruAa0HiA,StelLive,시라유키 히나,Shirayuki Hina,600족 사랑꾼이 흑화하게 된 이유 [봉켓몬],2026-07-07T07:00:30Z,178102,2880,244
rnNqeAViHKQ,UC1afpiIuBDcjYlmruAa0HiA,StelLive,시라유키 히나,Shirayuki Hina,이딴 게 어떻게 레드...? [봉켓몬],2026-07-05T05:00:39Z,140939,2612,185
DXBFovGspkM,UC1afpiIuBDcjYlmruAa0HiA,StelLive,시라유키 히나,Shirayuki Hina,"싫은 소리, 막말 내뱉기 #vtuber #shorts",2026-07-03T05:00:01Z,243461,7270,162
Cns8Hhqv_h0,UC1afpiIuBDcjYlmruAa0HiA,StelLive,시라유키 히나,Shirayuki Hina,"다음화 : 히나, 죽다. [봉켓몬]",2026-07-02T07:00:15Z,96541,2368,274
YigpylNoqJI,UC1afpiIuBDcjYlmruAa0HiA,StelLive,시라유키 히나,Shirayuki Hina,먼치킨 애호가였던 청년 [멤버들과 명조 토크],2026-07-01T07:00:05Z,29243,1240,102
ARu0RqJ3snY,UC1afpiIuBDcjYlmruAa0HiA,StelLive,시라유키 히나,Shirayuki Hina,아내의 ??를 보는 내 아내,2026-06-29T07:00:09Z,33427,1423,61
19vpY6IOEiE,UC1afpiIuBDcjYlmruAa0HiA,StelLive,시라유키 히나,Shirayuki Hina,포대장의 라?이벌 [봉켓몬],2026-06-28T06:04:34Z,188737,3632,322
C1EI3q3IEpA,UC1afpiIuBDcjYlmruAa0HiA,StelLive,시라유키 히나,Shirayuki Hina,해둥이는 평생 내 요리만 먹어.,2026-06-26T06:00:07Z,49493,2007,368
8QoPARoxKks,UC1afpiIuBDcjYlmruAa0HiA,StelLive,시라유키 히나,Shirayuki Hina,앗 도티 님 마크 뉴비시구나【히나 핫클립 #77】,2026-06-23T06:00:32Z,25999,1194,103
-ZUVY9RzEgk,UC1afpiIuBDcjYlmruAa0HiA,StelLive,시라유키 히나,Shirayuki Hina,일본에서 유행이라는 어깨빵 직접 당해보기,2026-06-19T07:00:14Z,45678,1733,97
umUHbdUuRuc,UC_eeSpMBz8PG4ssdBPnP07g,StelLive,네네코 마시로,Neneko Mashiro,명교수님께 명조를 배워보았습니다.,2026-08-14T08:00:23Z,22743,1346,92
wmKyXfXmMhg,UC_eeSpMBz8PG4ssdBPnP07g,StelLive,네네코 마시로,Neneko Mashiro,미친 선배 조련하기,2026-08-08T07:30:22Z,69430,3222,253
tg9HDd3Y7GQ,UC_eeSpMBz8PG4ssdBPnP07g,StelLive,네네코 마시로,Neneko Mashiro,위장 여사친,2026-08-02T07:30:33Z,79511,3836,212
9IJYsJeyC7Y,UC_eeSpMBz8PG4ssdBPnP07g,StelLive,네네코 마시로,Neneko Mashiro,밤바라밤 댄스🐧 #네네코마시로 #스텔라이브 #3D #shorts,2026-07-30T03:00:31Z,109925,8487,283
rnzImOC-364,UC_eeSpMBz8PG4ssdBPnP07g,StelLive,네네코 마시로,Neneko Mashiro,밍이 되,2026-07-29T07:30:39Z,79157,3598,189
8KtugBWPIl0,UC_eeSpMBz8PG4ssdBPnP07g,StelLive,네네코 마시로,Neneko Mashiro,리코야 넣게 해줘..,2026-07-25T07:30:30Z,35669,2063,180
8v6vkc-cHns,UC_eeSpMBz8PG4ssdBPnP07g,StelLive,네네코 마시로,Neneko Mashiro,까★꿍,2026-07-18T07:30:35Z,64716,2854,134
Pe5ka3USHVs,UC_eeSpMBz8PG4ssdBPnP07g,StelLive,네네코 마시로,Neneko Mashiro,어디 내놔도 부끄러운 고양이,2026-07-11T07:30:29Z,109452,4506,284
1vnzfmVtLqg,UC_eeSpMBz8PG4ssdBPnP07g,StelLive,네네코 마시로,Neneko Mashiro,이런게 좋아?,2026-07-08T07:30:39Z,54030,2726,177
eeDdzUFGfcU,UC_eeSpMBz8PG4ssdBPnP07g,StelLive,네네코 마시로,Neneko Mashiro,니기니기니지타운 댄스~ #にぎにじダンス #네네코마시로 #스텔라이브 #3D #shorts,2026-07-07T10:34:21Z,205436,14159,354
yY_Al_ZYnvA,UC_eeSpMBz8PG4ssdBPnP07g,StelLive,네네코 마시로,Neneko Mashiro,양아치가 되어 돌아온 고양이,2026-07-05T08:34:47Z,125021,5468,314
xLY3VnkDN9I,UC_eeSpMBz8PG4ssdBPnP07g,StelLive,네네코 마시로,Neneko Mashiro,나나야 나 버리지먀...ㅠㅠ,2026-07-01T07:30:29Z,54610,2371,121
czcK7oTdsA8,UC_eeSpMBz8PG4ssdBPnP07g,StelLive,네네코 마시로,Neneko Mashiro,みんな、ヤッホ〜! ★,2026-06-27T07:30:11Z,91376,4142,190
UBj23wKf06I,UC_eeSpMBz8PG4ssdBPnP07g,StelLive,네네코 마시로,Neneko Mashiro,귀여운 토마토 옆에 귀여운 고양이,2026-06-24T08:00:08Z,30110,1493,73
O7c_9QHpHCE,UC_eeSpMBz8PG4ssdBPnP07g,StelLive,네네코 마시로,Neneko Mashiro,야 동,2026-06-17T07:30:01Z,60404,2755,211
G2ilJWgvst0,UC_eeSpMBz8PG4ssdBPnP07g,StelLive,네네코 마시로,Neneko Mashiro,어흐어흐,2026-06-13T07:30:08Z,49514,2683,184
f7uaxrWNIdE,UC_eeSpMBz8PG4ssdBPnP07g,StelLive,네네코 마시로,Neneko Mashiro,망상 아스파탐 妄想アスパルテーム |  네네코 마시로 Cover,2026-06-10T13:00:06Z,154391,6802,393
ZOfN9zdEe6c,UC_eeSpMBz8PG4ssdBPnP07g,StelLive,네네코 마시로,Neneko Mashiro,애개뤼 쩌---억 [ 모라하지마 서버 ],2026-06-06T08:39:43Z,113960,3769,396
lf0SHVz6ijY,UC_eeSpMBz8PG4ssdBPnP07g,StelLive,네네코 마시로,Neneko Mashiro,다음 신의상은 새우입니다.,2026-06-03T07:30:37Z,43325,2162,157
jMPJW2JNc9M,UC_eeSpMBz8PG4ssdBPnP07g,StelLive,네네코 마시로,Neneko Mashiro,⬆️고양이의 점프력⬆️ #네네코마시로 #스텔라이브 #3D #점프챌린지 #shorts,2026-06-01T05:35:49Z,652442,20661,344
E4BN8qb2bZY,UC_eeSpMBz8PG4ssdBPnP07g,StelLive,네네코 마시로,Neneko Mashiro,도티님께서 집 사주셨습니다 [ 모라하지마 서버 ],2026-05-31T07:30:16Z,104584,3198,200
jNpQlD8LEss,UC_eeSpMBz8PG4ssdBPnP07g,StelLive,네네코 마시로,Neneko Mashiro,와 살인마 다라이보소,2026-05-27T07:30:36Z,41539,1964,124
hAbFaqauWug,UC_eeSpMBz8PG4ssdBPnP07g,StelLive,네네코 마시로,Neneko Mashiro,이상하게 생긴걸 귀여워하는 특이한 취향?,2026-05-23T07:30:01Z,50323,2045,150
wEVaGf7_Zpo,UC_eeSpMBz8PG4ssdBPnP07g,StelLive,네네코 마시로,Neneko Mashiro,새우를 진심으로 귀여워하는 고양이,2026-05-20T07:30:30Z,75846,3813,456
hIeZxqcI5po,UC_eeSpMBz8PG4ssdBPnP07g,StelLive,네네코 마시로,Neneko Mashiro,둘이 포옹하구 화해해...,2026-05-16T07:30:18Z,57321,2357,128
XN_mZkOFzcg,UC_eeSpMBz8PG4ssdBPnP07g,StelLive,네네코 마시로,Neneko Mashiro,공룡알 후라이,2026-05-13T07:30:28Z,29655,1350,86
8Xyj8x7gXKs,UC_eeSpMBz8PG4ssdBPnP07g,StelLive,네네코 마시로,Neneko Mashiro,드르렁..zzZ,2026-05-09T08:33:21Z,48585,2118,121
61666sLwdrg,UC_eeSpMBz8PG4ssdBPnP07g,StelLive,네네코 마시로,Neneko Mashiro,시로야 바람피는거야...?,2026-05-07T07:30:02Z,50028,2027,109
-ACcoddtW68,UC_eeSpMBz8PG4ssdBPnP07g,StelLive,네네코 마시로,Neneko Mashiro,정신 그대로 몸만 어려진다면 당신의 선택은...?,2026-05-02T07:35:06Z,41536,2197,229
hnYm-agnV4k,UC_eeSpMBz8PG4ssdBPnP07g,StelLive,네네코 마시로,Neneko Mashiro,행복 롤 시작 10분 뒤,2026-04-29T07:30:32Z,58819,2235,215
qGb3BHQ_SlU,UC7-m6jQLinZQWIbwm9W-1iw,StelLive,아카네 리제,Akane Lize,4기생 오기 전에 기강 잡겠습니다 #vtuber #shorts,2026-08-17T05:30:20Z,109674,6922,137
YOQtvaT4hCw,UC7-m6jQLinZQWIbwm9W-1iw,StelLive,아카네 리제,Akane Lize,"""이리오렴 리제""",2026-08-16T05:30:31Z,47609,2156,204
MtbxE4181zA,UC7-m6jQLinZQWIbwm9W-1iw,StelLive,아카네 리제,Akane Lize,모르는 사람 따라가지 말랬는데 #vtuber #shorts,2026-08-15T05:30:31Z,319578,13104,157
eg0QYm8a0xQ,UC7-m6jQLinZQWIbwm9W-1iw,StelLive,아카네 리제,Akane Lize,사장님 4기생 한 명 더 데려갑니다,2026-08-14T05:30:30Z,54778,1775,102
gdsC4pxnckU,UC7-m6jQLinZQWIbwm9W-1iw,StelLive,아카네 리제,Akane Lize,야 내가 후배한테는 멘헤라 못 부릴 거 같지?,2026-08-12T05:30:00Z,97707,3435,145
wQSqaxmmt7Y,UC7-m6jQLinZQWIbwm9W-1iw,StelLive,아카네 리제,Akane Lize,제철 리제가 왔어요~ #vtuber #shorts,2026-08-11T05:30:28Z,543436,19238,224
wu2a0AeQOCc,UC7-m6jQLinZQWIbwm9W-1iw,StelLive,아카네 리제,Akane Lize,「명일방주: 엔드필드」 리노 EP - 미랫빛 라이더 Mirairo Riderㅣ아카네 리제(Akane Lize) 【COVER】,2026-08-10T13:05:06Z,114737,7516,429
QGlKKc9Kzz4,UC7-m6jQLinZQWIbwm9W-1iw,StelLive,아카네 리제,Akane Lize,엄마가 시킨 숙제는 잘해오는 효녀랍니다!,2026-08-10T05:30:18Z,95103,3467,179
MDVMMgenmVE,UC7-m6jQLinZQWIbwm9W-1iw,StelLive,아카네 리제,Akane Lize,업보 청산의 날 #vtuber #shorts,2026-08-08T05:30:28Z,170080,9334,147
BlD1UB1HvKI,UC7-m6jQLinZQWIbwm9W-1iw,StelLive,아카네 리제,Akane Lize,왜 집 밖에만 나가면 쭈글해지는 건데 얘들아...,2026-08-07T05:30:04Z,133817,4138,166
m6RWHI1cXB4,UC7-m6jQLinZQWIbwm9W-1iw,StelLive,아카네 리제,Akane Lize,누구도 콘서트가 끝난 본녀를 막을 수 없...!,2026-08-05T05:30:06Z,211790,5463,198
HdZvdRBLjnY,UC7-m6jQLinZQWIbwm9W-1iw,StelLive,아카네 리제,Akane Lize,*이어폰 필수! 멘헤라 asmr #vtuber #shorts,2026-08-03T05:30:03Z,488025,20981,347
b9gRki5L58I,UC7-m6jQLinZQWIbwm9W-1iw,StelLive,아카네 리제,Akane Lize,연락 안 받는다고 직접 쳐들어오는 그녀,2026-08-02T05:30:11Z,99811,3459,177
U7AH1e1VL4A,UC7-m6jQLinZQWIbwm9W-1iw,StelLive,아카네 리제,Akane Lize,남친 셔츠 뺏어입은 리제 #vtuber #shorts,2026-08-01T05:30:27Z,112297,6094,134
kp2audrgMJ4,UC7-m6jQLinZQWIbwm9W-1iw,StelLive,아카네 리제,Akane Lize,사장님 저 그래도 아이돌인데...!,2026-07-31T05:30:00Z,99409,3599,174
WYo6d7ihd5c,UC7-m6jQLinZQWIbwm9W-1iw,StelLive,아카네 리제,Akane Lize,3년 동안 열심히 참아온 눈물이 전부 터져버린 날...,2026-07-29T05:30:11Z,80785,4670,505
7uqtwxkRM1k,UC7-m6jQLinZQWIbwm9W-1iw,StelLive,아카네 리제,Akane Lize,후... 사장님한테 말하지 마라 #vtuber #shorts,2026-07-27T05:30:05Z,315950,13023,242
lJCbWTsidl4,UC7-m6jQLinZQWIbwm9W-1iw,StelLive,아카네 리제,Akane Lize,사장님도 대답!,2026-07-26T05:30:40Z,134856,4464,277
-MsYnSW6S-4,UC7-m6jQLinZQWIbwm9W-1iw,StelLive,아카네 리제,Akane Lize,전두엽 뜯어버린 애교 #vtuber #shorts,2026-07-25T05:30:39Z,409324,21631,336
ZYioRYTkrxQ,UC7-m6jQLinZQWIbwm9W-1iw,StelLive,아카네 리제,Akane Lize,하필 들어도 너네가 듣냐...,2026-07-23T05:30:15Z,98970,3324,180
qtViNFVh9Us,UC7-m6jQLinZQWIbwm9W-1iw,StelLive,아카네 리제,Akane Lize,모두의 기억에 남은 눈부신 그 순간 [솔로 콘서트 스트리머 후기 모음],2026-07-21T05:30:20Z,124471,4937,431
BJeJjfbM-XM,UC7-m6jQLinZQWIbwm9W-1iw,StelLive,아카네 리제,Akane Lize,사쵸의 리제 성대모사 #vtuber #shorts,2026-07-20T05:30:06Z,707127,18944,180
HLLD9Sxbh88,UC7-m6jQLinZQWIbwm9W-1iw,StelLive,아카네 리제,Akane Lize,함부로 매진 공약을 내건 천마의 최후,2026-07-19T05:30:40Z,102185,4123,257
bZ--pAs_o08,UC7-m6jQLinZQWIbwm9W-1iw,StelLive,아카네 리제,Akane Lize,정리제의 완벽한 모델 페이스 #vtuber #shorts,2026-07-18T05:30:20Z,437366,16025,277
R3KdzELmOls,UC7-m6jQLinZQWIbwm9W-1iw,StelLive,아카네 리제,Akane Lize,줄였으면 진짜 큰일 날 뻔했다 그죠~?,2026-07-17T05:30:05Z,79127,2946,256
GatQ1sfLX1g,UC7-m6jQLinZQWIbwm9W-1iw,StelLive,아카네 리제,Akane Lize,내 방송에서 내 콘서트 홍보하는 내 여자친구,2026-07-15T05:30:33Z,80315,3124,229
nmwKvzlzuP0,UC7-m6jQLinZQWIbwm9W-1iw,StelLive,아카네 리제,Akane Lize,사실은 이런 것도 있었습니다 #vtuber #shorts,2026-07-14T05:30:09Z,430553,16382,350
Bzt6y0YgSE4,UC7-m6jQLinZQWIbwm9W-1iw,StelLive,아카네 리제,Akane Lize,대화가 안 되는 더블 데이트 절망편,2026-07-12T05:30:26Z,141633,3957,214
D9OEykMduEU,UC7-m6jQLinZQWIbwm9W-1iw,StelLive,아카네 리제,Akane Lize,온라인도 오프라인도 모두 야르한 콘서트 되세요~ #vtuber #shorts,2026-07-11T05:30:14Z,1570986,38427,646
TTHSIecBzhg,UC7-m6jQLinZQWIbwm9W-1iw,StelLive,아카네 리제,Akane Lize,"엥나 대답, 아카네 리제 콘서트 대답 구호 안내! #vtuber #shorts",2026-07-10T05:36:06Z,851215,22211,683
-g4yoYxPA6Y,UCAHVQ44O81aehLWfy9O6Elw,StelLive,아라하시 타비,Arahashi Tabi,치지직 대표 로블록스 스트리머가 잼민이한테 쫓기는 이유,2026-08-16T08:30:16Z,62802,2241,191
U3x6tpqDESM,UCAHVQ44O81aehLWfy9O6Elw,StelLive,아라하시 타비,Arahashi Tabi,"지누님이 추천한 VR 메챠 카멜레온, 이게 그렇게 재밌다고?",2026-08-13T08:30:13Z,56845,2266,163
nMEdp8s4TDE,UCAHVQ44O81aehLWfy9O6Elw,StelLive,아라하시 타비,Arahashi Tabi,타비가 1트 클리어?? 어디에 걸래 【슬더스2 유니버스】,2026-08-11T08:30:13Z,42467,1676,129
HcQ6jpblQOg,UCAHVQ44O81aehLWfy9O6Elw,StelLive,아라하시 타비,Arahashi Tabi,린아 제발 나부터 조롱해줘【세피리아】,2026-08-09T08:38:52Z,131808,3731,189
MKPNnmAAkLs,UCAHVQ44O81aehLWfy9O6Elw,StelLive,아라하시 타비,Arahashi Tabi,냄새나는 손님은 입장하실 수 없습니다..,2026-08-06T08:30:27Z,76733,2626,147
HvgmzzFGktU,UCAHVQ44O81aehLWfy9O6Elw,StelLive,아라하시 타비,Arahashi Tabi,우리 딸은 반드시 여왕이 되어야만 해!! 【프린세스 메이커】,2026-08-04T08:30:25Z,54710,2070,145
DyO4dbjFhTE,UCAHVQ44O81aehLWfy9O6Elw,StelLive,아라하시 타비,Arahashi Tabi,강지 아해야~ 원하는 게 무엇이느냐~,2026-08-02T08:30:29Z,61643,2207,124
6UPvcLejV9I,UCAHVQ44O81aehLWfy9O6Elw,StelLive,아라하시 타비,Arahashi Tabi,치지직 대표 로블록스 스트리머가 잼민이한테 복수하는 법,2026-07-30T08:30:21Z,228547,6051,411
7gDjoaWgpgY,UCAHVQ44O81aehLWfy9O6Elw,StelLive,아라하시 타비,Arahashi Tabi,【봉켓몬】 데니아를 실제로(?) 만났습니다!,2026-07-28T08:30:31Z,71802,2401,89
NNN21Exh9uA,UCAHVQ44O81aehLWfy9O6Elw,StelLive,아라하시 타비,Arahashi Tabi,역대급으로 비명 지른 타비 신의상 첫 공포게임,2026-07-26T08:31:35Z,97840,3912,280
sSMCY6Bz15g,UCAHVQ44O81aehLWfy9O6Elw,StelLive,아라하시 타비,Arahashi Tabi,【팰월드】 콘서트 이후로 한층 더 에겐녀가 된 여자친구(?),2026-07-23T08:30:26Z,173433,4954,216
qTTdVWWIB6Q,UCAHVQ44O81aehLWfy9O6Elw,StelLive,아라하시 타비,Arahashi Tabi,그녀의 치명적인 애교 #shorts #vtuber #타비,2026-07-22T04:00:19Z,328477,12964,479
1xfb1MNL26E,UCAHVQ44O81aehLWfy9O6Elw,StelLive,아라하시 타비,Arahashi Tabi,【타비썰】 실제 육상부 출신 타비의 어릴적 육상 썰,2026-07-21T08:30:04Z,100210,4883,360
Kd4I-3Ssb8Y,UCAHVQ44O81aehLWfy9O6Elw,StelLive,아라하시 타비,Arahashi Tabi,【팰월드】 포켓몬에 이어서 팰월드도 사기치는 팰천재 정타비,2026-07-19T08:30:33Z,110436,2719,158
zEILgRuLyfs,UCAHVQ44O81aehLWfy9O6Elw,StelLive,아라하시 타비,Arahashi Tabi,백룸 + 리썰류 게임에서 가장 무서운건 유니버스의 티키타카였습니다,2026-07-16T08:30:12Z,65863,2526,122
HbH5LgxkSm4,UCAHVQ44O81aehLWfy9O6Elw,StelLive,아라하시 타비,Arahashi Tabi,타비도 꿍싯꿍싯💕 #shorts #vtuber #타비,2026-07-15T04:00:40Z,1147993,43046,732
air78A9x-a4,UCAHVQ44O81aehLWfy9O6Elw,StelLive,아라하시 타비,Arahashi Tabi,【봉켓몬】 레나야 너 사랑니 이제 X됐어ㅋㅋ - 봉켓몬 비하인드 모음,2026-07-14T08:30:29Z,89701,2362,111
yKTaZ9yyMHM,UCAHVQ44O81aehLWfy9O6Elw,StelLive,아라하시 타비,Arahashi Tabi,【봉켓몬】마지막 배틀까지 빛났던 타비와 칠색조의 이야기 -끝-,2026-07-12T08:32:03Z,99424,2484,189
zfzkQ2LQu-Q,UCAHVQ44O81aehLWfy9O6Elw,StelLive,아라하시 타비,Arahashi Tabi,유니버스의 마음악보🎵 I 그러니 지금을 소중히 노래하자 #shorts #vtuber #타비,2026-07-10T03:32:22Z,174267,11213,251
Z2CJlfzCMEE,UCAHVQ44O81aehLWfy9O6Elw,StelLive,아라하시 타비,Arahashi Tabi,【봉켓몬】 이건 타비의 칠색조가 최강의 포켓몬이 되기까지의 이야기다,2026-07-09T08:30:16Z,143050,3026,274
u2U_89VVoIM,UCAHVQ44O81aehLWfy9O6Elw,StelLive,아라하시 타비,Arahashi Tabi,【봉켓몬】 윤가놈님 이번 초전설도 제가 가져갑니다?,2026-07-07T08:30:02Z,129392,2990,279
HPuNjKVpyEA,UCAHVQ44O81aehLWfy9O6Elw,StelLive,아라하시 타비,Arahashi Tabi,"스텔라이브 ""메챠 카멜레온"" 요새 유행하는 숨바꼭질 게임 해봤습니다ㅋㅋㅋㅋ",2026-07-05T08:32:25Z,56235,2006,82
yqkYpiIwYl0,UCAHVQ44O81aehLWfy9O6Elw,StelLive,아라하시 타비,Arahashi Tabi,비키니를 승인해주세요 타비님! #shorts #vtuber #타비,2026-07-04T03:30:31Z,539525,16210,292
EQsGc7eRkYQ,UCAHVQ44O81aehLWfy9O6Elw,StelLive,아라하시 타비,Arahashi Tabi,【봉켓몬】 포켓몬마스터를 꿈꾸는 타치리스의 운명적인 첫 만남,2026-07-02T08:30:26Z,113638,3443,375
5yg_DKIsRDA,UCAHVQ44O81aehLWfy9O6Elw,StelLive,아라하시 타비,Arahashi Tabi,내 아내를 향한 진심을 보여주마 [명조 토크],2026-07-01T08:30:33Z,31862,1225,87
SBOxWk3IBVE,UCAHVQ44O81aehLWfy9O6Elw,StelLive,아라하시 타비,Arahashi Tabi,역대급으로 반응이 좋았던 괄사 받은 타비의 신의상 공개!!,2026-06-30T08:30:26Z,102079,4827,471
KxG2L57W0SQ,UCAHVQ44O81aehLWfy9O6Elw,StelLive,아라하시 타비,Arahashi Tabi,요즘 유행하는 야르송에 신이난 야랄의 악마 #shorts #vtuber #타비,2026-06-29T03:41:43Z,887646,22665,1032
Xo0txmZxMTw,UCAHVQ44O81aehLWfy9O6Elw,StelLive,아라하시 타비,Arahashi Tabi,아가와 함께 개웃기는 잼민이 게임을 해봤습니다 ㅋㅋㅋ,2026-06-28T08:30:25Z,84428,2875,157
GRBiR59PE6o,UCAHVQ44O81aehLWfy9O6Elw,StelLive,아라하시 타비,Arahashi Tabi,데뷔 3주년 방송인데 온갖 욕을 다 먹는 스트리머..,2026-06-25T08:30:16Z,78419,3093,216
SVu2_ybIm-4,UCAHVQ44O81aehLWfy9O6Elw,StelLive,아라하시 타비,Arahashi Tabi,마사지 받은 타비 - 신의상 쇼케이스🌼🩵#shorts #vtuber #타비,2026-06-24T04:11:59Z,186305,12725,524
H8YMwSzVTTw,UC1DCedRgGHBdm81E1llLhOQ,홀로라이브,우사다 페코라,Usada Pekora,【ホロドリ】水着ガチャきｔら！コンプ目指して挑む！ぺこ！【ホロライブ/兎田ぺこら】,2026-08-17T12:14:46Z,276624,11180,155
osrKnQvbFM0,UC1DCedRgGHBdm81E1llLhOQ,홀로라이브,우사다 페코라,Usada Pekora,【チラズアート新作】今年イチやばいと噂の「雪葬」ぺこ！【ホロライブ/兎田ぺこら】,2026-08-16T15:39:23Z,227207,11031,151
bhuP-KY1D7Y,UC1DCedRgGHBdm81E1llLhOQ,홀로라이브,우사다 페코라,Usada Pekora,【パワプロ】兎☆ダイナマイト高校 VS 限界条高校 交流戦！ぺこ！【ホロライブ/兎田ぺこら】,2026-08-15T15:11:38Z,231926,10013,176
WT80XL8oxnI,UC1DCedRgGHBdm81E1llLhOQ,홀로라이브,우사다 페코라,Usada Pekora,【セミたちはどう生きるか】夏、セミとして全力で生きる。ぺこ！【ホロライブ/兎田ぺこら】,2026-08-14T17:09:09Z,333255,13685,187
hHohoT8mN3w,UC1DCedRgGHBdm81E1llLhOQ,홀로라이브,우사다 페코라,Usada Pekora,#最終回【初見】『コードギアス 反逆のルルーシュR2』同時視聴【ホロライブ/兎田ぺこら】,2026-08-13T14:16:59Z,84521,6029,367
F9gUWJmNbao,UC1DCedRgGHBdm81E1llLhOQ,홀로라이브,우사다 페코라,Usada Pekora,ヴィヴィの野郎とちいかわパーク行ってきた話【ホロライブ/兎田ぺこら】,2026-08-11T12:03:56Z,243817,13165,231
PP1jChfH-kw,UC1DCedRgGHBdm81E1llLhOQ,홀로라이브,우사다 페코라,Usada Pekora,【＃パワプロケモミミリーグ】決戦【ホロライブ/兎田ぺこら/白上フブキ/猫又おかゆ】,2026-08-10T13:59:42Z,576383,22427,483
uqmtXbFnP4s,UC1DCedRgGHBdm81E1llLhOQ,홀로라이브,우사다 페코라,Usada Pekora,＃最終回【パワプロ2026】3年目最後の夏！兎☆ダイナマイト高校 いくぞおおおおおおおおおおお！ぺこ！【ホロライブ/兎田ぺこら】＃パワプロケモミミリーグ,2026-08-08T15:49:12Z,160735,7400,170
ZrLW39XjYYE,UC1DCedRgGHBdm81E1llLhOQ,홀로라이브,우사다 페코라,Usada Pekora,【青鬼2】はじめての青鬼２【ホロライブ/兎田ぺこら】,2026-08-08T13:03:49Z,213891,9671,121
rVFmMr06_DI,UC1DCedRgGHBdm81E1llLhOQ,홀로라이브,우사다 페코라,Usada Pekora,【日本事故物件監視協会３】今年イチやばい…実在する事故物件を監視する仕事をします…！ぺこ！【ホロライブ/兎田ぺこら】,2026-08-07T14:25:47Z,208092,10391,189
J8SWR9hq1TU,UC1DCedRgGHBdm81E1llLhOQ,홀로라이브,우사다 페코라,Usada Pekora,#4【初見】『コードギアス 反逆のルルーシュR2』同時視聴【ホロライブ/兎田ぺこら】,2026-08-06T14:30:07Z,68110,5445,163
0q-ADJz8uIk,UC1DCedRgGHBdm81E1llLhOQ,홀로라이브,우사다 페코라,Usada Pekora,【Beast of Reincarnation】ポケモンの会社さんが作った新作ゲームやってみる！ぺこ！【ホロライブ/兎田ぺこら】※ネタバレ注意,2026-08-05T15:35:17Z,251331,10541,126
70KLoMyGs4k,UC1DCedRgGHBdm81E1llLhOQ,홀로라이브,우사다 페코라,Usada Pekora,【#ホロ夏AmongUs】夏はアモアス【ホロライブ/兎田ぺこら】,2026-08-04T14:45:25Z,288028,11896,206
9zmME8VDCk8,UC1DCedRgGHBdm81E1llLhOQ,홀로라이브,우사다 페코라,Usada Pekora,【THE BABY IN YELLOW】兎田ぺこら、初めてのベビーシッター【ホロライブ/兎田ぺこら】,2026-08-03T14:31:14Z,271845,12231,177
8ljVms5SVSQ,UC1DCedRgGHBdm81E1llLhOQ,홀로라이브,우사다 페코라,Usada Pekora,兎田ぺこら、奇跡の雑談【ホロライブ/兎田ぺこら】,2026-08-02T13:40:21Z,235422,11691,206
pGj7BuMIysI,UC1DCedRgGHBdm81E1llLhOQ,홀로라이브,우사다 페코라,Usada Pekora,【パワプロ2026】3年目最後の夏！兎☆ダイナマイト高校 いくぞおおおおおおおおおおお！ぺこ！【ホロライブ/兎田ぺこら】＃パワプロケモミミリーグ,2026-08-01T15:27:45Z,258408,8303,169
TQSU4ylXGVk,UC1DCedRgGHBdm81E1llLhOQ,홀로라이브,우사다 페코라,Usada Pekora,【パワプロ2026】3年目最後の春甲子園！兎☆ダイナマイト高校 いくぞおおおおおおおおおおお！ぺこ！【ホロライブ/兎田ぺこら】＃パワプロケモミミリーグ,2026-07-31T15:40:50Z,255225,8647,142
E98jW5bc0qg,UC1DCedRgGHBdm81E1llLhOQ,홀로라이브,우사다 페코라,Usada Pekora,#3【初見】『コードギアス 反逆のルルーシュR2』同時視聴【ホロライブ/兎田ぺこら】,2026-07-30T14:30:23Z,67818,5174,134
m24ykWbwq6c,UC1DCedRgGHBdm81E1llLhOQ,홀로라이브,우사다 페코라,Usada Pekora,いつも君がくれた笑顔で少し強くなれた #hololive #shorts #兎田ぺこら,2026-07-30T09:00:14Z,360258,19212,403
egKbcgtwcPc,UC1DCedRgGHBdm81E1llLhOQ,홀로라이브,우사다 페코라,Usada Pekora,【夜勤事件】6年前に大流行したコンビニが舞台のホラーゲームでギャルが夜勤します・・・ぺこ！【ホロライブ/兎田ぺこら】,2026-07-29T14:49:09Z,243556,10794,157
VnYoksfTtTw,UC1DCedRgGHBdm81E1llLhOQ,홀로라이브,우사다 페코라,Usada Pekora,【ホロドリ】なんか水着イベント100位以内入ってるんだが？ぺこ！【ホロライブ/兎田ぺこら】,2026-07-29T12:58:34Z,210225,9337,127
2Zh52hZy6yc,UC1DCedRgGHBdm81E1llLhOQ,홀로라이브,우사다 페코라,Usada Pekora,【ホロドリ】水着ガチャきｔら！水着コンプリートできるのはぺこマリどっちだ！ぺこ！【ホロライブ/兎田ぺこら/宝鐘マリン】,2026-07-28T13:40:46Z,412407,13931,249
qehPc2AWGzA,UC1DCedRgGHBdm81E1llLhOQ,홀로라이브,우사다 페코라,Usada Pekora,【料理】莉々華に捧ぐ「極上の親子丼」作る！ぺこ！【ホロライブ/兎田ぺこら】,2026-07-27T14:09:59Z,388546,16509,237
Gq9n4v1Sm7c,UC1DCedRgGHBdm81E1llLhOQ,홀로라이브,우사다 페코라,Usada Pekora,【パワプロ2026】2年目秋！兎☆ダイナマイト高校 いくぞおおおおおおおおおおお！ぺこ！【ホロライブ/兎田ぺこら】＃パワプロケモミミリーグ,2026-07-26T15:41:40Z,246710,8466,140
BMtdhvzgG_g,UC1DCedRgGHBdm81E1llLhOQ,홀로라이브,우사다 페코라,Usada Pekora,【ホロドリ】ぺこマリでガチャ並走！どっちが★5たくさん引ける？！ぺこ！【ホロライブ/兎田ぺこら】,2026-07-25T14:51:16Z,477204,14786,199
qnbPKEr-O5M,UC1DCedRgGHBdm81E1llLhOQ,홀로라이브,우사다 페코라,Usada Pekora,兎田ぺこらの制服ギャル衣装が可愛いすぎる！！！！！どうぺこか？ #shorts #hololive,2026-07-25T08:30:21Z,205782,16211,469
vKMMnjc8i9g,UC1DCedRgGHBdm81E1llLhOQ,홀로라이브,우사다 페코라,Usada Pekora,【ホロドリ】初プレイ！今日からはじめます！！！！！！！！！！ぺこ！【ホロライブ/兎田ぺこら】,2026-07-24T14:24:47Z,389669,14245,178
4CshPmjNKrw,UC1DCedRgGHBdm81E1llLhOQ,홀로라이브,우사다 페코라,Usada Pekora,#2【初見】『コードギアス 反逆のルルーシュR2』同時視聴【ホロライブ/兎田ぺこら】,2026-07-23T14:59:26Z,72642,5421,136
-hzc101T87Y,UC1DCedRgGHBdm81E1llLhOQ,홀로라이브,우사다 페코라,Usada Pekora,【パワプロ2026】2年目夏！兎☆ダイナマイト高校 いくぞおおおおおおおおおおお！ぺこ！【ホロライブ/兎田ぺこら】＃パワプロケモミミリーグ,2026-07-22T14:52:30Z,277706,9267,179
KB1DhdSgs5A,UC1DCedRgGHBdm81E1llLhOQ,홀로라이브,우사다 페코라,Usada Pekora,【SFC】裏ボス ダークドレアムに挑む！完全初見！ドラゴンクエストVI 幻の大地 ぺこ！【ホロライブ/兎田ぺこら】※ネタバレ注意,2026-07-21T15:32:37Z,255787,9027,210
EAdh6m3E3UI,UCoSrY_IQQVpmIRZ9Xf-y93g,홀로라이브,가우르 구라,Gawr Gura,【Graduation 3D Mini Live - Gawr Gura】,2025-05-01T00:40:43Z,2809643,244700,25196
D5XrQD2RkUw,UCoSrY_IQQVpmIRZ9Xf-y93g,홀로라이브,가우르 구라,Gawr Gura,【UNO】myth 5 ever!,2025-04-30T23:10:35Z,668342,51012,2016
kLF-1PndbXQ,UCoSrY_IQQVpmIRZ9Xf-y93g,홀로라이브,가우르 구라,Gawr Gura,【The Elder Scrolls IV: Oblivion Remastered】here's to new adventures!,2025-04-27T02:34:42Z,689221,48306,1130
ZP8E9WH71OU,UCoSrY_IQQVpmIRZ9Xf-y93g,홀로라이브,가우르 구라,Gawr Gura,ROOM REVIEW with @NanashiMumei,2025-04-21T00:03:35Z,800446,58510,1726
3pS6f3_veik,UCoSrY_IQQVpmIRZ9Xf-y93g,홀로라이브,가우르 구라,Gawr Gura,chat + announcing my final project,2025-04-20T00:53:45Z,944092,81808,3515
twUFbqyul_M,UCoSrY_IQQVpmIRZ9Xf-y93g,홀로라이브,가우르 구라,Gawr Gura,Ash Again / Gawr Gura x Casey Edwards,2025-04-20T00:45:44Z,17116710,461042,31985
7WFg2wq10rw,UCoSrY_IQQVpmIRZ9Xf-y93g,홀로라이브,가우르 구라,Gawr Gura,important announcement - gawr gura,2025-04-16T02:39:57Z,3525508,274126,35184
qgYK9k2KF7Q,UCoSrY_IQQVpmIRZ9Xf-y93g,홀로라이브,가우르 구라,Gawr Gura,【R.E.P.O】tax time! secret :3,2025-04-13T02:14:20Z,618706,38013,947
56JvXvA51ls,UCoSrY_IQQVpmIRZ9Xf-y93g,홀로라이브,가우르 구라,Gawr Gura,【WARHAMMER 40K SPACE MARINE 2】BROTHERs,2025-02-18T23:50:41Z,366536,21645,715
iOK-8J6l_ak,UCoSrY_IQQVpmIRZ9Xf-y93g,홀로라이브,가우르 구라,Gawr Gura,【Trick Shot Simulator】Real Life Trick Shots | Behind The Scenes,2025-02-08T02:54:06Z,280221,20987,354
ALdqozsw3sw,UCoSrY_IQQVpmIRZ9Xf-y93g,홀로라이브,가우르 구라,Gawr Gura,"【Kingdom Come: Deliverance】get up, lazy man. or im gonna rub dirt in your eyes",2025-02-04T05:44:08Z,344867,23259,256
set_fCDhJgs,UCoSrY_IQQVpmIRZ9Xf-y93g,홀로라이브,가우르 구라,Gawr Gura,【 Keep Talking and Nobody Explodes 】 The Vtuber to Bomb Diffuser Pipeline is Real,2025-02-03T00:49:01Z,265639,21529,281
qhTP_DIrSA8,UCoSrY_IQQVpmIRZ9Xf-y93g,홀로라이브,가우르 구라,Gawr Gura,【 Balatro 】🗣️ LETS GO GAMBLING,2025-02-01T05:07:21Z,377632,26919,317
NhmiChHf56Q,UCoSrY_IQQVpmIRZ9Xf-y93g,홀로라이브,가우르 구라,Gawr Gura,【 Tokyo Xtreme Racer 】I Believe in Stutututu Supremacy,2025-01-29T04:52:44Z,533980,34139,302
7W_Bo6OSi78,UCoSrY_IQQVpmIRZ9Xf-y93g,홀로라이브,가우르 구라,Gawr Gura,【 Liars Bar 】Me VS You,2025-01-27T03:46:28Z,337204,26063,237
4y4Vgl5XDIE,UCoSrY_IQQVpmIRZ9Xf-y93g,홀로라이브,가우르 구라,Gawr Gura,【 New Outfit Reveal 】pet the shark  #snowshark,2025-01-26T02:30:05Z,563507,46625,601
jb2_MtMdWhk,UCoSrY_IQQVpmIRZ9Xf-y93g,홀로라이브,가우르 구라,Gawr Gura,【 Liars Bar 】its all lies,2025-01-22T00:36:36Z,347252,30293,476
S1szHs0aIZU,UCoSrY_IQQVpmIRZ9Xf-y93g,홀로라이브,가우르 구라,Gawr Gura,【 Fast Food Simulator 】HAMBURGER COUNTRY 🍔,2025-01-20T04:06:55Z,431487,30297,402
ChCNTVq739I,UCoSrY_IQQVpmIRZ9Xf-y93g,홀로라이브,가우르 구라,Gawr Gura,【Big Brain Academy】🧠 aaauuuuueeeeeeooo,2025-01-19T03:31:19Z,431472,35857,373
kmLBOT9Sz3Y,UCoSrY_IQQVpmIRZ9Xf-y93g,홀로라이브,가우르 구라,Gawr Gura,【MiSide】Do You Love Woman,2025-01-13T04:21:35Z,1015061,63945,956
NJ5jozV74K0,UCoSrY_IQQVpmIRZ9Xf-y93g,홀로라이브,가우르 구라,Gawr Gura,【DEEP ROCK GALACTIC】HEY MISSION CONTROL,2024-09-30T19:44:27Z,556343,29042,1523
No6n9zCs_8A,UCoSrY_IQQVpmIRZ9Xf-y93g,홀로라이브,가우르 구라,Gawr Gura,【💛💙】Looking at our old DMs,2024-09-29T03:26:59Z,589719,50604,856
29UwCwTyOqc,UCoSrY_IQQVpmIRZ9Xf-y93g,홀로라이브,가우르 구라,Gawr Gura,【2.0 REVEAL】I'm evolving!,2024-09-09T01:24:26Z,600509,36677,951
cIb5yHw4mvk,UCoSrY_IQQVpmIRZ9Xf-y93g,홀로라이브,가우르 구라,Gawr Gura,【ENRECO Minecraft RP】The Finale,2024-09-08T03:55:31Z,183801,13162,214
72SJQRQ7qi0,UCoSrY_IQQVpmIRZ9Xf-y93g,홀로라이브,가우르 구라,Gawr Gura,【ENRECO Minecraft RP】The Punishment,2024-09-04T03:52:37Z,331178,20483,187
bOIlLaFiiE4,UCoSrY_IQQVpmIRZ9Xf-y93g,홀로라이브,가우르 구라,Gawr Gura,【ENRECO Minecraft RP】The Dungeon of Atlantis,2024-09-02T04:07:24Z,272992,18166,221
PJtapc2_7ok,UCoSrY_IQQVpmIRZ9Xf-y93g,홀로라이브,가우르 구라,Gawr Gura,【ENRECO Minecraft RP】The Sorting,2024-09-01T05:42:41Z,499601,28149,285
Fmf0vIp8jNw,UCoSrY_IQQVpmIRZ9Xf-y93g,홀로라이브,가우르 구라,Gawr Gura,【FNAF: INTO THE PIT】Hor!,2024-08-27T04:11:06Z,456524,31419,349
DVZPefJrflA,UCoSrY_IQQVpmIRZ9Xf-y93g,홀로라이브,가우르 구라,Gawr Gura,:3 hey,2024-08-24T17:59:01Z,1286370,114524,2239
weXElwsQlh8,UCoSrY_IQQVpmIRZ9Xf-y93g,홀로라이브,가우르 구라,Gawr Gura,【Volcano Princess】daughter maker! the game!,2024-08-19T02:57:13Z,365837,26476,359
WatZPy13iTU,UCCzUftO8KOVkV4wQG1vkUvg,홀로라이브,호쇼 마린,Houshou Marine,＼\ いくつになっても〜？ /／きゃぴ踊ってみた♡#shorts #dance,2026-08-17T09:00:37Z,130512,13927,309
-2UUTkv9qvk,UCCzUftO8KOVkV4wQG1vkUvg,홀로라이브,호쇼 마린,Houshou Marine,【JSP3】真夏の恐怖のホラーバイト…事故物件の監視をします【ホロライブ/宝鐘マリン】,2026-08-16T13:32:19Z,361773,17705,128
QEG3PLlbQko,UCCzUftO8KOVkV4wQG1vkUvg,홀로라이브,호쇼 마린,Houshou Marine,マリン船長とクマリンと一味が神作画のアニメに！？#anime #shorts,2026-08-16T08:00:22Z,266618,24811,334
xUTCQ0Ufiqg,UCCzUftO8KOVkV4wQG1vkUvg,홀로라이브,호쇼 마린,Houshou Marine,【3D LIVE】ホロライブメドレー【白上フブキ×森カリオペ×宝鐘マリン】テロップ・歌詞なしVer,2026-08-15T09:00:39Z,101818,9057,348
jdO3aOVgX20,UCCzUftO8KOVkV4wQG1vkUvg,홀로라이브,호쇼 마린,Houshou Marine,どうしてもおやつが欲しいクマリンと一味クマ🐻🌀#shorts #funny,2026-08-15T08:30:09Z,147376,15475,434
yBVvZdX1vlk,UCCzUftO8KOVkV4wQG1vkUvg,홀로라이브,호쇼 마린,Houshou Marine,きゃぴダンス踊ってみた💃💘#shorts #dance,2026-08-14T09:50:31Z,216624,18509,271
dJFSXC7aQyU,UCCzUftO8KOVkV4wQG1vkUvg,홀로라이브,호쇼 마린,Houshou Marine,【3D LIVE】ray【大神ミオ×戌神ころね×宝鐘マリン】テロップ・歌詞なしVer,2026-08-14T09:00:04Z,55904,6252,195
y8KPdm8BfJ0,UCCzUftO8KOVkV4wQG1vkUvg,홀로라이브,호쇼 마린,Houshou Marine,水着の新衣装ではしゃぎちらかすマリン船長#shorts,2026-08-14T08:50:21Z,96488,10692,418
PpxaAfEdhDY,UCCzUftO8KOVkV4wQG1vkUvg,홀로라이브,호쇼 마린,Houshou Marine,【踊ってみた】かぐやとマリン船長でコンプレックス♡プリンセス #超かぐや姫 #shorts,2026-08-13T12:00:30Z,397498,30039,335
OKr0rgXI3Tg,UCCzUftO8KOVkV4wQG1vkUvg,홀로라이브,호쇼 마린,Houshou Marine,【3D LIVE】III ～Justen × Sena ver.～【こぼ・かなえる×宝鐘マリン】テロップ・歌詞なしVer,2026-08-13T09:00:05Z,252771,19413,483
JwXBhuMe62g,UCCzUftO8KOVkV4wQG1vkUvg,홀로라이브,호쇼 마린,Houshou Marine,めんどくさいマリン船長の扱い方 #anime #shorts,2026-08-13T08:00:26Z,410949,39364,579
kezHd5aVgdk,UCCzUftO8KOVkV4wQG1vkUvg,홀로라이브,호쇼 마린,Houshou Marine,【水着おうち3Dお披露目】7周年ライブ＆LuckyFes'26振り返り！【ホロライブ/宝鐘マリン】,2026-08-12T11:52:19Z,223344,13351,133
PDeoICRpYuc,UCCzUftO8KOVkV4wQG1vkUvg,홀로라이브,호쇼 마린,Houshou Marine,マリン船長の描いた絵コンテと実際のアニメMVを比較してみた#anime #shorts,2026-08-12T09:00:22Z,826501,51138,717
pP3Jwc3bfNM,UCCzUftO8KOVkV4wQG1vkUvg,홀로라이브,호쇼 마린,Houshou Marine,【3D LIVE】コンプレックス♡プリンセス【かぐや（from超かぐや姫！）×宝鐘マリン】テロップ・歌詞なしVer,2026-08-12T03:00:39Z,355854,26115,609
JFm3nPy3JiI,UCCzUftO8KOVkV4wQG1vkUvg,홀로라이브,호쇼 마린,Houshou Marine,マリン船長の新アニメMV可愛すぎる！！！！！！#shorts #anime,2026-08-11T13:30:13Z,449237,39986,585
qp1bA1A5bTQ,UCCzUftO8KOVkV4wQG1vkUvg,홀로라이브,호쇼 마린,Houshou Marine,【水着新衣装お披露目!!】#宝鐘マリン7周年3DLIVE【ホロライブ/宝鐘マリン】,2026-08-11T13:11:27Z,1236895,74539,1586
-H4bB6hxeEs,UCCzUftO8KOVkV4wQG1vkUvg,홀로라이브,호쇼 마린,Houshou Marine,【original anime MV】きゃぴ【宝鐘マリン / hololive】,2026-08-11T13:05:07Z,1123841,95562,2716
hM5NnBU0LLs,UCCzUftO8KOVkV4wQG1vkUvg,홀로라이브,호쇼 마린,Houshou Marine,かぐやとマリン船長の初共演！ライブへの意気込み🌕🏴‍☠️ #超かぐや姫! #shorts,2026-08-10T12:00:19Z,370125,26445,562
q01G3qBY3Qg,UCCzUftO8KOVkV4wQG1vkUvg,홀로라이브,호쇼 마린,Houshou Marine,【ゲスト：響咲リオナ】ぺこマリのもっと仲良くなりたい！【ホロライブ/宝鐘マリン・兎田ぺこら】,2026-08-09T14:16:22Z,540362,24608,266
LkF4NgrznFc,UCCzUftO8KOVkV4wQG1vkUvg,홀로라이브,호쇼 마린,Houshou Marine,クマリンVS一味クマのクマクマジャンケン✊✌️✋🐻#shorts #funny,2026-08-07T09:00:04Z,6482896,54109,917
GOPkIHDR8k0,UCCzUftO8KOVkV4wQG1vkUvg,홀로라이브,호쇼 마린,Houshou Marine,【ホロドリ】クソザコポカジャン-6000コインの負債を無くせるまで…【ホロライブ/宝鐘マリン・博衣こより】,2026-08-06T13:01:59Z,268431,13176,118
AZX3tWkfk3M,UCCzUftO8KOVkV4wQG1vkUvg,홀로라이브,호쇼 마린,Houshou Marine,お酒のんじゃお♪♪♪【ホロライブ/宝鐘マリン】,2026-08-04T12:07:27Z,231910,15524,145
TKssnQ_c91Y,UCCzUftO8KOVkV4wQG1vkUvg,홀로라이브,호쇼 마린,Houshou Marine,キッズすぎるコボに振り回されて笑いが止まらないマリン船長 【hololive/kobo kanaeru・宝鐘マリン】#shorts,2026-08-03T09:00:27Z,585604,40837,769
ZTE-p7J4QxE,UCCzUftO8KOVkV4wQG1vkUvg,홀로라이브,호쇼 마린,Houshou Marine,しぐれうい(9)の若さを吸いまくるマリン船長 #shorts,2026-08-01T08:30:16Z,807136,50141,906
O6sDrg53g6c,UCCzUftO8KOVkV4wQG1vkUvg,홀로라이브,호쇼 마린,Houshou Marine,マリン船長の表情管理がすごすぎる #表情チャレンジ #shorts,2026-07-31T09:00:18Z,579801,36207,545
QixQ-byabOc,UCCzUftO8KOVkV4wQG1vkUvg,홀로라이브,호쇼 마린,Houshou Marine,【#宝鐘マリン生誕祭2026】重大告知が7個あります!!!!!!!7周年だけに!!!!!!!【ホロライブ/宝鐘マリン】,2026-07-30T12:05:22Z,478917,24793,268
zfYGdSqliRU,UCCzUftO8KOVkV4wQG1vkUvg,홀로라이브,호쇼 마린,Houshou Marine,【original MV】BooooM!!!【hololive/宝鐘マリン】,2026-07-30T12:00:06Z,1507144,83142,2161
iBwdA4RWQUM,UCCzUftO8KOVkV4wQG1vkUvg,홀로라이브,호쇼 마린,Houshou Marine,【誕生日カウントダウン！】三十路の向こう側【ホロライブ/宝鐘マリン】,2026-07-29T17:11:53Z,431795,23356,367
6P_QNG1al3Q,UCCzUftO8KOVkV4wQG1vkUvg,홀로라이브,호쇼 마린,Houshou Marine,【ホロドリ】ぺこマリで水着ガチャバトル！水着コンプリートできるのはどっちだ！！【ホロライブ/宝鐘マリン・兎田ぺこら】,2026-07-28T13:40:16Z,588674,19472,171
GDnCJU7M36k,UCCzUftO8KOVkV4wQG1vkUvg,홀로라이브,호쇼 마린,Houshou Marine,【ホロドリ】ぺこマリでガチャバトル！★5をより多く引く真の幸運はどっちだ！？【ホロライブ/宝鐘マリン・兎田ぺこら】,2026-07-25T14:54:18Z,609828,19784,189
3ZdEw-ePZJ4,UCL_qhgtOy0dy1Agp8vkySQg,홀로라이브,모리 캘리오프,Mori Calliope,【Big Walk Collab】walking my kouhai today #calliolive,2026-08-16T03:37:08Z,53233,5275,73
OjCksETbxpA,UCL_qhgtOy0dy1Agp8vkySQg,홀로라이브,모리 캘리오프,Mori Calliope,【ZELDA: A LINK TO THE PAST】golly (part 3) #calliolive,2026-08-15T06:31:39Z,93337,7018,89
7JhIlbotWpo,UCL_qhgtOy0dy1Agp8vkySQg,홀로라이브,모리 캘리오프,Mori Calliope,【pokajan】pokajan #calliolive,2026-08-13T15:48:16Z,85609,7164,75
AOtO4qu82Mw,UCL_qhgtOy0dy1Agp8vkySQg,홀로라이브,모리 캘리오프,Mori Calliope,【UNO】why not come play uno? ……ねえ、僕とUNOでもやらない？ #calliolive,2026-08-13T14:41:33Z,110530,8615,89
HpDT2lzfLCI,UCL_qhgtOy0dy1Agp8vkySQg,홀로라이브,모리 캘리오프,Mori Calliope,little mori got scammed #anime #storytime #hololive #vtuber #envtuber,2026-08-12T00:36:21Z,241016,27731,336
AqF4xUyDE70,UCL_qhgtOy0dy1Agp8vkySQg,홀로라이브,모리 캘리오프,Mori Calliope,kawaiiope escaped again…….. 「サキミダレアッパレード♪」  #dance #hololive #anime #vtuber,2026-08-11T09:57:21Z,54056,8016,199
iY_CcwePejc,UCL_qhgtOy0dy1Agp8vkySQg,홀로라이브,모리 캘리오프,Mori Calliope,【Super Mario Party Jamboree 凸待ち！！】Waiting For Holomem to Join Lonely Calliope... #calliolive,2026-08-11T05:05:01Z,182562,11497,163
kbd0tKchViM,UCL_qhgtOy0dy1Agp8vkySQg,홀로라이브,모리 캘리오프,Mori Calliope,【ZELDA: A LINK TO THE PAST】zelda on a hot summer day (part 2) #calliolive,2026-08-10T05:42:58Z,145864,9325,89
ZLGL1xO7Pfo,UCL_qhgtOy0dy1Agp8vkySQg,홀로라이브,모리 캘리오프,Mori Calliope,i love gigi murin #dance #hololive #anime #animation #vtuber #envtuber,2026-08-07T23:58:29Z,150956,18919,277
Z9FwBFOLIwc,UCL_qhgtOy0dy1Agp8vkySQg,홀로라이브,모리 캘리오프,Mori Calliope,【ZELDA: A LINK TO THE PAST】first ever zelda literally in my life #calliolive,2026-08-07T05:29:02Z,150229,9507,148
u70VzTl8kKQ,UCL_qhgtOy0dy1Agp8vkySQg,홀로라이브,모리 캘리오프,Mori Calliope,nobody does it like towamori!! plus ねねち on the vocals!! #dance #hololive #anime #vtuber,2026-08-06T05:38:00Z,99627,11188,132
S67vkAxw78k,UCL_qhgtOy0dy1Agp8vkySQg,홀로라이브,모리 캘리오프,Mori Calliope,【hololive Dreams】a new mori calliope song?! after 5 years?!?!?!?! #calliolive,2026-08-05T04:53:06Z,81593,6874,61
69Ok2UxdQ9M,UCL_qhgtOy0dy1Agp8vkySQg,홀로라이브,모리 캘리오프,Mori Calliope,english with mori sensei #animation #storytime #anime #hololive #vtuber,2026-08-04T12:22:48Z,569093,43680,445
d0ce8qQxEhU,UCL_qhgtOy0dy1Agp8vkySQg,홀로라이브,모리 캘리오프,Mori Calliope,【hololive Dreams】is that virtual rockstar mori calliope...?!?! #calliolive,2026-08-03T05:15:57Z,90704,7585,64
J3G4zr8LyFs,UCL_qhgtOy0dy1Agp8vkySQg,홀로라이브,모리 캘리오프,Mori Calliope,"【American Truck Simulator: Texas】YEEHAW, CHUCKLEFIENDS, YEEHAW!!! #calliolive",2026-08-01T03:44:57Z,117159,8436,132
yQDC1FVm-YE,UCL_qhgtOy0dy1Agp8vkySQg,홀로라이브,모리 캘리오프,Mori Calliope,reaper’s school lunch #anime #storytime #animation #hololive #vtuber #envtuber,2026-07-30T08:42:36Z,532124,54399,1639
vhJlRuYCD98,UCL_qhgtOy0dy1Agp8vkySQg,홀로라이브,모리 캘리오프,Mori Calliope,mori calliope returns from summer vacation! #calliolive,2026-07-29T04:52:19Z,74106,8273,81
PnSbj0n238A,UCL_qhgtOy0dy1Agp8vkySQg,홀로라이브,모리 캘리오프,Mori Calliope,WHERE ARE THEY!?!? #mecchachameleon #hololive #anime #animation #vtuber,2026-07-26T23:07:10Z,412892,37116,382
5kzu8bfpc0E,UCL_qhgtOy0dy1Agp8vkySQg,홀로라이브,모리 캘리오프,Mori Calliope,【hololive Dreams】Don't Fear the Reaper's Gacha Luck!!! #calliolive,2026-07-24T08:05:36Z,135855,9747,97
VCnMcHVRBMk,UCL_qhgtOy0dy1Agp8vkySQg,홀로라이브,모리 캘리오프,Mori Calliope,bone to be waitress… #animation #storytime #hololive #anime #hololiveenglish #vtuber,2026-07-19T18:40:31Z,670482,68141,780
7ACt9yFf2jg,UCL_qhgtOy0dy1Agp8vkySQg,홀로라이브,모리 캘리오프,Mori Calliope,Can you beat my song in #holodori ?!?,2026-07-17T18:55:47Z,104146,10025,156
aYP-bbJ3isw,UCL_qhgtOy0dy1Agp8vkySQg,홀로라이브,모리 캘리오프,Mori Calliope,「Go-Getters」Live from『Mori Calliope 2nd Concert “Grimoire”』,2026-07-17T09:00:39Z,67342,6645,227
6-7XMGA-HoU,UCL_qhgtOy0dy1Agp8vkySQg,홀로라이브,모리 캘리오프,Mori Calliope,my loudest scream yet all cuz of some GOLF #anime #animation #hololive #vtuber #envtuber,2026-07-16T17:16:26Z,451083,38951,377
95puMqaPmOM,UCL_qhgtOy0dy1Agp8vkySQg,홀로라이브,모리 캘리오프,Mori Calliope,…they’re releasing WHAT?!?!? #anime #animation #persona #hololive #vtuber #persona6,2026-07-15T13:04:04Z,165702,17944,236
Fk-66Jv1b70,UCL_qhgtOy0dy1Agp8vkySQg,홀로라이브,모리 캘리오프,Mori Calliope,morizakaya #anime #animation #hololive #vtuber #hololiveenglish #envtuber #storytime,2026-07-13T13:55:21Z,420434,37762,422
vCpVKOW_QS4,UCL_qhgtOy0dy1Agp8vkySQg,홀로라이브,모리 캘리오프,Mori Calliope,shinigami on wheels #anime #animation #hololive #holoen #vtuber #storytime,2026-07-12T23:34:11Z,221275,20936,300
2X2--5yx-wA,UCL_qhgtOy0dy1Agp8vkySQg,홀로라이브,모리 캘리오프,Mori Calliope,what if your oshi was a skeleton? #anime #hololive #animation #vtuber #holoen,2026-07-10T19:04:39Z,159681,15773,376
14EOx5ReCfU,UCL_qhgtOy0dy1Agp8vkySQg,홀로라이브,모리 캘리오프,Mori Calliope,the time my cat went viral #anime #animation #hololive #holoen #vtuber,2026-07-09T15:46:44Z,293969,28427,468
kNexuQvhk64,UCL_qhgtOy0dy1Agp8vkySQg,홀로라이브,모리 캘리오프,Mori Calliope,"Mori watches ""The Amazing Digital Circus"" (full mirror) #calliolive",2026-07-08T08:39:09Z,294079,17007,574
6RyoX5OjqEA,UCL_qhgtOy0dy1Agp8vkySQg,홀로라이브,모리 캘리오프,Mori Calliope,call me zako…please…….. #dance #hololive #holoen #anime #vtuber,2026-07-07T14:56:00Z,78241,8199,123
stmI9QkpKuw,UCAWSyEs_Io8MtpY3m-zqILA,홀로라이브,모모스즈 네네,Momosuzu Nene,祝！6周年✨トワワ先輩に褒められたい2026限定凸待ち！【 桃鈴ねね / hololive 】,2026-08-13T14:45:14Z,179418,10973,110
RFHsQTA8R-o,UCAWSyEs_Io8MtpY3m-zqILA,홀로라이브,모모스즈 네네,Momosuzu Nene,桃鈴ねねを振り返る【 桃鈴ねね / hololive 】,2026-08-11T10:34:17Z,140465,10638,171
4BuB6fcFHLw,UCAWSyEs_Io8MtpY3m-zqILA,홀로라이브,모모스즈 네네,Momosuzu Nene,【original MV】Hyper Jumpin’【 ねぽらぼ / hololive 】,2026-08-09T12:00:06Z,133718,14470,305
cD3MYP8hJRM,UCAWSyEs_Io8MtpY3m-zqILA,홀로라이브,모모스즈 네네,Momosuzu Nene,【 #ねぽらぼweeeek 】何それ！！！！絶対楽しいやつじゃん！！！！！！【 ねぽらぼ / hololive 】,2026-08-08T13:13:10Z,174065,11999,87
v1zWE0dGkD0,UCAWSyEs_Io8MtpY3m-zqILA,홀로라이브,모모스즈 네네,Momosuzu Nene,ねねねトワワしか勝たん🫶💖 #vtuber #hololive,2026-08-06T11:50:24Z,121947,13514,193
yenHV47ZdOY,UCAWSyEs_Io8MtpY3m-zqILA,홀로라이브,모모스즈 네네,Momosuzu Nene,【 ホロドリ 】やっとポカジャン解放できました！！！みんなが沼っていうから...対戦よろしく！【 桃鈴ねね / hololive 】,2026-08-05T11:07:31Z,86678,5506,64
EuR-HaXvjRo,UCAWSyEs_Io8MtpY3m-zqILA,홀로라이브,모모스즈 네네,Momosuzu Nene,【 #ホロ夏AmongUs 】涼しげに全員KILLします【 桃鈴ねね / hololive 】,2026-08-04T14:30:49Z,77541,5759,49
SIlH4P5SICE,UCAWSyEs_Io8MtpY3m-zqILA,홀로라이브,모모스즈 네네,Momosuzu Nene,【 漢字でGOGO！ 】常識常識パーフェクトですわぁ～～～～～～！！！！！！！！【 桃鈴ねね / hololive 】,2026-08-03T11:07:03Z,78931,5714,49
bFdAkSw3FGY,UCAWSyEs_Io8MtpY3m-zqILA,홀로라이브,모모스즈 네네,Momosuzu Nene,【 雑談 】 #ねね超開花 振り返り！！！！＆おうち３Dお披露目♡【 桃鈴ねね / hololive 】,2026-07-30T11:42:50Z,98905,8700,106
M_lEYDMxHhY,UCAWSyEs_Io8MtpY3m-zqILA,홀로라이브,모모스즈 네네,Momosuzu Nene,【original MV】ももいろの砂時計【 桃鈴ねね / hololive 】,2026-07-29T15:00:39Z,64360,8476,404
dU3UiVZJLxw,UCAWSyEs_Io8MtpY3m-zqILA,홀로라이브,모모스즈 네네,Momosuzu Nene,【チラ見せ】桃鈴ねね 1st Live 「花咲く＊ねねねねねねねね超開花！」【 #ねね超開花】,2026-07-29T10:00:23Z,237203,18616,265
oo7vmjpR_lU,UCAWSyEs_Io8MtpY3m-zqILA,홀로라이브,모모스즈 네네,Momosuzu Nene,【 ホロドリ 】ライブ前の気合入れに最強のｵﾊﾟ…だんちょ作る！！！！！！！！,2026-07-28T10:38:57Z,245891,12393,82
JUPxS-GBfyY,UCAWSyEs_Io8MtpY3m-zqILA,홀로라이브,모모스즈 네네,Momosuzu Nene,桃鈴ねね 1st Live 「花咲く＊ねねねねねねねね超開花！」バンドリハーサルの様子をチラ見せ👀✨#shorts,2026-07-24T08:30:30Z,81285,9390,253
OxzrYhVmSgA,UCAWSyEs_Io8MtpY3m-zqILA,홀로라이브,모모스즈 네네,Momosuzu Nene,【コール動画 / MV】ごきげんドリンクバー【 hololive / 桃鈴ねね 】,2026-07-23T11:00:06Z,58748,6632,212
4HpLS-bg0ZE,UCAWSyEs_Io8MtpY3m-zqILA,홀로라이브,모모스즈 네네,Momosuzu Nene,【#ホロドリ】サーキットに挑戦するねねを応援！【 桃鈴ねね / hololive 】#shorts,2026-07-17T08:00:16Z,67795,5887,97
Z_-fRUPleIA,UCAWSyEs_Io8MtpY3m-zqILA,홀로라이브,모모스즈 네네,Momosuzu Nene,【 歌枠 】１３３万人見守りたい✨今日も歌でみんなを癒すど！プチお披露目あり♡【 桃鈴ねね / hololive 】,2026-07-14T14:10:59Z,91766,7618,82
__9H91xMkUI,UCAWSyEs_Io8MtpY3m-zqILA,홀로라이브,모모스즈 네네,Momosuzu Nene,｢結局ねねちは陰キャ？陽キャ？」#shorts,2026-07-04T08:30:17Z,130082,7268,149
ujgVDVSRyKI,UCAWSyEs_Io8MtpY3m-zqILA,홀로라이브,모모스즈 네네,Momosuzu Nene,【 リズム天国 ミラクルスターズ 】ねねの掛け声変じゃないよ！気づいて！ｗ【 桃鈴ねね / hololive 】,2026-07-03T10:22:57Z,68797,4936,38
eO63kDtyT20,UCAWSyEs_Io8MtpY3m-zqILA,홀로라이브,모모스즈 네네,Momosuzu Nene,【 リズム天国 ミラクルスターズ 】AII最高目指して！！！ねねのリズム感、あげていく！【 桃鈴ねね / hololive 】,2026-07-02T10:41:48Z,72306,5143,44
4YgdoAYze9U,UCAWSyEs_Io8MtpY3m-zqILA,홀로라이브,모모스즈 네네,Momosuzu Nene,【 リズム天国 ミラクルスターズ 】体験版で腕慣らしとこうと思います！！！【 桃鈴ねね / hololive 】,2026-07-01T10:49:14Z,86772,5736,44
sEE00Gc4F0k,UCAWSyEs_Io8MtpY3m-zqILA,홀로라이브,모모스즈 네네,Momosuzu Nene,【 雑談 】今日は #ハーフタイムデー ってゆー上半期終了のお知らせらしい！【 桃鈴ねね / hololive 】,2026-06-30T11:05:06Z,92349,7569,71
rmJIEptlpAg,UCAWSyEs_Io8MtpY3m-zqILA,홀로라이브,모모스즈 네네,Momosuzu Nene,【 歌枠 】今日も歌うぞー！！！元気いっぱいな曲になるつもりです！【 桃鈴ねね / hololive 】,2026-06-28T11:28:23Z,97552,8649,70
6GzX4iJbX2M,UCAWSyEs_Io8MtpY3m-zqILA,홀로라이브,모모스즈 네네,Momosuzu Nene,【 歌って踊ってみた 】フレンズ【 桃鈴ねね / 大神ミオ / hololive 】,2026-06-25T10:00:06Z,221008,9843,254
hLXIwkfAhW4,UCAWSyEs_Io8MtpY3m-zqILA,홀로라이브,모모스즈 네네,Momosuzu Nene,【 いつもありがとう 】手描き切り抜き鑑賞会！【 桃鈴ねね / hololive 】,2026-06-23T10:47:33Z,227691,13155,158
YNoFdPkGuYc,UCAWSyEs_Io8MtpY3m-zqILA,홀로라이브,모모스즈 네네,Momosuzu Nene,【 どろぼうノーム 】ダンス終わって募集あったから来ちゃった！ぺこちゃん先輩を添えて…【 桃鈴ねね / hololive 】,2026-06-22T13:57:38Z,88175,6348,47
XPVrWy6z1ig,UCAWSyEs_Io8MtpY3m-zqILA,홀로라이브,모모스즈 네네,Momosuzu Nene,【Soar】踊ってみた！#shorts#鷹嶺ルイの反逆 #Soar,2026-06-22T08:00:18Z,97154,6625,107
1LyKGZEzFI4,UCAWSyEs_Io8MtpY3m-zqILA,홀로라이브,모모스즈 네네,Momosuzu Nene,【 歌枠 】寝かしつけBGM、桃鈴ねね【 桃鈴ねね / hololive 】,2026-06-21T14:44:29Z,65678,6989,73
hsYOw4ZwZEo,UCAWSyEs_Io8MtpY3m-zqILA,홀로라이브,모모스즈 네네,Momosuzu Nene,【三ツ星ファーム】桃鈴ねね健康化計画！【 桃鈴ねね / hololive 】,2026-06-18T11:09:12Z,44706,4636,38
b3oVk3gaRT0,UCAWSyEs_Io8MtpY3m-zqILA,홀로라이브,모모스즈 네네,Momosuzu Nene,生意気メイドねねのご主人様いじり♡,2026-06-17T14:17:40Z,136989,14785,540
chDCqrxbQBk,UCAWSyEs_Io8MtpY3m-zqILA,홀로라이브,모모스즈 네네,Momosuzu Nene,【 Forza Horizon 6 】今日こそ愛車を買うんや！！！！！！！！！【 桃鈴ねね / hololive 】,2026-06-16T11:16:04Z,136453,8088,48
wVNKRvzJWL0,UChAnqc_AY5_I3Px5dig3X1Q,홀로라이브,이누가미 코로네,Inugami Korone,【ホラゲー】#ルイころ で「みつめ」やるでな👻＜ ｺﾜｲ,2026-08-13T15:10:22Z,127255,7801,93
-VVfuIFg53A,UChAnqc_AY5_I3Px5dig3X1Q,홀로라이브,이누가미 코로네,Inugami Korone,お盆の雑談♩,2026-08-13T11:50:43Z,146230,10016,110
5s2MTi_7DBA,UChAnqc_AY5_I3Px5dig3X1Q,홀로라이브,이누가미 코로네,Inugami Korone,【ド★初見】ロープくんアドベンチャー遊ぶ,2026-08-12T13:51:36Z,150060,8636,100
Y1Bd-OvZixE,UChAnqc_AY5_I3Px5dig3X1Q,홀로라이브,이누가미 코로네,Inugami Korone,ゼータちゃんの「LOVE MISSION♡」Let's dance～～～💃💖#shorts #vestiazeta,2026-08-11T09:00:02Z,62633,7773,193
1_pnOSzYEow,UChAnqc_AY5_I3Px5dig3X1Q,홀로라이브,이누가미 코로네,Inugami Korone,【ぽこあ】海きたあああああ！？！？！？,2026-08-10T10:34:59Z,271834,12029,79
upVZ6IIq1yo,UChAnqc_AY5_I3Px5dig3X1Q,홀로라이브,이누가미 코로네,Inugami Korone,【Waterpark Simulator】地獄のアルバイト編～２回目～【ころね支店】,2026-08-09T15:19:13Z,218150,10398,103
1IuOKoNqWug,UChAnqc_AY5_I3Px5dig3X1Q,홀로라이브,이누가미 코로네,Inugami Korone,【ド★初見】「ドレミファンタジー ～ミロンのドキドキ大冒険～」遊ぶ！！【スーファミ】,2026-08-08T17:28:44Z,205042,9940,104
EJZU-z0PYAw,UChAnqc_AY5_I3Px5dig3X1Q,홀로라이브,이누가미 코로네,Inugami Korone,みこみこの「サキミダレアッパレード♪」表情ころころ変えて踊ってみた💃🌸✨ #vtuber  #shorts #サキミダレダンス,2026-08-07T09:00:32Z,115887,12166,304
dQFvlxqx44E,UChAnqc_AY5_I3Px5dig3X1Q,홀로라이브,이누가미 코로네,Inugami Korone,【ド★初見】サターンボンバーマン遊ぶ！！【セガサターン】,2026-08-06T16:29:21Z,261196,10980,106
LriXEkMQGAc,UChAnqc_AY5_I3Px5dig3X1Q,홀로라이브,이누가미 코로네,Inugami Korone,【SPAGHET】綺々羅々ヴィヴィからゲームをプレゼントしてもらったので遊んでみる🍝❤,2026-08-05T13:06:16Z,182070,9768,128
y57Lc18Dkvc,UChAnqc_AY5_I3Px5dig3X1Q,홀로라이브,이누가미 코로네,Inugami Korone,【Waterpark Simulator】地獄のアルバイト編【ころね支店】,2026-08-04T15:15:39Z,228464,11024,107
25Ku_Yr5dEk,UChAnqc_AY5_I3Px5dig3X1Q,홀로라이브,이누가미 코로네,Inugami Korone,またまた、チル釣り♩,2026-08-03T17:25:14Z,153288,11141,99
CH53T8PoUyo,UChAnqc_AY5_I3Px5dig3X1Q,홀로라이브,이누가미 코로네,Inugami Korone,深夜の逆立ち,2026-07-30T18:08:27Z,172283,9989,86
GuWn8LLhoCE,UChAnqc_AY5_I3Px5dig3X1Q,홀로라이브,이누가미 코로네,Inugami Korone,【視聴者参加型】一緒に『めっちゃカメレオン』あそぼ～～！,2026-07-29T14:45:26Z,116643,7586,87
8aU13ClH7-4,UChAnqc_AY5_I3Px5dig3X1Q,홀로라이브,이누가미 코로네,Inugami Korone,箸の使い方🥢,2026-07-24T11:49:00Z,138392,8789,85
9uvF_-MdoTU,UChAnqc_AY5_I3Px5dig3X1Q,홀로라이브,이누가미 코로네,Inugami Korone,水着ぼいんぼいん雑談,2026-07-20T15:01:10Z,268854,18792,154
7tSAmIWFfKU,UChAnqc_AY5_I3Px5dig3X1Q,홀로라이브,이누가미 코로네,Inugami Korone,【Toilet 64】くそお！！！！！！！！！！！！！,2026-07-17T14:46:42Z,99833,6420,88
_T1NjJnD8dc,UChAnqc_AY5_I3Px5dig3X1Q,홀로라이브,이누가미 코로네,Inugami Korone,【Toilet 8】トイレで異変探し,2026-07-17T12:18:28Z,174029,9596,92
v2kONOKZaTo,UChAnqc_AY5_I3Px5dig3X1Q,홀로라이브,이누가미 코로네,Inugami Korone,すぷらてぅんフェス！！！夜の部！！！！,2026-07-11T17:40:29Z,204402,9262,82
M0L1S2y7hNE,UChAnqc_AY5_I3Px5dig3X1Q,홀로라이브,이누가미 코로네,Inugami Korone,すぷらてぅんフェス！！！！！！！,2026-07-11T08:47:55Z,372192,13896,89
QPY8jlvSdCc,UChAnqc_AY5_I3Px5dig3X1Q,홀로라이브,이누가미 코로네,Inugami Korone,カビばいばい,2026-07-09T13:33:08Z,168115,9425,86
M6b3XEy5dgE,UChAnqc_AY5_I3Px5dig3X1Q,홀로라이브,이누가미 코로네,Inugami Korone,【#おかころ】ころね支店【R.E.P.O】,2026-07-08T17:29:26Z,208663,11091,104
hEouXJFiezY,UChAnqc_AY5_I3Px5dig3X1Q,홀로라이브,이누가미 코로네,Inugami Korone,【#あまにょ降臨】今年も来ました🎋【お披露目＆重大告知アリ！？】,2026-07-07T12:24:01Z,234951,15612,177
kZBzPHHgB_0,UChAnqc_AY5_I3Px5dig3X1Q,홀로라이브,이누가미 코로네,Inugami Korone,100億年ぶりのスプラ！？？？！？,2026-07-04T16:37:42Z,244033,10908,92
SOpSObv5G_g,UChAnqc_AY5_I3Px5dig3X1Q,홀로라이브,이누가미 코로네,Inugami Korone,また、チル釣り♩,2026-07-03T17:50:31Z,163491,10082,87
Nx9mOOAA7IA,UChAnqc_AY5_I3Px5dig3X1Q,홀로라이브,이누가미 코로네,Inugami Korone,【リズム天国ミラクルスターズ】遊ぶ【新作/発売したばかり/新しいゲーム】,2026-07-01T23:04:14Z,468494,16430,146
G6r_oZBgD3E,UChAnqc_AY5_I3Px5dig3X1Q,홀로라이브,이누가미 코로네,Inugami Korone,【突発ホロライブ】ソロR.E.P.O.かと思いきや千速とイルイルが来てくれたR.E.P.O.,2026-06-29T18:57:33Z,284219,12085,101
b0vvZrPkR8E,UChAnqc_AY5_I3Px5dig3X1Q,홀로라이브,이누가미 코로네,Inugami Korone,おはなししよ,2026-06-29T14:32:18Z,149038,9708,102
kgQLZ_aQ9vQ,UChAnqc_AY5_I3Px5dig3X1Q,홀로라이브,이누가미 코로네,Inugami Korone,イルイルの #Soar 踊ってみた💃✨　#vtuber #shorts #鷹嶺ルイの反逆,2026-06-21T02:46:30Z,222103,11862,194
1AhZ1qs2VLA,UChAnqc_AY5_I3Px5dig3X1Q,홀로라이브,이누가미 코로네,Inugami Korone,【ビックリマンチョコ開封】マンダロリアン&グローグー全24種、フルコンプするまで終われまテン！！！！！,2026-06-18T11:10:03Z,160884,9087,137
BZWqXM0v-fM,UCroM00J2ahCN6k-0-oAiDxg,이세계아이돌,아이네,Ine,호박아 무럭무럭 자라렴~,2026-08-16T09:15:34Z,51185,3175,251
UqVFtS26F2g,UCroM00J2ahCN6k-0-oAiDxg,이세계아이돌,아이네,Ine,우와5주년기념게임이라니정말너무궁금해서플레이해보고싶은걸,2026-08-08T09:15:02Z,93164,4768,470
OJfAWxSGekU,UCroM00J2ahCN6k-0-oAiDxg,이세계아이돌,아이네,Ine,우리 결혼했어요(구라임),2026-07-30T09:15:38Z,61944,3630,209
JqPMn13xOtg,UCroM00J2ahCN6k-0-oAiDxg,이세계아이돌,아이네,Ine,가사를 모르면 좋은 노래 #Shorts,2026-07-28T03:15:17Z,162036,9539,356
bJIuSTeLuwU,UCroM00J2ahCN6k-0-oAiDxg,이세계아이돌,아이네,Ine,X에서 유행하는 강호동 썰 #Shorts,2026-07-27T03:15:01Z,846002,17214,370
-hBmEbE-UBA,UCroM00J2ahCN6k-0-oAiDxg,이세계아이돌,아이네,Ine,기필코 복수한다.,2026-07-26T09:15:36Z,84472,4809,285
otRC11XhUsE,UCroM00J2ahCN6k-0-oAiDxg,이세계아이돌,아이네,Ine,날 속인거니 미웡,2026-07-08T09:15:22Z,71444,2921,124
P9Ogfy8cZKk,UCroM00J2ahCN6k-0-oAiDxg,이세계아이돌,아이네,Ine,뇌절을 예술로 하는 드라마 '취사병 전설이 되다' 리뷰,2026-06-18T09:25:58Z,66548,3435,341
TzOIr8YOp0g,UCroM00J2ahCN6k-0-oAiDxg,이세계아이돌,아이네,Ine,사실이 아닙니다 제발 해명하게 해주세요,2026-06-15T09:15:28Z,101928,4623,246
whsW2S2RK_o,UCroM00J2ahCN6k-0-oAiDxg,이세계아이돌,아이네,Ine,"대충 살자, 에스컬레이터에 알 낳는 비둘기처럼",2026-06-12T08:00:38Z,93415,6556,256
U7fESMq3_K0,UCroM00J2ahCN6k-0-oAiDxg,이세계아이돌,아이네,Ine,건강하게 먹으려고 노력하고 있습니다 노가리,2026-06-10T09:00:40Z,99896,4695,294
iv99qy4-_BI,UCroM00J2ahCN6k-0-oAiDxg,이세계아이돌,아이네,Ine,장기휴방으로 집을 2달 비웠더니 자유를 만끽하는 나의 팬,2026-06-05T09:15:32Z,283088,8544,443
PPjW3Afz6fg,UCroM00J2ahCN6k-0-oAiDxg,이세계아이돌,아이네,Ine,롤 뉴비 챔프 추천해주기,2026-06-02T09:23:13Z,86020,4700,125
xF9bzfH6HMg,UCroM00J2ahCN6k-0-oAiDxg,이세계아이돌,아이네,Ine,내향인 필살 콤보,2026-06-01T08:00:14Z,80524,4735,147
u-ScWRW2_Qk,UCroM00J2ahCN6k-0-oAiDxg,이세계아이돌,아이네,Ine,장기휴방한 이유,2026-05-31T09:15:28Z,174816,7663,570
tVKDVLPilNQ,UCroM00J2ahCN6k-0-oAiDxg,이세계아이돌,아이네,Ine,몇 개의 계화탕을 먹었을까 - 성세천하: 여제의 탄생,2026-05-22T08:30:18Z,59816,2057,235
VVkG1tLTht8,UCroM00J2ahCN6k-0-oAiDxg,이세계아이돌,아이네,Ine,이름은 꼬미입니다,2026-05-21T09:15:09Z,106824,4581,245
yb_6Vqtzzq8,UCroM00J2ahCN6k-0-oAiDxg,이세계아이돌,아이네,Ine,박자 맞춰서 딸깍하는 게임 - 비츠 앤 밥스,2026-05-19T08:30:36Z,34914,1798,94
vvQ2uqW6lbw,UCroM00J2ahCN6k-0-oAiDxg,이세계아이돌,아이네,Ine,바탕화면 정리 이렇게 하세요! #Shorts,2026-05-19T03:30:36Z,219429,8722,322
yDsTAVzd-5c,UCroM00J2ahCN6k-0-oAiDxg,이세계아이돌,아이네,Ine,발더스 무적의 4인팟,2026-05-18T08:30:24Z,29065,1255,98
Jw9nxjwwm48,UCroM00J2ahCN6k-0-oAiDxg,이세계아이돌,아이네,Ine,다들 솜 터지고 싶으세요????,2026-05-17T07:48:32Z,95421,4104,185
Knzzraxlqro,UCroM00J2ahCN6k-0-oAiDxg,이세계아이돌,아이네,Ine,꼬리에 꼬리를 무는 꼬리잡기,2026-05-16T09:19:20Z,49383,2742,127
lCGSeDzygNk,UCroM00J2ahCN6k-0-oAiDxg,이세계아이돌,아이네,Ine,동의한다고!!!!!!!!!동의한다고!!!!!!!!!동의한다고!!!!!!!!!동의한다고!!!!!!!!!동의한다고!!!!!!!!!동의한다고!!!!!!!!!동의한다고!!!!!!!!!,2026-05-15T09:15:08Z,102959,4406,296
BK93E_dbIuY,UCroM00J2ahCN6k-0-oAiDxg,이세계아이돌,아이네,Ine,포코피아 줄넘기 개고수 #Shorts,2026-05-15T04:33:33Z,71508,4157,119
ai_mG8mStZI,UCroM00J2ahCN6k-0-oAiDxg,이세계아이돌,아이네,Ine,귀여워봐야 얼마나 귀엽다고... #Shorts,2026-05-14T09:13:49Z,215458,8719,182
Prw0OMuyKyQ,UCroM00J2ahCN6k-0-oAiDxg,이세계아이돌,아이네,Ine,운세 봐주기,2026-05-11T09:07:10Z,58385,3319,182
LcjrUa9C7as,UCroM00J2ahCN6k-0-oAiDxg,이세계아이돌,아이네,Ine,전설의 호루박을 직관한 영국어 선생님ㄷㄷ #Shorts,2026-05-11T04:14:47Z,143331,4871,121
BHwQ7JeDAK0,UCroM00J2ahCN6k-0-oAiDxg,이세계아이돌,아이네,Ine,아닌데?? 별로 안 귀여운데??,2026-05-09T09:34:11Z,103667,4650,218
ICPEgQwAAdo,UCroM00J2ahCN6k-0-oAiDxg,이세계아이돌,아이네,Ine,릴파야!! 아프다고!!!,2026-04-26T09:15:01Z,162309,5931,349
1yFyOvmEALc,UCroM00J2ahCN6k-0-oAiDxg,이세계아이돌,아이네,Ine,마크 원블럭 요약 #Shorts,2026-04-22T09:15:01Z,198509,8695,142
vn3ToeFRozg,UCHE7GBQVtdh-c1m3tjFdevQ,이세계아이돌,징버거,Jingburger,TV 애니메이션 구작화 vs 신작화,2026-08-16T09:00:27Z,29765,2023,53
D5fztJmg1Q0,UCHE7GBQVtdh-c1m3tjFdevQ,이세계아이돌,징버거,Jingburger,SOOP에서 가장 못생긴 버츄얼을 성형하면 예뻐질까? - 버형외과 1화,2026-08-16T07:00:12Z,45446,2492,160
FMQgQxhTgSU,UCHE7GBQVtdh-c1m3tjFdevQ,이세계아이돌,징버거,Jingburger,배그에서 업보를 쌓으면 안 되는 이유,2026-08-14T12:00:03Z,51577,2674,34
XITv_6WLq6E,UCHE7GBQVtdh-c1m3tjFdevQ,이세계아이돌,징버거,Jingburger,원피스 뉴비가 본 정상전쟁이 너무 열받는 이유 ㅋㅋㅋ - 징버거 노가리,2026-08-12T11:00:02Z,29167,1685,149
_V_dUR7qYJY,UCHE7GBQVtdh-c1m3tjFdevQ,이세계아이돌,징버거,Jingburger,생각과는 다른 애니 속 캐릭터 키,2026-08-10T12:00:23Z,218116,4904,128
KhtwnkR6UC4,UCHE7GBQVtdh-c1m3tjFdevQ,이세계아이돌,징버거,Jingburger,버츄얼 선배가 뭔지 보여줄게,2026-08-09T10:00:04Z,29863,2136,89
ebXkkDP__VA,UCHE7GBQVtdh-c1m3tjFdevQ,이세계아이돌,징버거,Jingburger,개나리즈가 주르르에게 등을 돌린 이유,2026-07-31T10:00:05Z,103910,5982,100
KVEHguMV9dI,UCHE7GBQVtdh-c1m3tjFdevQ,이세계아이돌,징버거,Jingburger,요즘 심상치 않다는 아버거 근황 - 이세돌 노가리,2026-07-31T09:00:05Z,40041,2553,126
by9POIcW2hg,UCHE7GBQVtdh-c1m3tjFdevQ,이세계아이돌,징버거,Jingburger,이세돌 마크 하코 죽음 모음집,2026-07-27T12:00:12Z,116082,5451,75
89dgjrGZRmE,UCHE7GBQVtdh-c1m3tjFdevQ,이세계아이돌,징버거,Jingburger,"""야!!!! 주르르!!!!!!!"" 엔딩 보기 직전 벌어진 대참사 🤬 [이세돌 마크 하코서버 2부]",2026-07-27T11:00:30Z,41734,2050,95
UCwfo9rIYKM,UCHE7GBQVtdh-c1m3tjFdevQ,이세계아이돌,징버거,Jingburger,경상도 사람 구분법,2026-07-24T10:00:01Z,137469,4567,110
_YkL8TS-_wk,UCHE7GBQVtdh-c1m3tjFdevQ,이세계아이돌,징버거,Jingburger,"""반지의 제왕 안 봤는데요?"" - 명작영화 TOP100 살펴보기",2026-07-23T09:00:05Z,38192,2136,280
jBCKGRetEY0,UCHE7GBQVtdh-c1m3tjFdevQ,이세계아이돌,징버거,Jingburger,멧챠 카멜레온 레전드 위장술,2026-07-23T08:30:23Z,199299,5378,99
2XtE5sANbsI,UCHE7GBQVtdh-c1m3tjFdevQ,이세계아이돌,징버거,Jingburger,징버거를 너무너무너무 좋아하는 그녀들,2026-07-17T04:00:01Z,126167,6632,126
U5HPJb5EU8I,UCHE7GBQVtdh-c1m3tjFdevQ,이세계아이돌,징버거,Jingburger,첫 만남에 울어버린 찐팬을 만났습니다..,2026-07-16T09:00:38Z,37529,2562,111
mJEsIwyrkn0,UCHE7GBQVtdh-c1m3tjFdevQ,이세계아이돌,징버거,Jingburger,승인해주세요 지니님! 커버 댓글 반응 모음,2026-07-14T08:00:17Z,143337,6363,83
0mkLPGEgF7A,UCHE7GBQVtdh-c1m3tjFdevQ,이세계아이돌,징버거,Jingburger,한 명의 실수 = 전원 리셋! 🤯 역대급 케미 보여준 레전드 합방 ㅋㅋㅋ [이세돌 마크 하코서버 1부],2026-07-13T09:00:02Z,68243,2978,124
9nGK8k7pplQ,UCHE7GBQVtdh-c1m3tjFdevQ,이세계아이돌,징버거,Jingburger,1년 만에 돌아온 징커버,2026-07-12T14:30:09Z,138801,7435,124
WPUDOnGnv18,UCHE7GBQVtdh-c1m3tjFdevQ,이세계아이돌,징버거,Jingburger,캡컷 하루 남았을 때 뽕 뽑는 방법,2026-07-12T03:00:38Z,64104,4180,143
JC3hOWlVfEA,UCHE7GBQVtdh-c1m3tjFdevQ,이세계아이돌,징버거,Jingburger,연기돌 도전 1일차,2026-07-11T03:00:27Z,57194,4664,122
NnviR_NJTZc,UCHE7GBQVtdh-c1m3tjFdevQ,이세계아이돌,징버거,Jingburger,승인해주세요 지니님!ㅣ징버거・비챤 COVER,2026-07-10T10:00:10Z,320089,13647,1681
8dd_R_fjDHI,UCHE7GBQVtdh-c1m3tjFdevQ,이세계아이돌,징버거,Jingburger,GG EZ 챌린지,2026-07-10T03:00:27Z,132152,10382,127
CSW1oxl-JwI,UCHE7GBQVtdh-c1m3tjFdevQ,이세계아이돌,징버거,Jingburger,파라파라나 춰야겠,2026-07-09T08:00:26Z,268646,11114,175
fqZNKuj8kj4,UCHE7GBQVtdh-c1m3tjFdevQ,이세계아이돌,징버거,Jingburger,이세돌의 대환장 멧챠 카멜레온 ㅋㅋㅋ [이세돌 종겜 합방],2026-07-07T11:00:14Z,73742,3132,126
SHDlvTb3FdM,UCHE7GBQVtdh-c1m3tjFdevQ,이세계아이돌,징버거,Jingburger,이런 거까지 공유한다고,2026-07-07T10:00:38Z,159207,6164,87
HE6BUXD4mtE,UCHE7GBQVtdh-c1m3tjFdevQ,이세계아이돌,징버거,Jingburger,정수리에서 되게 좋은 향기 난다..ㅎ - 이세계솔로 징상철 하이라이트,2026-07-03T09:00:11Z,34238,2226,154
d5BfNbsU-ec,UCHE7GBQVtdh-c1m3tjFdevQ,이세계아이돌,징버거,Jingburger,멧챠 카멜레온에서 열심히 숨을 필요가 없는 이유,2026-07-03T05:00:01Z,263102,6191,78
ONYIMCkm6_I,UCHE7GBQVtdh-c1m3tjFdevQ,이세계아이돌,징버거,Jingburger,미술 전공 출신의 멧챠 카멜레온,2026-07-02T08:00:33Z,760931,12297,175
_oWsIFR2yB0,UCHE7GBQVtdh-c1m3tjFdevQ,이세계아이돌,징버거,Jingburger,신곡 컴백 합방에서도 딸깍으로 캐리해버리는 징버거,2026-07-01T09:00:21Z,38292,2410,104
dz3RjtLFAlE,UCHE7GBQVtdh-c1m3tjFdevQ,이세계아이돌,징버거,Jingburger,랜덤으로 블록을 지정받았는데 이게 된다고?? - 마인크래프트 랜덤컬러건콘,2026-06-29T09:00:22Z,37224,2436,144
gksqgsgcevk,UC-oCJP9t47v7-DmsnmXV38Q,이세계아이돌,릴파,Lilpa,그냥 웃긴 조합,2026-08-16T05:59:00Z,136448,5429,136
JebfVnrtrxU,UC-oCJP9t47v7-DmsnmXV38Q,이세계아이돌,릴파,Lilpa,엉뚱매력 띨과 쭐 케미,2026-08-15T03:00:35Z,79007,3408,98
gdoDTJ_GEOk,UC-oCJP9t47v7-DmsnmXV38Q,이세계아이돌,릴파,Lilpa,적혈구 실제로 본 릴파(?) 징고챤 반응,2026-08-13T03:00:10Z,80346,5007,124
uA58Wd3CoFA,UC-oCJP9t47v7-DmsnmXV38Q,이세계아이돌,릴파,Lilpa,술찌를 넘어선 술생아ㅋㅋㅋㅋ,2026-08-12T03:00:11Z,58864,4321,93
EVf18J5knfM,UC-oCJP9t47v7-DmsnmXV38Q,이세계아이돌,릴파,Lilpa,역대급 주량 갱신,2026-08-11T03:00:23Z,49228,4078,148
8bhMB56ojnU,UC-oCJP9t47v7-DmsnmXV38Q,이세계아이돌,릴파,Lilpa,친언니 놀리기,2026-08-10T09:35:52Z,46897,2709,94
jqG_BzNTLy4,UC-oCJP9t47v7-DmsnmXV38Q,이세계아이돌,릴파,Lilpa,Save the Bibimbap,2026-08-10T03:00:22Z,105543,5242,175
Kz6vj5PP9rM,UC-oCJP9t47v7-DmsnmXV38Q,이세계아이돌,릴파,Lilpa,무릎에 비빔밥 양보하는 비명맛집 비빔인간,2026-08-08T03:00:13Z,45896,4170,146
J9ESKO8IXzw,UC-oCJP9t47v7-DmsnmXV38Q,이세계아이돌,릴파,Lilpa,다이아 광산의 끝에서 - [이세돌 팰월드],2026-08-07T03:00:37Z,224097,4675,70
b_nmgt8o4wQ,UC-oCJP9t47v7-DmsnmXV38Q,이세계아이돌,릴파,Lilpa,등잔 밑이 어둡다 - [이세돌 팰월드],2026-08-06T09:00:12Z,96457,3543,63
varEJJgp374,UC-oCJP9t47v7-DmsnmXV38Q,이세계아이돌,릴파,Lilpa,인위적인데? ㅇㅇㅈㅇㄷ? - [이세돌 팰월드],2026-08-06T03:00:07Z,62248,3510,74
BptUCXIlKIU,UC-oCJP9t47v7-DmsnmXV38Q,이세계아이돌,릴파,Lilpa,가챠중독 극악무도 릴렵꾼 - [이세돌 팰월드],2026-08-05T09:00:01Z,54503,3283,49
-NidpNJ4oig,UC-oCJP9t47v7-DmsnmXV38Q,이세계아이돌,릴파,Lilpa,중2병파,2026-08-05T03:00:17Z,72787,4239,92
wusQLtlV3L0,UC-oCJP9t47v7-DmsnmXV38Q,이세계아이돌,릴파,Lilpa,이파리는 Lilpa Perfect Target💘,2026-08-04T03:00:35Z,49782,4692,116
UXMkDFdJ6tM,UC-oCJP9t47v7-DmsnmXV38Q,이세계아이돌,릴파,Lilpa,우울보다 우웅하기,2026-08-01T04:51:11Z,47014,4265,78
Bis5TeabbyQ,UC-oCJP9t47v7-DmsnmXV38Q,이세계아이돌,릴파,Lilpa,김릴파랑 연애하는 법,2026-07-31T03:00:26Z,145944,6661,145
i-4tyXnvBso,UC-oCJP9t47v7-DmsnmXV38Q,이세계아이돌,릴파,Lilpa,0.008mm 적혈구를 보는 시력,2026-07-30T03:00:35Z,90465,6772,254
Qf9jEs9cbJM,UC-oCJP9t47v7-DmsnmXV38Q,이세계아이돌,릴파,Lilpa,얼굴 천재 복근 아인슈타인,2026-07-29T03:00:20Z,88178,5943,125
DxFxdmjZYmM,UC-oCJP9t47v7-DmsnmXV38Q,이세계아이돌,릴파,Lilpa,메챠카멜레온 현실판,2026-07-28T07:00:21Z,64860,3687,49
TVst5t-pGKM,UC-oCJP9t47v7-DmsnmXV38Q,이세계아이돌,릴파,Lilpa,Lemon Tang 챌린지,2026-07-28T03:00:30Z,84847,7151,138
3re03ggEfpQ,UC-oCJP9t47v7-DmsnmXV38Q,이세계아이돌,릴파,Lilpa,JvsP 여행 계획 차이,2026-07-27T03:00:34Z,51667,3716,79
ks2Ks1vURMY,UC-oCJP9t47v7-DmsnmXV38Q,이세계아이돌,릴파,Lilpa,메챠 카멜레온 현실판 ㅋㅋㅋㅋㅋㅋ,2026-07-26T09:15:20Z,34676,2173,86
XX2b1FKO7Ms,UC-oCJP9t47v7-DmsnmXV38Q,이세계아이돌,릴파,Lilpa,릴파의 BAD 챌린지,2026-07-25T03:00:03Z,228689,10056,202
QRz2n8W053A,UC-oCJP9t47v7-DmsnmXV38Q,이세계아이돌,릴파,Lilpa,휘슬 노크 챌린지,2026-07-24T03:00:19Z,104218,7822,196
IxIfAkSnPyM,UC-oCJP9t47v7-DmsnmXV38Q,이세계아이돌,릴파,Lilpa,릴파의 GG EZ 챌린지 #gg #GG,2026-07-23T03:00:37Z,111629,7878,178
7DN754rrq3Y,UC-oCJP9t47v7-DmsnmXV38Q,이세계아이돌,릴파,Lilpa,큐트한 큐피카 댄스 챌린지(キュートなキューたい),2026-07-22T03:00:00Z,93865,7912,172
BznH2r8dr9w,UC-oCJP9t47v7-DmsnmXV38Q,이세계아이돌,릴파,Lilpa,효과는 대단했다,2026-07-21T09:15:20Z,76248,3694,146
opJsqzhGN1Q,UC-oCJP9t47v7-DmsnmXV38Q,이세계아이돌,릴파,Lilpa,Twins at the carousel,2026-07-21T03:00:37Z,78462,5328,101
4v4j9cNKUp4,UC-oCJP9t47v7-DmsnmXV38Q,이세계아이돌,릴파,Lilpa,릴파바보서버 들어옴 #shorts,2026-07-20T03:00:26Z,168710,5934,105
sHxamoveYaI,UC-oCJP9t47v7-DmsnmXV38Q,이세계아이돌,릴파,Lilpa,반응이 고픈 릴챱츄 #shorts,2026-07-18T03:00:39Z,185806,8921,207
n_Q69GalFqQ,UCTifMx1ONpElK5x6B4ng8eg,이세계아이돌,주르르,Jururu,하트~크러쉬!🩷 #아이리제 #HEARTCRUSHCHALLENGE,2026-08-16T08:37:57Z,52780,6163,252
E9xFNtl4o3E,UCTifMx1ONpElK5x6B4ng8eg,이세계아이돌,주르르,Jururu,🌟오늘🧍나는💥찌그러진🧀치즈🟡볼이🎾될 거야🛌,2026-08-10T11:19:04Z,86125,5166,103
tgCZaD3POJo,UCTifMx1ONpElK5x6B4ng8eg,이세계아이돌,주르르,Jururu,주르르 또 합격,2026-08-07T08:26:13Z,40724,2333,153
72zDJ3VfXVw,UCTifMx1ONpElK5x6B4ng8eg,이세계아이돌,주르르,Jururu,쭐 행동 해서 우리 벗겨먹는거임!!,2026-07-25T08:10:52Z,33255,2517,194
khp5J1QixhQ,UCTifMx1ONpElK5x6B4ng8eg,이세계아이돌,주르르,Jururu,세구랑 온천 갔습니다...,2026-07-16T11:29:03Z,46715,2992,184
PN_9teERDCs,UCTifMx1ONpElK5x6B4ng8eg,이세계아이돌,주르르,Jururu,말랑말랑 장난감 히히,2026-07-05T09:33:07Z,42671,2624,112
NeVTp4YtW-k,UCTifMx1ONpElK5x6B4ng8eg,이세계아이돌,주르르,Jururu,버튜버 최초 감스트 이게뭐야 리믹스 챌린지🤣,2026-07-05T06:20:58Z,164844,7672,231
kPJoESIheiM,UCTifMx1ONpElK5x6B4ng8eg,이세계아이돌,주르르,Jururu,합방끝나고 파라파라나 춰야겠다 #shorts #파라파라,2026-07-02T09:03:31Z,193933,9349,198
YqCBOLLhYjo,UCTifMx1ONpElK5x6B4ng8eg,이세계아이돌,주르르,Jururu,아야! 세구가 때렸어!! 😫👋 #shorts #vtuber,2026-07-01T13:22:41Z,216341,8916,174
s5qP4jPGK8A,UCTifMx1ONpElK5x6B4ng8eg,이세계아이돌,주르르,Jururu,시청자 패션 훈수중 참지 못하고 그만..,2026-07-01T09:00:37Z,22892,1825,89
nh7jV11hWu8,UCTifMx1ONpElK5x6B4ng8eg,이세계아이돌,주르르,Jururu,고르르와 아잉네 드라이브♪ #shorts,2026-07-01T07:42:25Z,71906,4659,113
fXDI_Vmi7ag,UCTifMx1ONpElK5x6B4ng8eg,이세계아이돌,주르르,Jururu,고(기)세구,2026-06-29T08:05:07Z,89941,3317,45
_pk-C-OLX9g,UCTifMx1ONpElK5x6B4ng8eg,이세계아이돌,주르르,Jururu,이걸 못찾아?,2026-06-28T07:54:00Z,198996,5219,56
F7UUr4hFoI4,UCTifMx1ONpElK5x6B4ng8eg,이세계아이돌,주르르,Jururu,저는 초밥 인간 입니다,2026-06-26T03:54:45Z,117971,3978,65
fdme2GPZS_Q,UCTifMx1ONpElK5x6B4ng8eg,이세계아이돌,주르르,Jururu,메이드 카페 개진상 #shorts,2026-06-25T07:27:20Z,79847,3644,74
QIVkSEyesIU,UCTifMx1ONpElK5x6B4ng8eg,이세계아이돌,주르르,Jururu,돌아온 블베땅 VS 신입 메이드 레몬땅 등장??,2026-06-24T07:30:29Z,30997,2191,119
EGB9zydZ_CM,UCTifMx1ONpElK5x6B4ng8eg,이세계아이돌,주르르,Jururu,새 친구들을 만났는데..,2026-06-17T11:04:24Z,32330,2094,79
_poK0Dx4xDg,UCTifMx1ONpElK5x6B4ng8eg,이세계아이돌,주르르,Jururu,언니 자꾸 그러면 우리도 다 깐다,2026-06-11T11:10:36Z,75250,3258,132
QCF2gPYNbE0,UCTifMx1ONpElK5x6B4ng8eg,이세계아이돌,주르르,Jururu,르르땅 좋아해~~!,2026-06-04T08:15:01Z,40969,2310,106
839BAhR5Gfg,UCTifMx1ONpElK5x6B4ng8eg,이세계아이돌,주르르,Jururu,이런 아줌마가 뭐가 좋다구..,2026-05-31T09:00:20Z,68225,3615,232
Bo9kLcFEGLM,UCTifMx1ONpElK5x6B4ng8eg,이세계아이돌,주르르,Jururu,바보들,2026-05-23T09:54:27Z,67334,3334,132
Y1hEXTPOMBY,UCTifMx1ONpElK5x6B4ng8eg,이세계아이돌,주르르,Jururu,취향이 정반대인 만만즈 #airpodsswitch #shorts,2026-05-19T03:56:12Z,196785,8719,124
lXQic7t05MA,UCTifMx1ONpElK5x6B4ng8eg,이세계아이돌,주르르,Jururu,버튜버 주식 수익률 공개합니다,2026-05-16T11:23:05Z,28209,1858,122
UBwxMXgy6f0,UCTifMx1ONpElK5x6B4ng8eg,이세계아이돌,주르르,Jururu,아 가만히 있어 주르르,2026-05-08T08:08:26Z,35031,2432,186
EktA7l1_b34,UCTifMx1ONpElK5x6B4ng8eg,이세계아이돌,주르르,Jururu,저희 르르도 많이 반성 하고 있으니 용서해주심이...,2026-04-30T08:00:00Z,61627,3063,178
xX8cR0rmRIg,UCTifMx1ONpElK5x6B4ng8eg,이세계아이돌,주르르,Jururu,귀엽기만 하면 안되나요? #shorts,2026-04-29T03:00:00Z,89093,5478,118
P7SUCb-G1UI,UCTifMx1ONpElK5x6B4ng8eg,이세계아이돌,주르르,Jururu,일본어 고수 르르땅의 🔥さしすせそ🔥,2026-04-28T03:00:00Z,65125,3203,89
tHxjCukEzT4,UCTifMx1ONpElK5x6B4ng8eg,이세계아이돌,주르르,Jururu,르르땅과 가까워지기 멀어지기,2026-04-27T03:52:42Z,107837,6255,106
iBQEabKEtmQ,UCTifMx1ONpElK5x6B4ng8eg,이세계아이돌,주르르,Jururu,신입 버튜버 애교 알려주기ㅋㅋㅋ,2026-04-25T08:04:20Z,45652,2860,172
znfYcHuNexc,UCTifMx1ONpElK5x6B4ng8eg,이세계아이돌,주르르,Jururu,패션만 보고 사귈 수 있을까? (여자 편),2026-04-25T05:15:00Z,120043,4620,111
oXWO9bdNfxo,UCV9WL7sW6_KjanYkUUaIDfQ,이세계아이돌,고세구,Gosegu,체르노빌에서 500만원 버는 법,2026-08-16T03:00:30Z,6450,931,71
NIL9xX888X4,UCV9WL7sW6_KjanYkUUaIDfQ,이세계아이돌,고세구,Gosegu,이세돌 미래 모습,2026-08-12T09:13:15Z,29070,2199,125
_-5PAkdQZrY,UCV9WL7sW6_KjanYkUUaIDfQ,이세계아이돌,고세구,Gosegu,넌 포위됐다,2026-08-11T09:00:05Z,78087,3651,135
2cuy01l8i8s,UCV9WL7sW6_KjanYkUUaIDfQ,이세계아이돌,고세구,Gosegu,WET challenge with kiara🧡💙,2026-08-11T08:53:39Z,45035,4870,154
gBdLoJvczz0,UCV9WL7sW6_KjanYkUUaIDfQ,이세계아이돌,고세구,Gosegu,유출이 습관,2026-08-10T09:00:44Z,126229,6685,209
9v0m5DKbgaY,UCV9WL7sW6_KjanYkUUaIDfQ,이세계아이돌,고세구,Gosegu,한국 음식 먹은 외국인 버튜버 반응?!,2026-08-09T03:00:00Z,43756,3164,175
CPf_q4k077w,UCV9WL7sW6_KjanYkUUaIDfQ,이세계아이돌,고세구,Gosegu,스타크래프트 그 유즈맵,2026-08-07T09:29:22Z,54977,2385,81
CNeLn5Xh-Lo,UCV9WL7sW6_KjanYkUUaIDfQ,이세계아이돌,고세구,Gosegu,내놓기 부끄러운 동생,2026-08-07T08:59:15Z,157139,6010,142
bRIh-V4uKgU,UCV9WL7sW6_KjanYkUUaIDfQ,이세계아이돌,고세구,Gosegu,전남친 인스타,2026-08-06T09:15:46Z,361576,6594,88
c5BcJJDjxZQ,UCV9WL7sW6_KjanYkUUaIDfQ,이세계아이돌,고세구,Gosegu,이게 무슨 말이야,2026-08-04T09:00:27Z,22767,1541,77
GevCYEQLLkU,UCV9WL7sW6_KjanYkUUaIDfQ,이세계아이돌,고세구,Gosegu,언니한테 잘해라,2026-08-02T09:04:30Z,93583,4072,136
rwEs1C-CmX4,UCV9WL7sW6_KjanYkUUaIDfQ,이세계아이돌,고세구,Gosegu,외국인버튜버 한식 먹고 찐반응,2026-08-01T09:13:39Z,97683,6208,202
MC8mPhlLymg,UCV9WL7sW6_KjanYkUUaIDfQ,이세계아이돌,고세구,Gosegu,현실에서 같이 카드깡 (녹음본있음),2026-08-01T03:10:58Z,22041,1632,81
vmDEbI2Hd0s,UCV9WL7sW6_KjanYkUUaIDfQ,이세계아이돌,고세구,Gosegu,아픈거 아니라며!!!!,2026-07-28T09:55:30Z,50594,2524,171
uQcIPgamWhM,UCV9WL7sW6_KjanYkUUaIDfQ,이세계아이돌,고세구,Gosegu,바스트 때문에 촉각슈트 못 입는 사람,2026-07-28T08:58:14Z,54175,3095,83
XeYJU95gJ9Y,UCV9WL7sW6_KjanYkUUaIDfQ,이세계아이돌,고세구,Gosegu,내 주식 살려내,2026-07-22T09:26:39Z,46123,1998,213
3XEtGQFUvuM,UCV9WL7sW6_KjanYkUUaIDfQ,이세계아이돌,고세구,Gosegu,고세구한테 의자 던지는 말왕,2026-07-18T07:57:14Z,230963,7405,138
T7FSw9NeSKM,UCV9WL7sW6_KjanYkUUaIDfQ,이세계아이돌,고세구,Gosegu,고세구 참교육하는 말왕,2026-07-18T07:56:57Z,169911,6596,151
IuE0mdACpwc,UCV9WL7sW6_KjanYkUUaIDfQ,이세계아이돌,고세구,Gosegu,상상한 모습 vs 실제 내모습,2026-07-18T03:50:12Z,25258,1954,136
DkUAExIEu1U,UCV9WL7sW6_KjanYkUUaIDfQ,이세계아이돌,고세구,Gosegu,마크초보 레전드 호들갑,2026-07-17T11:14:05Z,103081,3716,89
rfXMUMvfSMs,UCV9WL7sW6_KjanYkUUaIDfQ,이세계아이돌,고세구,Gosegu,T1팬끼리 하는 공명,2026-07-17T09:58:51Z,68278,3281,88
9D7j5YwBVzQ,UCV9WL7sW6_KjanYkUUaIDfQ,이세계아이돌,고세구,Gosegu,퍼리가 되 -애니모,2026-07-17T09:00:03Z,15880,1483,147
U2kZiV1fj_k,UCV9WL7sW6_KjanYkUUaIDfQ,이세계아이돌,고세구,Gosegu,비방의 이세돌,2026-07-12T03:01:23Z,49372,3188,173
yKuHi7UPFzQ,UCV9WL7sW6_KjanYkUUaIDfQ,이세계아이돌,고세구,Gosegu,그 사장에 그 아이돌,2026-07-08T09:06:41Z,43039,2138,100
aWTU6xz-4rs,UCV9WL7sW6_KjanYkUUaIDfQ,이세계아이돌,고세구,Gosegu,누가 제일 못 입을까,2026-07-05T04:22:36Z,68118,2287,118
90UIc5VQ16k,UCV9WL7sW6_KjanYkUUaIDfQ,이세계아이돌,고세구,Gosegu,눈물 맛있다ㅋ,2026-07-03T13:57:21Z,36276,1921,185
lgkzBpZ55eY,UCV9WL7sW6_KjanYkUUaIDfQ,이세계아이돌,고세구,Gosegu,Can't Get You Out Of My Head✨,2026-07-02T13:20:26Z,120557,6804,227
joDz00nu3So,UCV9WL7sW6_KjanYkUUaIDfQ,이세계아이돌,고세구,Gosegu,다이죠부이데쇼 -💙❤️,2026-07-01T12:13:07Z,328773,12752,493
1QMMwHPUbNw,UCV9WL7sW6_KjanYkUUaIDfQ,이세계아이돌,고세구,Gosegu,20대에 긁힌 30대 버튜버,2026-07-01T09:24:05Z,125486,3520,250
aNaaYEWbkXE,UCV9WL7sW6_KjanYkUUaIDfQ,이세계아이돌,고세구,Gosegu,그림 숨바꼭질 장인,2026-06-27T09:36:36Z,184704,5080,119
V5igwWFbgHA,UCs6EwgxKLY9GG4QNUrP5hoQ,이세계아이돌,비챤,Viichan,이제야 이쪽을 보는구나,2026-08-15T09:17:08Z,28306,2066,95
0rnoSUxB_T4,UCs6EwgxKLY9GG4QNUrP5hoQ,이세계아이돌,비챤,Viichan,릴파언니는 가족이지,2026-08-14T08:59:32Z,57758,4727,121
Y6mARSmyTDs,UCs6EwgxKLY9GG4QNUrP5hoQ,이세계아이돌,비챤,Viichan,뺵룸 그런게 뭐가 무서워,2026-08-11T07:53:36Z,29176,3606,83
lx_g13D65hw,UCs6EwgxKLY9GG4QNUrP5hoQ,이세계아이돌,비챤,Viichan,나의 귀여운 아기토끼,2026-08-07T09:23:36Z,40909,3791,65
ZOFoxWDv88o,UCs6EwgxKLY9GG4QNUrP5hoQ,이세계아이돌,비챤,Viichan,우울해,2026-08-03T07:44:07Z,32175,4118,98
QK-eObYZSwA,UCs6EwgxKLY9GG4QNUrP5hoQ,이세계아이돌,비챤,Viichan,4년만에 뉴 아바타,2026-08-02T08:33:07Z,58836,3909,363
9S8e4L7Xw5M,UCs6EwgxKLY9GG4QNUrP5hoQ,이세계아이돌,비챤,Viichan,비챤섹시,2026-08-01T09:42:26Z,40193,3755,125
853ZLUxXY-c,UCs6EwgxKLY9GG4QNUrP5hoQ,이세계아이돌,비챤,Viichan,언니야 나 하늘을 날았어,2026-07-31T06:49:33Z,47739,3771,74
tPn4z55YeEk,UCs6EwgxKLY9GG4QNUrP5hoQ,이세계아이돌,비챤,Viichan,언니야 나랑놀아(2026),2026-07-30T05:29:11Z,59735,5182,131
W24cSIwesk4,UCs6EwgxKLY9GG4QNUrP5hoQ,이세계아이돌,비챤,Viichan,비켜.,2026-07-30T03:30:15Z,65011,3014,197
F_2deSObcuw,UCs6EwgxKLY9GG4QNUrP5hoQ,이세계아이돌,비챤,Viichan,셋로그 빈부격차,2026-07-29T10:50:50Z,55367,4320,74
dZE__2FZr2I,UCs6EwgxKLY9GG4QNUrP5hoQ,이세계아이돌,비챤,Viichan,조용. 그만.,2026-07-28T06:55:36Z,32147,2211,101
bZc0a-zUIT4,UCs6EwgxKLY9GG4QNUrP5hoQ,이세계아이돌,비챤,Viichan,뉴뉴챤의 버튜버 페이셜 테스트!,2026-07-27T12:14:36Z,126117,7143,231
kWKo3keFZzc,UCs6EwgxKLY9GG4QNUrP5hoQ,이세계아이돌,비챤,Viichan,초면에 바퀴벌레를 보여주는 그녀,2026-07-26T07:00:39Z,35797,2160,116
ymwEDbtTFHc,UCs6EwgxKLY9GG4QNUrP5hoQ,이세계아이돌,비챤,Viichan,릴파바보,2026-07-26T05:06:55Z,47862,4777,103
92PzLZpadok,UCs6EwgxKLY9GG4QNUrP5hoQ,이세계아이돌,비챤,Viichan,나도 예뻐질거야,2026-07-25T05:19:08Z,48974,5015,149
6-rM0-y7BxQ,UCs6EwgxKLY9GG4QNUrP5hoQ,이세계아이돌,비챤,Viichan,나를너무너무좋아하는동급생친구,2026-07-24T08:56:37Z,39151,2523,107
wMEyP9y2DcI,UCs6EwgxKLY9GG4QNUrP5hoQ,이세계아이돌,비챤,Viichan,언니들과 퀵플립 댄스(Avgn dance / Kwik Flip),2026-07-24T07:33:19Z,48850,4044,85
SkPeVgkDVio,UCs6EwgxKLY9GG4QNUrP5hoQ,이세계아이돌,비챤,Viichan,언니야 살려죠,2026-07-23T07:27:28Z,37030,3737,102
0Ey3-q6636M,UCs6EwgxKLY9GG4QNUrP5hoQ,이세계아이돌,비챤,Viichan,이거 좋은건가요?,2026-07-22T09:00:01Z,34271,1875,132
zCrIqRsS05U,UCs6EwgxKLY9GG4QNUrP5hoQ,이세계아이돌,비챤,Viichan,누굴까.. 내 남자..?,2026-07-22T08:12:57Z,39413,4394,91
VJlbrrl4qb0,UCs6EwgxKLY9GG4QNUrP5hoQ,이세계아이돌,비챤,Viichan,VIICHAN (비챤) | New Avatar Teaser,2026-07-22T07:00:20Z,38905,3938,427
xRqHiDrnHnQ,UCs6EwgxKLY9GG4QNUrP5hoQ,이세계아이돌,비챤,Viichan,VIICHAN (비챤) | Logo Motion,2026-07-21T10:03:37Z,34640,3429,420
HSLo9tDwR64,UCs6EwgxKLY9GG4QNUrP5hoQ,이세계아이돌,비챤,Viichan,안약의 효능,2026-07-21T07:00:35Z,62236,4369,109
5eQGVL5IgZ4,UCs6EwgxKLY9GG4QNUrP5hoQ,이세계아이돌,비챤,Viichan,이제 저는 없습니다...,2026-07-20T06:04:56Z,47328,3201,306
F1n77BXI62Y,UCs6EwgxKLY9GG4QNUrP5hoQ,이세계아이돌,비챤,Viichan,섹시병,2026-07-19T07:26:38Z,49499,4623,210
s80kJOKtjuI,UCs6EwgxKLY9GG4QNUrP5hoQ,이세계아이돌,비챤,Viichan,K-드라마클리셰,2026-07-18T08:29:59Z,47928,4388,62
YKu00J-xhss,UCs6EwgxKLY9GG4QNUrP5hoQ,이세계아이돌,비챤,Viichan,챠니 업따 - 이세돌 6인 메챠 카멜레온,2026-07-18T08:07:25Z,53431,2696,125
UJvT02jusVs,UCs6EwgxKLY9GG4QNUrP5hoQ,이세계아이돌,비챤,Viichan,얼마나 일하기 싫은지 감도 안 옴;;,2026-07-17T08:12:45Z,39623,5214,147
ScvHLi9MKBk,UCs6EwgxKLY9GG4QNUrP5hoQ,이세계아이돌,비챤,Viichan,짝을 찾았습니다,2026-07-16T09:19:07Z,19574,1732,80
