video_id,channel_id,name_ko,name_en,unit,title,published_at,duration,views,likes,comments
mYI4q_bFnqM,UCIVFv8AiQLqM9oLHTixrNYw,강지,Kangji,STELLIVE,본인이 덕질하려고 아이돌 키우는 사장,2026-08-02T07:17:09Z,PT14M3S,78233,2717,116.0
aQlIRVwwZPs,UCIVFv8AiQLqM9oLHTixrNYw,강지,Kangji,STELLIVE,딸내미 제대로 된 자취방 구해주기,2026-08-01T05:00:13Z,PT14M57S,114276,2750,83.0
auF8ni12o7o,UCIVFv8AiQLqM9oLHTixrNYw,강지,Kangji,STELLIVE,딸들 앞에서는 아무래도 입조심을 하게 된다...,2026-07-30T07:00:40Z,PT19M37S,269834,6547,236.0
RlHhOcxnYII,UCIVFv8AiQLqM9oLHTixrNYw,강지,Kangji,STELLIVE,최근 강지가 지구상에서 매일 1그램씩 사라지고 있다는 사실을 아시나요?,2026-07-28T07:00:07Z,PT12M24S,487355,8778,780.0
tPmNJ6dXXUY,UCIVFv8AiQLqM9oLHTixrNYw,강지,Kangji,STELLIVE,적나라한 픽셀 네트워크 사내 따돌림의 현장,2026-07-26T05:00:38Z,PT15M27S,99251,2195,90.0
1lQQB9Lqk4Y,UCIVFv8AiQLqM9oLHTixrNYw,강지,Kangji,STELLIVE,이런 옷이 대체 왜 있는 건데?!,2026-07-25T05:25:27Z,PT13M25S,133437,2925,136.0
NJiJO-tTlHw,UCIVFv8AiQLqM9oLHTixrNYw,강지,Kangji,STELLIVE,귀여운 강아가(?) #감자툰 #쇼츠 #리제,2026-07-24T07:12:59Z,PT45S,256791,13338,180.0
wVEXvr-984I,UCIVFv8AiQLqM9oLHTixrNYw,강지,Kangji,STELLIVE,요새 내 절친이 연락이 안 되는 이유,2026-07-22T07:30:38Z,PT11M4S,316036,7349,347.0
nsV1HkZS5VI,UCIVFv8AiQLqM9oLHTixrNYw,강지,Kangji,STELLIVE,데헷 걸렸네 ᐠ( ᐢ ⩊ ᐢ )ᐟ #감자툰 #김블루 #쇼츠,2026-07-20T07:20:39Z,PT48S,453909,28363,452.0
tfx6jtGZmFc,UCIVFv8AiQLqM9oLHTixrNYw,강지,Kangji,STELLIVE,어...?,2026-07-19T05:00:40Z,PT13M42S,268627,5490,205.0
gfavZZTNYP8,UCIVFv8AiQLqM9oLHTixrNYw,강지,Kangji,STELLIVE,'둘이 왜 같이 있어?',2026-07-18T05:00:18Z,PT15M7S,261294,5260,388.0
SnphXZcC-9w,UCIVFv8AiQLqM9oLHTixrNYw,강지,Kangji,STELLIVE,이 집안의 용돈 흐름,2026-07-15T07:00:16Z,PT13M11S,323696,8426,552.0
v3fu9ywdWDA,UCIVFv8AiQLqM9oLHTixrNYw,강지,Kangji,STELLIVE,넥슨에게 무지성 경제 보복이 가능한 스트리머,2026-07-12T05:00:06Z,PT13M44S,199147,3269,346.0
J3aC5GFGw2c,UCIVFv8AiQLqM9oLHTixrNYw,강지,Kangji,STELLIVE,결국 찌라시에 박차를 가하는 두 사람...,2026-07-11T05:00:34Z,PT15M17S,432645,11893,1180.0
993GZ8u7Pts,UCIVFv8AiQLqM9oLHTixrNYw,강지,Kangji,STELLIVE,아이돌을 뽑은 건지 강육수를 뽑은 건지 슬슬 헷갈리는 강지면 개추,2026-07-08T07:00:22Z,PT14M9S,164742,4432,225.0
FskX6WO1W9k,UCIVFv8AiQLqM9oLHTixrNYw,강지,Kangji,STELLIVE,여기서 뭐해요 언니? #강지 #감자툰 #쇼츠,2026-07-07T07:00:15Z,PT44S,260353,9221,76.0
aZFr0Fyxz40,UCIVFv8AiQLqM9oLHTixrNYw,강지,Kangji,STELLIVE,데뷔 전 '다크 히나'를 아시나요,2026-07-05T05:00:16Z,PT13M29S,187276,4962,299.0
3g0vX9ihXZ8,UCIVFv8AiQLqM9oLHTixrNYw,강지,Kangji,STELLIVE,"""아~ 이 선수 과감해요!""",2026-07-04T05:00:11Z,PT15M14S,138040,4143,202.0
50CXUtdIXVo,UCIVFv8AiQLqM9oLHTixrNYw,강지,Kangji,STELLIVE,"""지누야 돈 내놔, 누나 좀 쓰게""",2026-07-02T07:00:37Z,PT12M45S,128357,2779,112.0
u7gNnfvO5ls,UCIVFv8AiQLqM9oLHTixrNYw,강지,Kangji,STELLIVE,최신 팩에서도 그 녀석 뽑아버리며 또 증명해버린 역대급 운뚱땡이,2026-06-30T07:00:03Z,PT14M9S,242650,4823,282.0
lgByrv8nAu0,UCIVFv8AiQLqM9oLHTixrNYw,강지,Kangji,STELLIVE,대참사가 날 뻔했던 스텔콘,2026-06-28T08:04:35Z,PT13M15S,165999,4249,150.0
InGfdTxvmIE,UCIVFv8AiQLqM9oLHTixrNYw,강지,Kangji,STELLIVE,샵 다녀온 사장님을 보자마자 단체 매혹 걸려버린 딸내미들,2026-06-27T05:00:18Z,PT12M57S,237978,6242,383.0
ZQd383o8DQ0,UCIVFv8AiQLqM9oLHTixrNYw,강지,Kangji,STELLIVE,감자가 자주 넘어지는 이유 #감자툰 #쇼츠,2026-06-26T07:00:23Z,PT39S,196548,8444,213.0
hRJLK9F7H1k,UCIVFv8AiQLqM9oLHTixrNYw,강지,Kangji,STELLIVE,"아무도 모른다,내가 수백억의 재산을 가진 스트리머라는 사실을",2026-06-25T07:00:36Z,PT14M,148687,3465,203.0
5_qiYe4V0-I,UCIVFv8AiQLqM9oLHTixrNYw,강지,Kangji,STELLIVE,엄마한테 잔소리하는 효녀 #강지 #감자툰 #쇼츠,2026-06-24T07:35:33Z,PT34S,228473,10491,127.0
y_owGKvLbFo,UCIVFv8AiQLqM9oLHTixrNYw,강지,Kangji,STELLIVE,사장 오피셜 스텔라이브 음흉녀 라인,2026-06-23T07:00:30Z,PT16M20S,125013,3352,154.0
bbQl4nloVhQ,UCIVFv8AiQLqM9oLHTixrNYw,강지,Kangji,STELLIVE,므쨍이 감자 #강지 #쇼츠 #토마토,2026-06-22T08:04:42Z,PT16S,189849,9319,274.0
S7ap0LKirQQ,UCIVFv8AiQLqM9oLHTixrNYw,강지,Kangji,STELLIVE,탬탬버린이 학창시절 유명했던 이유,2026-06-21T08:00:34Z,PT21M19S,261586,4953,245.0
EWAV9iCHbGE,UCIVFv8AiQLqM9oLHTixrNYw,강지,Kangji,STELLIVE,"""딸~ 엄마 지금 일하는 중이잖아~""",2026-06-20T06:12:17Z,PT13M4S,149118,3740,189.0
pbKHuoiFHVA,UCIVFv8AiQLqM9oLHTixrNYw,강지,Kangji,STELLIVE,사실 오디션에서 탈락할 뻔했던 여우신,2026-06-18T07:00:07Z,PT15M55S,157506,4148,144.0
tIs_w6athKI,UCIVFv8AiQLqM9oLHTixrNYw,강지,Kangji,STELLIVE,[감자TV]💥오늘은로블록스들어가서잼민이들손목을비틀어볼게요💦,2026-06-14T05:00:09Z,PT13M14S,59043,1802,164.0
LQ5gMBgWdDI,UCIVFv8AiQLqM9oLHTixrNYw,강지,Kangji,STELLIVE,그 대회 이후 지누에게 시달리고 있습니다...,2026-06-13T05:00:19Z,PT12M43S,157963,3346,167.0
kdNFm6xgubw,UCIVFv8AiQLqM9oLHTixrNYw,강지,Kangji,STELLIVE,결국 봉인이 풀려버린 김진우,2026-06-11T07:00:23Z,PT16M33S,292391,5238,246.0
b6UrW-KNbjI,UCIVFv8AiQLqM9oLHTixrNYw,강지,Kangji,STELLIVE,제가 보기에도 그런 거 같아요...,2026-06-09T07:00:03Z,PT19M43S,81564,1742,83.0
utKIQAUa748,UCIVFv8AiQLqM9oLHTixrNYw,강지,Kangji,STELLIVE,야몽이는 사실 사람이 아닐까? #강지 #감자툰 #고양이,2026-06-08T07:35:27Z,PT35S,510519,16758,423.0
yVwSB5uILFM,UCIVFv8AiQLqM9oLHTixrNYw,강지,Kangji,STELLIVE,사장님 집은 아이돌 숙소가 아니에요;,2026-06-06T05:00:15Z,PT16M6S,163244,3769,183.0
3_EnlJIReq8,UCIVFv8AiQLqM9oLHTixrNYw,강지,Kangji,STELLIVE,여기에 엄지 대보셈 #강지 #쇼츠 #밈,2026-06-04T07:00:24Z,PT16S,175496,7746,252.0
DDLGDL_obNg,UCIVFv8AiQLqM9oLHTixrNYw,강지,Kangji,STELLIVE,도티님도 처음 보는 유형의 회사 [모라하지마! 서버 - 2 (完)],2026-06-03T07:13:50Z,PT22M45S,243136,5098,267.0
YnM-3EvPLQU,UCIVFv8AiQLqM9oLHTixrNYw,강지,Kangji,STELLIVE,신호등 자매의 윙크 (｡•̀ ᴗ -)✧ #강지 #쇼츠 #밈,2026-06-02T05:00:07Z,PT19S,902326,26448,364.0
XeQEeDDM2IU,UCIVFv8AiQLqM9oLHTixrNYw,강지,Kangji,STELLIVE,'스틸'라이브 정신은 이어진다 [모라하지마! 서버 - 1],2026-05-31T05:00:18Z,PT21M24S,319040,5499,243.0
jqrpVAW9Ovw,UCIVFv8AiQLqM9oLHTixrNYw,강지,Kangji,STELLIVE,왜 자꾸 회사에 경력직 신입들만 들어오는 건데?!,2026-05-30T05:00:16Z,PT12M2S,228137,4910,221.0
VSP8v3H8QEY,UCIVFv8AiQLqM9oLHTixrNYw,강지,Kangji,STELLIVE,사쵸는 멤버들이 우는 모습을 좋아한다는 이야기가 있다,2026-05-28T07:00:07Z,PT12M48S,125079,3970,191.0
HXnf-ddHqlM,UCIVFv8AiQLqM9oLHTixrNYw,강지,Kangji,STELLIVE,김점례측_정강지 고소 제출 증거 자료.mp4,2026-05-26T07:00:09Z,PT16M4S,135242,2943,153.0
20WVkKAr8uU,UCIVFv8AiQLqM9oLHTixrNYw,강지,Kangji,STELLIVE,분내나는 그녀들과 두근두근 폐병원 데이트,2026-05-24T05:00:04Z,PT17M37S,70002,1735,88.0
2c7y8_g85nE,UCIVFv8AiQLqM9oLHTixrNYw,강지,Kangji,STELLIVE,최종 보스,2026-05-23T05:00:03Z,PT15M5S,253758,4731,206.0
9iEGSlDwMNk,UCIVFv8AiQLqM9oLHTixrNYw,강지,Kangji,STELLIVE,내로남불 #감자툰 #쇼츠,2026-05-22T07:00:04Z,PT1M1S,571203,22226,220.0
BZNQQegBhv4,UCIVFv8AiQLqM9oLHTixrNYw,강지,Kangji,STELLIVE,사쵸 누구쇼?,2026-05-20T07:00:12Z,PT12M52S,150789,3562,126.0
oVDTMbOzsIg,UCIVFv8AiQLqM9oLHTixrNYw,강지,Kangji,STELLIVE,아빠가 누구야? #강지 #히나 #감자툰,2026-05-19T07:00:30Z,PT59S,901577,31391,358.0
SqFEqCkOTEA,UCIVFv8AiQLqM9oLHTixrNYw,강지,Kangji,STELLIVE,우리 회사 막내로 들어온 그녀석(?),2026-05-17T05:00:23Z,PT24M46S,210078,4149,165.0
o5pNwErDZ_c,UCIVFv8AiQLqM9oLHTixrNYw,강지,Kangji,STELLIVE,이것들이 단체로 사춘기가 왔나...,2026-05-16T05:00:41Z,PT15M33S,104862,2772,137.0
cbl-eMyOrgg,UClbYIn9LDbbFZ9w2shX3K0g,아야츠노 유니,Ayatsuno Yuni,EVERYS,망아지가 택시 타면 생기는 일,2026-07-30T09:30:14Z,PT11M9S,36689,1527,161.0
YKvPGoUpgic,UClbYIn9LDbbFZ9w2shX3K0g,아야츠노 유니,Ayatsuno Yuni,EVERYS,요약 한 번 당해볼래?,2026-07-28T09:00:08Z,PT14M23S,36655,1369,148.0
O0m9seBBkFg,UClbYIn9LDbbFZ9w2shX3K0g,아야츠노 유니,Ayatsuno Yuni,EVERYS,✨점메추 해드립니다✨ #유니 #stellive #스텔라이브,2026-07-27T03:00:12Z,PT26S,34841,2824,498.0
KmGi0PHUlJk,UClbYIn9LDbbFZ9w2shX3K0g,아야츠노 유니,Ayatsuno Yuni,EVERYS,신난 망아지 볼 사람,2026-07-25T09:00:13Z,PT18M43S,49481,1826,122.0
GiaDQPVBDsM,UClbYIn9LDbbFZ9w2shX3K0g,아야츠노 유니,Ayatsuno Yuni,EVERYS,다이죠부이데쇼 😎💜  #stellive #스텔라이브 #유니,2026-07-24T03:00:35Z,PT16S,324218,15348,317.0
8jptHIO9ubM,UClbYIn9LDbbFZ9w2shX3K0g,아야츠노 유니,Ayatsuno Yuni,EVERYS,끝나지 않은 메호대전 [웃긴 축구 움짤 월드컵],2026-07-22T09:05:09Z,PT14M1S,58317,1931,202.0
kol_Wov5FeA,UClbYIn9LDbbFZ9w2shX3K0g,아야츠노 유니,Ayatsuno Yuni,EVERYS,유기도문 ON,2026-07-20T09:15:03Z,PT14M23S,55274,1897,125.0
NI4e7uGlqTU,UClbYIn9LDbbFZ9w2shX3K0g,아야츠노 유니,Ayatsuno Yuni,EVERYS,【핫클립】고소하네 후야,2026-07-16T09:00:31Z,PT9M6S,68733,2338,134.0
wsBjQyblpWM,UClbYIn9LDbbFZ9w2shX3K0g,아야츠노 유니,Ayatsuno Yuni,EVERYS,✨ 잘한다 잘한다 잘한다 ✨ #stellive #스텔라이브  #유니 #잘한다,2026-07-14T05:00:27Z,PT16S,131931,7680,201.0
K7MzUWpMvHY,UClbYIn9LDbbFZ9w2shX3K0g,아야츠노 유니,Ayatsuno Yuni,EVERYS,민트짱 민트짱 민트초코짱 #stellive #스텔라이브 #유니 #민트초코 #민초,2026-07-13T10:00:14Z,PT38S,133732,6445,126.0
c8ddcexRsiU,UClbYIn9LDbbFZ9w2shX3K0g,아야츠노 유니,Ayatsuno Yuni,EVERYS,아 진짜 진짜 마지막 찐막,2026-07-12T09:00:12Z,PT19M49S,108796,2056,231.0
egoTEH8teX0,UClbYIn9LDbbFZ9w2shX3K0g,아야츠노 유니,Ayatsuno Yuni,EVERYS,아 르 냥 일 어 나 🕗 !! #stellive #스텔라이브 #유니 #알람,2026-07-09T23:00:24Z,PT14S,513052,16011,283.0
j9csrxAsdys,UClbYIn9LDbbFZ9w2shX3K0g,아야츠노 유니,Ayatsuno Yuni,EVERYS,부적! 구스루! 부적! 구스루! 쿠나이! 힐! 힐! 쿠나이!,2026-07-08T09:00:36Z,PT8M8S,68420,2060,146.0
4o_FH4v1c2A,UClbYIn9LDbbFZ9w2shX3K0g,아야츠노 유니,Ayatsuno Yuni,EVERYS,순진한 외노자 놀려먹기,2026-07-04T09:00:16Z,PT13M29S,66424,2188,193.0
Aeh8W9X7xgI,UClbYIn9LDbbFZ9w2shX3K0g,아야츠노 유니,Ayatsuno Yuni,EVERYS,3초 준다 나와라! [MECCHA CHAMELEON],2026-06-30T09:00:04Z,PT14M42S,104904,2521,118.0
z_ikisAde44,UClbYIn9LDbbFZ9w2shX3K0g,아야츠노 유니,Ayatsuno Yuni,EVERYS,【핫클립】한글패치 누가 했냐,2026-06-27T09:00:35Z,PT10M4S,156178,3646,215.0
_GtqXRMM9ik,UClbYIn9LDbbFZ9w2shX3K0g,아야츠노 유니,Ayatsuno Yuni,EVERYS,오늘만을 기다렸다...,2026-06-25T09:00:35Z,PT13M35S,220452,4350,326.0
j-tpT7Qsaag,UClbYIn9LDbbFZ9w2shX3K0g,아야츠노 유니,Ayatsuno Yuni,EVERYS,떠꾸꾸꾸 미여꾸꾸꾸 만두꾸꾸 [한식 월드컵],2026-06-22T09:00:25Z,PT13M17S,114702,3461,443.0
VLZ9fTfDTRU,UClbYIn9LDbbFZ9w2shX3K0g,아야츠노 유니,Ayatsuno Yuni,EVERYS,정상이 없네 ...,2026-06-19T09:00:30Z,PT18M6S,59892,2019,97.0
uj3YFYiq54g,UClbYIn9LDbbFZ9w2shX3K0g,아야츠노 유니,Ayatsuno Yuni,EVERYS,유니를 따라와 내일을 향해! 계속 함께할 테니까💜 I STAR TRAIL,2026-06-19T08:08:11Z,PT43S,93320,7741,291.0
1tnc3DNZfoc,UClbYIn9LDbbFZ9w2shX3K0g,아야츠노 유니,Ayatsuno Yuni,EVERYS,안된다 안카나,2026-06-16T09:00:04Z,PT17M59S,212877,4181,1303.0
mNXi5zutJLI,UClbYIn9LDbbFZ9w2shX3K0g,아야츠노 유니,Ayatsuno Yuni,EVERYS,한창 어흐가 좋을 나이,2026-06-13T09:00:27Z,PT13M38S,68139,2345,142.0
-H9YmskznXg,UClbYIn9LDbbFZ9w2shX3K0g,아야츠노 유니,Ayatsuno Yuni,EVERYS,★식사 중 시청 권장★ 역대급 귀여운(?) 벌레 월드컵,2026-06-11T03:00:16Z,PT13M10S,93713,2699,309.0
foA_wl3pvrI,UClbYIn9LDbbFZ9w2shX3K0g,아야츠노 유니,Ayatsuno Yuni,EVERYS,아르냥이 준 생일 선물에 수상한 내용이 있다,2026-06-08T09:00:05Z,PT11M31S,74545,2781,208.0
dT3G4Xpyfa8,UClbYIn9LDbbFZ9w2shX3K0g,아야츠노 유니,Ayatsuno Yuni,EVERYS,How tall are you? 😎 #스텔라이브 #stellive #유니,2026-06-06T09:00:20Z,PT28S,124813,6934,208.0
lThphYM6TQA,UClbYIn9LDbbFZ9w2shX3K0g,아야츠노 유니,Ayatsuno Yuni,EVERYS,루카루카★나이트 피버 💜 ルカルカ★ナイトフィーバー #스텔라이브 #stellive #유니 #루카루카,2026-06-05T10:00:38Z,PT30S,83869,4977,141.0
u5Ud4h9K8gs,UClbYIn9LDbbFZ9w2shX3K0g,아야츠노 유니,Ayatsuno Yuni,EVERYS,[4K] STELLIVE 아야츠노 유니 생일 3D 🤍,2026-06-05T09:00:11Z,PT1H41M13S,61390,2799,278.0
5HxXT_vBvsM,UClbYIn9LDbbFZ9w2shX3K0g,아야츠노 유니,Ayatsuno Yuni,EVERYS,하하 갠차나요 (저브셈저브셈저브셈저브셈),2026-06-03T07:00:10Z,PT13M37S,50657,1704,118.0
ojQ9IrtPoU8,UClbYIn9LDbbFZ9w2shX3K0g,아야츠노 유니,Ayatsuno Yuni,EVERYS,평범하게 테트리스를 즐길 뿐인 영상,2026-05-30T09:00:09Z,PT12M53S,194106,3947,311.0
mQAZsVf4-QQ,UClbYIn9LDbbFZ9w2shX3K0g,아야츠노 유니,Ayatsuno Yuni,EVERYS,"아니 린아 있잖아... ""알아""",2026-05-28T09:00:12Z,PT14M1S,79415,2347,154.0
_Wc4QYDVNj0,UClbYIn9LDbbFZ9w2shX3K0g,아야츠노 유니,Ayatsuno Yuni,EVERYS,기나긴 밤을 지나 마침내 닿은 우리의 별자리 ✨,2026-05-25T09:00:30Z,PT13M1S,32470,2396,238.0
cxW5wSnjX1g,UClbYIn9LDbbFZ9w2shX3K0g,아야츠노 유니,Ayatsuno Yuni,EVERYS,냉면🎵 - 타유 드라이브,2026-05-21T13:00:33Z,PT7M27S,125856,5273,590.0
bRa_zAaaCCE,UClbYIn9LDbbFZ9w2shX3K0g,아야츠노 유니,Ayatsuno Yuni,EVERYS,오네가이 달링 「おねがいダーリン」 (ONE - ナナホシ管弦楽団) - 아야츠노 유니 Cover,2026-05-21T12:30:07Z,PT3M15S,303606,10511,682.0
LCxRRpdicp8,UClbYIn9LDbbFZ9w2shX3K0g,아야츠노 유니,Ayatsuno Yuni,EVERYS,설레는 키 차이,2026-05-19T10:30:08Z,PT11M57S,45909,1748,115.0
8DSb6gIjkC0,UClbYIn9LDbbFZ9w2shX3K0g,아야츠노 유니,Ayatsuno Yuni,EVERYS,유니의 세탁기 댄스 💜 #유니 #스텔라이브 #stellive,2026-05-18T04:00:08Z,PT15S,108061,5040,156.0
BZH8bVAen68,UClbYIn9LDbbFZ9w2shX3K0g,아야츠노 유니,Ayatsuno Yuni,EVERYS,말이 되는 소리를 하세요,2026-05-15T09:00:26Z,PT11M55S,71174,2875,227.0
he9VNg7cg7M,UClbYIn9LDbbFZ9w2shX3K0g,아야츠노 유니,Ayatsuno Yuni,EVERYS,유니콘 꼬마 선장 나간다요 🎶 #stellive #유니 #스텔라이브,2026-05-12T09:00:50Z,PT15S,179469,6835,182.0
-47uxlTOmpE,UClbYIn9LDbbFZ9w2shX3K0g,아야츠노 유니,Ayatsuno Yuni,EVERYS,오조짱 어디 사는 몇 ~ 살 ?,2026-05-11T09:00:00Z,PT12M44S,86096,2924,186.0
oMz-uXq2G1c,UClbYIn9LDbbFZ9w2shX3K0g,아야츠노 유니,Ayatsuno Yuni,EVERYS,저희는 모르는 일입니다,2026-05-05T09:01:09Z,PT15M39S,154460,3644,312.0
cqAEteO3-3k,UClbYIn9LDbbFZ9w2shX3K0g,아야츠노 유니,Ayatsuno Yuni,EVERYS,아르냥도 유니 보고 싶었어?,2026-05-01T08:00:41Z,PT13M47S,131421,4923,380.0
a1k7oHtkqeA,UClbYIn9LDbbFZ9w2shX3K0g,아야츠노 유니,Ayatsuno Yuni,EVERYS,니 마이 드세요 vs 아니 니가 마이 드세요,2026-04-27T10:00:00Z,PT15M,68659,2319,163.0
N3qt7OTwFU8,UClbYIn9LDbbFZ9w2shX3K0g,아야츠노 유니,Ayatsuno Yuni,EVERYS,유니 말 좀 들어!!,2026-04-24T09:00:35Z,PT17M34S,112115,3267,181.0
betkohmrBGo,UClbYIn9LDbbFZ9w2shX3K0g,아야츠노 유니,Ayatsuno Yuni,EVERYS,아르냥 너 내 동료가 돼라 #스텔라이브 #유니 #붐샤카라카 #jumpshot #가방챌린지,2026-04-22T03:00:44Z,PT12S,443519,14687,196.0
40k5cvwrn-o,UClbYIn9LDbbFZ9w2shX3K0g,아야츠노 유니,Ayatsuno Yuni,EVERYS,모리큰 교수의 처형식,2026-04-20T09:00:06Z,PT15M36S,145866,3608,458.0
PStYBJ3jO4s,UClbYIn9LDbbFZ9w2shX3K0g,아야츠노 유니,Ayatsuno Yuni,EVERYS,유니가 뭐 잘못해써...?,2026-04-16T09:00:25Z,PT8M46S,117790,3431,215.0
GeAB3wbJabs,UClbYIn9LDbbFZ9w2shX3K0g,아야츠노 유니,Ayatsuno Yuni,EVERYS,★일주일 뒤에 영상 삭제★ 드디어 공개하는 유니의 진짜 모습,2026-04-12T09:00:17Z,PT22M23S,423461,13994,1331.0
eRTtBO3UkVo,UClbYIn9LDbbFZ9w2shX3K0g,아야츠노 유니,Ayatsuno Yuni,EVERYS,히나 친구들이 놀러왔어요,2026-04-04T06:30:17Z,PT12M44S,62278,1707,177.0
4axVysacKMc,UClbYIn9LDbbFZ9w2shX3K0g,아야츠노 유니,Ayatsuno Yuni,EVERYS,나 혼자만 국밥집  #스텔라이브 #유니 #stellive,2026-04-03T03:30:04Z,PT1M5S,174237,6796,311.0
nHPGXgQGe70,UClbYIn9LDbbFZ9w2shX3K0g,아야츠노 유니,Ayatsuno Yuni,EVERYS,너만 희생하면 돼,2026-03-30T09:00:00Z,PT14M55S,122274,2783,329.0
Az_tn8y1IKA,UClbYIn9LDbbFZ9w2shX3K0g,아야츠노 유니,Ayatsuno Yuni,EVERYS,마법의 아르냥고동,2026-03-26T03:00:09Z,PT18M8S,542806,8311,584.0
WXcfcZSwscc,UC0YQnenKBCu5sGb7H61n6HA,사키하네 후야,Sakihane Huya,EVERYS,추천만 하고 할 사람은 없는 게임추천시간,2026-07-31T09:00:31Z,PT8M59S,54299,2126,142.0
w16uoVZpKqY,UC0YQnenKBCu5sGb7H61n6HA,사키하네 후야,Sakihane Huya,EVERYS,단단비리비리 #shorts #vtuber,2026-07-28T22:00:30Z,PT18S,240309,9765,153.0
Ad54a4arKB4,UC0YQnenKBCu5sGb7H61n6HA,사키하네 후야,Sakihane Huya,EVERYS,채팅창 보고 읽은 거예요 💦,2026-07-28T09:00:14Z,PT11M55S,20201,1073,70.0
rPphs62dOv8,UC0YQnenKBCu5sGb7H61n6HA,사키하네 후야,Sakihane Huya,EVERYS,첫 생일 파티에 코피 터트렸습니다 😳,2026-07-24T09:00:00Z,PT8M40S,100096,4610,289.0
jeft__9y7ik,UC0YQnenKBCu5sGb7H61n6HA,사키하네 후야,Sakihane Huya,EVERYS,So Feminine #shorts #vtuber,2026-07-21T22:00:34Z,PT23S,232257,11292,251.0
lZpzoPkPoeg,UC0YQnenKBCu5sGb7H61n6HA,사키하네 후야,Sakihane Huya,EVERYS,10년만에 나온 리듬게임!,2026-07-20T09:00:18Z,PT9M58S,48884,1782,100.0
2bqNSm3ZkDs,UC0YQnenKBCu5sGb7H61n6HA,사키하네 후야,Sakihane Huya,EVERYS,신사들의 굿즈이야기,2026-07-17T09:00:09Z,PT9M6S,61905,2444,155.0
wW68DOAY2ts,UC0YQnenKBCu5sGb7H61n6HA,사키하네 후야,Sakihane Huya,EVERYS,양말에 구멍 나면 어떻게 해요? 🧦,2026-07-14T22:00:22Z,PT1M17S,62522,4531,226.0
3wjhnnS_ZZY,UC0YQnenKBCu5sGb7H61n6HA,사키하네 후야,Sakihane Huya,EVERYS,어 누나는 한번에 깨~ [스타크래프트 1],2026-07-14T09:00:21Z,PT15M37S,54145,1662,128.0
n4UE7POlmEc,UC0YQnenKBCu5sGb7H61n6HA,사키하네 후야,Sakihane Huya,EVERYS,그런말 쓰면 안돼요 💦,2026-07-10T09:00:11Z,PT9M42S,56238,2155,108.0
flhVMrk_mc8,UC0YQnenKBCu5sGb7H61n6HA,사키하네 후야,Sakihane Huya,EVERYS,꺼·내·줘 [ だ·し·て _ LET·ME·OUT ] #shorts #vtuber,2026-07-08T09:00:07Z,PT17S,138530,7647,166.0
VITNdv2ZywY,UC0YQnenKBCu5sGb7H61n6HA,사키하네 후야,Sakihane Huya,EVERYS,Booo! - TOKOTOKO l 사키하네 후야(Sakihane Huya) Cover,2026-07-07T11:30:06Z,PT2M56S,176794,8862,562.0
MZSZQMPa5Ug,UC0YQnenKBCu5sGb7H61n6HA,사키하네 후야,Sakihane Huya,EVERYS,새로운 재능을 찾았습니다 [멧챠 카멜레온],2026-07-06T09:00:00Z,PT17M44S,134898,3996,140.0
GLWhJ3FZG4o,UC0YQnenKBCu5sGb7H61n6HA,사키하네 후야,Sakihane Huya,EVERYS,나 스타 재능있을지도? [스타크래프트 1],2026-07-03T09:00:26Z,PT12M4S,57234,1888,265.0
IVDQWVfrKwA,UC0YQnenKBCu5sGb7H61n6HA,사키하네 후야,Sakihane Huya,EVERYS,강아가 아르르르ㄹ... #shorts #vtuber,2026-06-30T22:15:16Z,PT1M15S,165100,9000,172.0
oBjtZjQNS-s,UC0YQnenKBCu5sGb7H61n6HA,사키하네 후야,Sakihane Huya,EVERYS,무서운 딸+용가리와 함께하는 로블록스,2026-06-29T09:00:28Z,PT14M56S,72225,2457,111.0
MKMNa0gP45o,UC0YQnenKBCu5sGb7H61n6HA,사키하네 후야,Sakihane Huya,EVERYS,스타 많이 봄 청년의 스타 강의,2026-06-26T09:00:12Z,PT11M4S,43556,1433,204.0
fv6o91gNyZ8,UC0YQnenKBCu5sGb7H61n6HA,사키하네 후야,Sakihane Huya,EVERYS,욕심쟁이라 그냥 다 뽑아버렸습니다😏,2026-06-24T09:00:33Z,PT19M5S,14268,848,54.0
-ehGSAc_Z9U,UC0YQnenKBCu5sGb7H61n6HA,사키하네 후야,Sakihane Huya,EVERYS,※주의※ 먹지마세요,2026-06-22T09:00:06Z,PT9M31S,43055,1839,112.0
F_6bk04Ue4M,UC0YQnenKBCu5sGb7H61n6HA,사키하네 후야,Sakihane Huya,EVERYS,우린 영원히 함께야...,2026-06-19T09:00:31Z,PT8M18S,50249,2138,160.0
LIMOLIgGQqc,UC0YQnenKBCu5sGb7H61n6HA,사키하네 후야,Sakihane Huya,EVERYS,"옷을 바꿔 입어 보아요 (에버리스,유니버스) #shorts #vtuber",2026-06-16T22:15:03Z,PT23S,81621,4547,137.0
6KH5dgyzzkQ,UC0YQnenKBCu5sGb7H61n6HA,사키하네 후야,Sakihane Huya,EVERYS,무엇을 표현한 그림일까요,2026-06-15T09:00:21Z,PT20M35S,55084,2028,75.0
69FuS_-3u8E,UC0YQnenKBCu5sGb7H61n6HA,사키하네 후야,Sakihane Huya,EVERYS,비타민과 싸우는 마룡 #shorts #vtuber,2026-06-12T22:15:13Z,PT1M38S,81732,5597,191.0
8Nn3Dem3ZSk,UC0YQnenKBCu5sGb7H61n6HA,사키하네 후야,Sakihane Huya,EVERYS,이봐사장! 뭘봤는데!,2026-06-12T09:00:25Z,PT12M42S,99558,3230,141.0
glYfJR3qkdw,UC0YQnenKBCu5sGb7H61n6HA,사키하네 후야,Sakihane Huya,EVERYS,절대선과 절대악의 대결 [모라하지마],2026-06-10T10:39:13Z,PT12M6S,116505,3045,143.0
aGf2c7a0JRY,UC0YQnenKBCu5sGb7H61n6HA,사키하네 후야,Sakihane Huya,EVERYS,그대에게 장미 한 송이 드리오리다 @}-------  #shorts #vtuber,2026-06-09T22:15:35Z,PT45S,76951,5081,181.0
c4eSPpiws-4,UC0YQnenKBCu5sGb7H61n6HA,사키하네 후야,Sakihane Huya,EVERYS,"옷을 바꿔 입어 보아요 (에버리스,클리셰) #shorts #vtuber",2026-06-07T22:15:39Z,PT23S,95905,5181,197.0
V1PZa-QXZCU,UC0YQnenKBCu5sGb7H61n6HA,사키하네 후야,Sakihane Huya,EVERYS,집에 쓰레기를 버리는 마룡의 사연┃The story of Dragon who throws away trash at home [모라하지마],2026-06-06T09:00:27Z,PT19M20S,107492,3385,245.0
Zjli1jZyrSo,UC0YQnenKBCu5sGb7H61n6HA,사키하네 후야,Sakihane Huya,EVERYS,처형박수 #shorts #vtuber,2026-06-05T22:15:38Z,PT12S,103639,6036,152.0
U-GOAv_cBSA,UC0YQnenKBCu5sGb7H61n6HA,사키하네 후야,Sakihane Huya,EVERYS,후야는 또 속았습니다...,2026-06-04T09:00:02Z,PT13M51S,54275,1864,89.0
6_7Px095P2c,UC0YQnenKBCu5sGb7H61n6HA,사키하네 후야,Sakihane Huya,EVERYS,사장님 긁기 장인 #shorts #vtuber,2026-06-03T22:15:24Z,PT38S,262233,6892,128.0
1HYYXm0UaQY,UC0YQnenKBCu5sGb7H61n6HA,사키하네 후야,Sakihane Huya,EVERYS,괴수가 되고싶어 #shorts #vtuber,2026-06-01T22:15:11Z,PT18S,93224,4905,124.0
FUHao846Yrc,UC0YQnenKBCu5sGb7H61n6HA,사키하네 후야,Sakihane Huya,EVERYS,모라시티의 정커퀸과 로드호그 [모라하지마],2026-05-31T09:00:02Z,PT13M54S,104784,3135,236.0
XXPcycoe8Rc,UC0YQnenKBCu5sGb7H61n6HA,사키하네 후야,Sakihane Huya,EVERYS,절대악의 징조 #shorts #vtuber,2026-05-30T22:15:16Z,PT45S,99622,4552,136.0
b24o60r7jbI,UC0YQnenKBCu5sGb7H61n6HA,사키하네 후야,Sakihane Huya,EVERYS,마후가 정신,2026-05-29T09:00:03Z,PT10M33S,49321,1795,97.0
xAlHczTODWQ,UC0YQnenKBCu5sGb7H61n6HA,사키하네 후야,Sakihane Huya,EVERYS,수수께끼를 풀...엇? #shorts #vtuber,2026-05-28T22:15:32Z,PT25S,415181,13547,313.0
xv76HTsslws,UC0YQnenKBCu5sGb7H61n6HA,사키하네 후야,Sakihane Huya,EVERYS,바..바쿠야!!,2026-05-27T15:26:43Z,PT12M26S,64327,2218,113.0
AlzfmpcKocU,UC0YQnenKBCu5sGb7H61n6HA,사키하네 후야,Sakihane Huya,EVERYS,내가지배하는세상에서그녀가마냥즐거워하는모습을보고있으니괴롭히고싶은것을참을수가없다 #shorts #vtuber,2026-05-26T22:15:15Z,PT1M52S,107828,7317,164.0
FgfULr9tv1k,UC0YQnenKBCu5sGb7H61n6HA,사키하네 후야,Sakihane Huya,EVERYS,선생님 수업이 쿨...zZ,2026-05-25T09:00:23Z,PT14M51S,47817,1862,80.0
oBNqDpRKnho,UC0YQnenKBCu5sGb7H61n6HA,사키하네 후야,Sakihane Huya,EVERYS,바쿠를 100%울리는 방법 #shorts #vtuber,2026-05-24T22:15:19Z,PT23S,195672,7771,144.0
sdneH5ifUVE,UC0YQnenKBCu5sGb7H61n6HA,사키하네 후야,Sakihane Huya,EVERYS,귀여운 강아가 #shorts #vtuber,2026-05-22T22:15:12Z,PT41S,303251,8825,130.0
ZH31XqZTXrE,UC0YQnenKBCu5sGb7H61n6HA,사키하네 후야,Sakihane Huya,EVERYS,의사선생님이 뭘 알아!,2026-05-22T09:00:00Z,PT9M51S,42280,1706,95.0
nAmK8Dj332E,UC0YQnenKBCu5sGb7H61n6HA,사키하네 후야,Sakihane Huya,EVERYS,제가 지각한 이유는요...,2026-05-20T22:15:08Z,PT59S,123265,6315,150.0
wlvSbMQa3eg,UC0YQnenKBCu5sGb7H61n6HA,사키하네 후야,Sakihane Huya,EVERYS,리코 놀리기가 제일 재밌어,2026-05-20T09:00:59Z,PT13M41S,61460,1994,88.0
1G_hxfOKBjU,UC0YQnenKBCu5sGb7H61n6HA,사키하네 후야,Sakihane Huya,EVERYS,마후가 정신 #shorts #vtuber,2026-05-18T22:15:00Z,PT26S,373950,7886,171.0
VG_o_8XG4Ew,UC0YQnenKBCu5sGb7H61n6HA,사키하네 후야,Sakihane Huya,EVERYS,정말 후서운 이야기 #shorts #vtuber,2026-05-18T09:30:21Z,PT35S,71161,3867,193.0
4hWf1YczVlw,UC0YQnenKBCu5sGb7H61n6HA,사키하네 후야,Sakihane Huya,EVERYS,다음엔 많이 주무를테다,2026-05-18T09:00:05Z,PT9M23S,61603,2594,194.0
0RJ5iYnBay4,UC0YQnenKBCu5sGb7H61n6HA,사키하네 후야,Sakihane Huya,EVERYS,후야는 모르겠는데용 #shorts #vtuber,2026-05-16T22:15:00Z,PT21S,56228,2527,60.0
l76_Xo417ow,UC0YQnenKBCu5sGb7H61n6HA,사키하네 후야,Sakihane Huya,EVERYS,금단의 기술을 따라했다가....,2026-05-15T09:00:59Z,PT8M40S,47758,1882,107.0
9K2ZvhDIJWw,UC0YQnenKBCu5sGb7H61n6HA,사키하네 후야,Sakihane Huya,EVERYS,모시모시 챌린지 🛸⚡ #shorts #vtuber,2026-05-14T22:15:01Z,PT22S,172199,7169,128.0
xVt2mMmCYwE,UC1afpiIuBDcjYlmruAa0HiA,시라유키 히나,Shirayuki Hina,UNIVERSE,저예요,2026-08-02T05:00:12Z,PT13M2S,37424,1883,258.0
kp8U7oWOpuE,UC1afpiIuBDcjYlmruAa0HiA,시라유키 히나,Shirayuki Hina,UNIVERSE,히나는 긴장되고 부담스럽다 [2편] #cartoon #comic #vtuber #shorts,2026-07-30T11:03:36Z,PT44S,69840,4399,111.0
tSFBhzzjI7k,UC1afpiIuBDcjYlmruAa0HiA,시라유키 히나,Shirayuki Hina,UNIVERSE,저 너무 부담스러워요 #cartoon #comic #vtuber #shorts,2026-07-30T05:00:35Z,PT16S,194192,6254,93.0
OgMrnx9mcmY,UC1afpiIuBDcjYlmruAa0HiA,시라유키 히나,Shirayuki Hina,UNIVERSE,가장 약해 보였으나 의외로 강했던 녀석......,2026-07-29T05:03:02Z,PT12M49S,49424,1998,272.0
lDkaZxy8xXQ,UC1afpiIuBDcjYlmruAa0HiA,시라유키 히나,Shirayuki Hina,UNIVERSE,오스트랄로피테쿠스를 닮은 스트리머 #cartoon #comic #vtuber #shorts,2026-07-27T06:36:47Z,PT39S,163264,6444,91.0
gyhq0v5SWpI,UC1afpiIuBDcjYlmruAa0HiA,시라유키 히나,Shirayuki Hina,UNIVERSE,그 아이돌에 그 팬,2026-07-26T07:20:53Z,PT11M49S,42562,2026,138.0
hYLq5yxrxu0,UC1afpiIuBDcjYlmruAa0HiA,시라유키 히나,Shirayuki Hina,UNIVERSE,미워... 미운데... 안 미워... #cartoon #comic #vtuber #shorts,2026-07-25T05:00:15Z,PT53S,263458,14095,229.0
HYD6XVkKBaA,UC1afpiIuBDcjYlmruAa0HiA,시라유키 히나,Shirayuki Hina,UNIVERSE,까짓거 한 번 해보죠,2026-07-22T07:00:06Z,PT11M58S,61657,2113,186.0
1tB_iX74zNg,UC1afpiIuBDcjYlmruAa0HiA,시라유키 히나,Shirayuki Hina,UNIVERSE,히나 아이돌 아니야... #vtuber #shorts,2026-07-18T05:00:38Z,PT45S,110669,3500,83.0
tbTbbRVBV7E,UC1afpiIuBDcjYlmruAa0HiA,시라유키 히나,Shirayuki Hina,UNIVERSE,유레카,2026-07-16T07:00:23Z,PT11M3S,78684,2662,230.0
lR8FEwEnuqk,UC1afpiIuBDcjYlmruAa0HiA,시라유키 히나,Shirayuki Hina,UNIVERSE,공주 언니 좋으면 멍멍해! #cartoon #comic #vtuber #shorts,2026-07-15T06:15:28Z,PT53S,737755,21617,333.0
_uVD5NJrbqs,UC1afpiIuBDcjYlmruAa0HiA,시라유키 히나,Shirayuki Hina,UNIVERSE,아무튼 캐리함 #vtuber #shorts,2026-07-14T05:00:21Z,PT42S,60527,2473,65.0
5TjTkzhFr98,UC1afpiIuBDcjYlmruAa0HiA,시라유키 히나,Shirayuki Hina,UNIVERSE,히나야 포켓몬은 없는 거야... [봉켓몬 마지막],2026-07-13T07:00:32Z,PT15M56S,121136,2449,213.0
xKYey53VI1U,UC1afpiIuBDcjYlmruAa0HiA,시라유키 히나,Shirayuki Hina,UNIVERSE,가장 중요한 것 #cartoon #comic #vtuber #shorts,2026-07-12T05:00:01Z,PT45S,324217,9130,245.0
G4efSoCtoE4,UC1afpiIuBDcjYlmruAa0HiA,시라유키 히나,Shirayuki Hina,UNIVERSE,꽁기깅강꽁기깅깅꽁기깅깅강꽁꽁기기기깅공 [봉켓몬],2026-07-09T07:00:09Z,PT15M43S,171879,3264,349.0
UiAhFuG3wYE,UC1afpiIuBDcjYlmruAa0HiA,시라유키 히나,Shirayuki Hina,UNIVERSE,600족 사랑꾼이 흑화하게 된 이유 [봉켓몬],2026-07-07T07:00:30Z,PT8M46S,172057,2846,244.0
rnNqeAViHKQ,UC1afpiIuBDcjYlmruAa0HiA,시라유키 히나,Shirayuki Hina,UNIVERSE,이딴 게 어떻게 레드...? [봉켓몬],2026-07-05T05:00:39Z,PT13M54S,134580,2565,186.0
DXBFovGspkM,UC1afpiIuBDcjYlmruAa0HiA,시라유키 히나,Shirayuki Hina,UNIVERSE,"싫은 소리, 막말 내뱉기 #vtuber #shorts",2026-07-03T05:00:01Z,PT49S,230195,7027,160.0
Cns8Hhqv_h0,UC1afpiIuBDcjYlmruAa0HiA,시라유키 히나,Shirayuki Hina,UNIVERSE,"다음화 : 히나, 죽다. [봉켓몬]",2026-07-02T07:00:15Z,PT8M26S,94108,2343,273.0
YigpylNoqJI,UC1afpiIuBDcjYlmruAa0HiA,시라유키 히나,Shirayuki Hina,UNIVERSE,먼치킨 애호가였던 청년 [멤버들과 명조 토크],2026-07-01T07:00:05Z,PT16M13S,28508,1230,102.0
ARu0RqJ3snY,UC1afpiIuBDcjYlmruAa0HiA,시라유키 히나,Shirayuki Hina,UNIVERSE,아내의 ??를 보는 내 아내,2026-06-29T07:00:09Z,PT8M24S,32946,1419,62.0
19vpY6IOEiE,UC1afpiIuBDcjYlmruAa0HiA,시라유키 히나,Shirayuki Hina,UNIVERSE,포대장의 라?이벌 [봉켓몬],2026-06-28T06:04:34Z,PT16M56S,180068,3580,321.0
C1EI3q3IEpA,UC1afpiIuBDcjYlmruAa0HiA,시라유키 히나,Shirayuki Hina,UNIVERSE,해둥이는 평생 내 요리만 먹어.,2026-06-26T06:00:07Z,PT11M23S,48348,1985,369.0
8QoPARoxKks,UC1afpiIuBDcjYlmruAa0HiA,시라유키 히나,Shirayuki Hina,UNIVERSE,앗 도티 님 마크 뉴비시구나【히나 핫클립 #77】,2026-06-23T06:00:32Z,PT8M21S,25018,1182,103.0
-ZUVY9RzEgk,UC1afpiIuBDcjYlmruAa0HiA,시라유키 히나,Shirayuki Hina,UNIVERSE,일본에서 유행이라는 어깨빵 직접 당해보기,2026-06-19T07:00:14Z,PT11M56S,44776,1722,98.0
MN7CCNiA344,UC1afpiIuBDcjYlmruAa0HiA,시라유키 히나,Shirayuki Hina,UNIVERSE,스텔라이브 알파피메일 정히나【히나 핫클립 #76】,2026-06-18T07:00:26Z,PT8M23S,25670,1439,96.0
FFe9FMdemO8,UC1afpiIuBDcjYlmruAa0HiA,시라유키 히나,Shirayuki Hina,UNIVERSE,파라파라댄스나 추고 있어야겠다~😎 파라파라 챌린지🎈 #parapara #パラパラ # #vtuber  #shorts,2026-06-16T05:00:13Z,PT17S,700180,15627,231.0
YmWFLnlb3YM,UC1afpiIuBDcjYlmruAa0HiA,시라유키 히나,Shirayuki Hina,UNIVERSE,숨 막히는 테트리스 대결,2026-06-14T05:00:19Z,PT11M35S,38372,1520,144.0
_w7V7MgoTR8,UC1afpiIuBDcjYlmruAa0HiA,시라유키 히나,Shirayuki Hina,UNIVERSE,고멘고멘~ 히나의 갸루 말투 챌린지✌️ #vtuber  #shorts,2026-06-11T05:00:36Z,PT13S,405597,14255,241.0
VTTQJNcmlD0,UC1afpiIuBDcjYlmruAa0HiA,시라유키 히나,Shirayuki Hina,UNIVERSE,내일 또 보자(またあした) - ふわりP | 시라유키 히나 Cover,2026-06-10T13:30:06Z,PT5M33S,392090,12069,960.0
B-jG0W-RrII,UC1afpiIuBDcjYlmruAa0HiA,시라유키 히나,Shirayuki Hina,UNIVERSE,아니 진짜 말 울음소리가 났다니까!!!!!!!!,2026-06-09T07:00:30Z,PT11M49S,35762,1700,96.0
I8AjjVju6Bw,UC1afpiIuBDcjYlmruAa0HiA,시라유키 히나,Shirayuki Hina,UNIVERSE,오냐 어디 한 번 죽어보자 #cartoon #comic #vtuber #shorts,2026-06-07T06:00:28Z,PT56S,1089798,26604,380.0
e3xtVNpDZIU,UC1afpiIuBDcjYlmruAa0HiA,시라유키 히나,Shirayuki Hina,UNIVERSE,이제 누가 방송해 주냐 【히나 핫클립 #75】,2026-06-04T07:00:13Z,PT10M26S,44140,1800,101.0
npMHC1fJz28,UC1afpiIuBDcjYlmruAa0HiA,시라유키 히나,Shirayuki Hina,UNIVERSE,이 변태들아!!!!!!!,2026-06-02T07:00:29Z,PT8M23S,96344,3519,720.0
rIQD2I3lNYU,UC1afpiIuBDcjYlmruAa0HiA,시라유키 히나,Shirayuki Hina,UNIVERSE,아 맞다 리본!!!!!!,2026-05-31T05:00:15Z,PT20M14S,111123,2676,171.0
R-2LGKASMyw,UC1afpiIuBDcjYlmruAa0HiA,시라유키 히나,Shirayuki Hina,UNIVERSE,사장님의 사장님께 예의 갖추기,2026-05-29T07:00:13Z,PT14M23S,81820,2156,92.0
yRKJ5-vcMUI,UC1afpiIuBDcjYlmruAa0HiA,시라유키 히나,Shirayuki Hina,UNIVERSE,Mrs. GREEN APPLE - 춘수(春愁) | 시라유키 히나 Cover,2026-05-27T12:00:06Z,PT3M6S,365000,9077,477.0
rWaH54xjoBI,UC1afpiIuBDcjYlmruAa0HiA,시라유키 히나,Shirayuki Hina,UNIVERSE,모시모시~ 키코에테루? 덴파 챌린지⚡#vtuber  #shorts,2026-05-27T05:00:38Z,PT21S,491133,14782,229.0
Nh3-M0SUMI0,UC1afpiIuBDcjYlmruAa0HiA,시라유키 히나,Shirayuki Hina,UNIVERSE,이제는 인간의 언어조차 하지 않습니다 【히나 핫클립 #74】,2026-05-26T07:00:27Z,PT8M19S,49348,1845,167.0
EhY_PTYR1Dw,UC1afpiIuBDcjYlmruAa0HiA,시라유키 히나,Shirayuki Hina,UNIVERSE,테트리스의 악마 퇴마하기,2026-05-23T05:00:06Z,PT14M16S,191159,3386,175.0
4-m0OyXFbQ4,UC1afpiIuBDcjYlmruAa0HiA,시라유키 히나,Shirayuki Hina,UNIVERSE,[4K] Melt (メルト/supercell ) / 시라유키 히나 3D Live Cover,2026-05-22T07:00:02Z,PT4M25S,156931,4272,288.0
Ys0wwLWGhIE,UC1afpiIuBDcjYlmruAa0HiA,시라유키 히나,Shirayuki Hina,UNIVERSE,스텔라이브 삼색 볼펜들의 오도루프!🎵 #오도루프 #oddoloop #オドループ #vtuber #shorts,2026-05-21T05:00:27Z,PT22S,1272574,23033,812.0
9s8i8a9Ato8,UC1afpiIuBDcjYlmruAa0HiA,시라유키 히나,Shirayuki Hina,UNIVERSE,오케이 징계 먹고 관심 받을게요,2026-05-19T07:00:11Z,PT12M7S,48278,1894,196.0
lREfRMNVMQs,UC1afpiIuBDcjYlmruAa0HiA,시라유키 히나,Shirayuki Hina,UNIVERSE,곰은 사람을 찢어 #vtuber #shorts,2026-05-17T05:00:40Z,PT57S,102182,2980,145.0
7UCMC91Dn0o,UC1afpiIuBDcjYlmruAa0HiA,시라유키 히나,Shirayuki Hina,UNIVERSE,"다이어트 해야겠다,,,,,,",2026-05-15T07:00:05Z,PT14M23S,142378,3812,303.0
c8YyRgKF-4A,UC1afpiIuBDcjYlmruAa0HiA,시라유키 히나,Shirayuki Hina,UNIVERSE,왜 나만 빼고 뽀뽀해???? #cartoon #comic #vtuber #shorts,2026-05-13T05:00:37Z,PT1M,871015,25563,335.0
BWNMatXcuAc,UC1afpiIuBDcjYlmruAa0HiA,시라유키 히나,Shirayuki Hina,UNIVERSE,오케이 테트리스 접을게요.,2026-05-11T07:00:09Z,PT8M49S,176041,3451,368.0
52JRqA3VgKw,UC1afpiIuBDcjYlmruAa0HiA,시라유키 히나,Shirayuki Hina,UNIVERSE,서로 스치기만 해도 치명타,2026-05-08T07:00:03Z,PT16M51S,53481,1879,121.0
6mVByQMyxdY,UC1afpiIuBDcjYlmruAa0HiA,시라유키 히나,Shirayuki Hina,UNIVERSE,"그때 그 시절, 추억의 투니버스 메들리🎈 [StelLive🎀]",2026-05-05T11:05:07Z,PT20M35S,754796,21335,2353.0
WgzD8Qiq-ac,UC1afpiIuBDcjYlmruAa0HiA,시라유키 히나,Shirayuki Hina,UNIVERSE,그냥 범고래가 좋은 청년,2026-05-04T08:00:35Z,PT16M19S,40076,1516,133.0
tg9HDd3Y7GQ,UC_eeSpMBz8PG4ssdBPnP07g,네네코 마시로,Neneko Mashiro,UNIVERSE,위장 여사친,2026-08-02T07:30:33Z,PT9M21S,42268,2563,176.0
9IJYsJeyC7Y,UC_eeSpMBz8PG4ssdBPnP07g,네네코 마시로,Neneko Mashiro,UNIVERSE,밤바라밤 댄스🐧 #네네코마시로 #스텔라이브 #3D #shorts,2026-07-30T03:00:31Z,PT9S,91788,7957,277.0
rnzImOC-364,UC_eeSpMBz8PG4ssdBPnP07g,네네코 마시로,Neneko Mashiro,UNIVERSE,밍이 되,2026-07-29T07:30:39Z,PT8M1S,66235,3293,187.0
8KtugBWPIl0,UC_eeSpMBz8PG4ssdBPnP07g,네네코 마시로,Neneko Mashiro,UNIVERSE,리코야 넣게 해줘..,2026-07-25T07:30:30Z,PT9M47S,29218,1892,173.0
8v6vkc-cHns,UC_eeSpMBz8PG4ssdBPnP07g,네네코 마시로,Neneko Mashiro,UNIVERSE,까★꿍,2026-07-18T07:30:35Z,PT8M1S,61075,2774,133.0
Pe5ka3USHVs,UC_eeSpMBz8PG4ssdBPnP07g,네네코 마시로,Neneko Mashiro,UNIVERSE,어디 내놔도 부끄러운 고양이,2026-07-11T07:30:29Z,PT8M26S,102742,4387,281.0
1vnzfmVtLqg,UC_eeSpMBz8PG4ssdBPnP07g,네네코 마시로,Neneko Mashiro,UNIVERSE,이런게 좋아?,2026-07-08T07:30:39Z,PT8M13S,51834,2683,177.0
eeDdzUFGfcU,UC_eeSpMBz8PG4ssdBPnP07g,네네코 마시로,Neneko Mashiro,UNIVERSE,니기니기니지타운 댄스~ #にぎにじダンス #네네코마시로 #스텔라이브 #3D #shorts,2026-07-07T10:34:21Z,PT40S,179957,13254,351.0
yY_Al_ZYnvA,UC_eeSpMBz8PG4ssdBPnP07g,네네코 마시로,Neneko Mashiro,UNIVERSE,양아치가 되어 돌아온 고양이,2026-07-05T08:34:47Z,PT8M25S,119191,5358,314.0
xLY3VnkDN9I,UC_eeSpMBz8PG4ssdBPnP07g,네네코 마시로,Neneko Mashiro,UNIVERSE,나나야 나 버리지먀...ㅠㅠ,2026-07-01T07:30:29Z,PT8M37S,53017,2338,122.0
czcK7oTdsA8,UC_eeSpMBz8PG4ssdBPnP07g,네네코 마시로,Neneko Mashiro,UNIVERSE,みんな、ヤッホ〜! ★,2026-06-27T07:30:11Z,PT8M1S,89419,4115,191.0
UBj23wKf06I,UC_eeSpMBz8PG4ssdBPnP07g,네네코 마시로,Neneko Mashiro,UNIVERSE,귀여운 토마토 옆에 귀여운 고양이,2026-06-24T08:00:08Z,PT12M7S,29199,1472,73.0
O7c_9QHpHCE,UC_eeSpMBz8PG4ssdBPnP07g,네네코 마시로,Neneko Mashiro,UNIVERSE,야 동,2026-06-17T07:30:01Z,PT8M2S,58913,2727,211.0
G2ilJWgvst0,UC_eeSpMBz8PG4ssdBPnP07g,네네코 마시로,Neneko Mashiro,UNIVERSE,어흐어흐,2026-06-13T07:30:08Z,PT8M16S,48186,2652,185.0
f7uaxrWNIdE,UC_eeSpMBz8PG4ssdBPnP07g,네네코 마시로,Neneko Mashiro,UNIVERSE,망상 아스파탐 妄想アスパルテーム |  네네코 마시로 Cover,2026-06-10T13:00:06Z,PT2M30S,136930,6692,390.0
ZOfN9zdEe6c,UC_eeSpMBz8PG4ssdBPnP07g,네네코 마시로,Neneko Mashiro,UNIVERSE,애개뤼 쩌---억 [ 모라하지마 서버 ],2026-06-06T08:39:43Z,PT12M12S,110063,3717,396.0
lf0SHVz6ijY,UC_eeSpMBz8PG4ssdBPnP07g,네네코 마시로,Neneko Mashiro,UNIVERSE,다음 신의상은 새우입니다.,2026-06-03T07:30:37Z,PT10M2S,42324,2136,157.0
jMPJW2JNc9M,UC_eeSpMBz8PG4ssdBPnP07g,네네코 마시로,Neneko Mashiro,UNIVERSE,⬆️고양이의 점프력⬆️ #네네코마시로 #스텔라이브 #3D #점프챌린지 #shorts,2026-06-01T05:35:49Z,PT25S,633655,20271,345.0
E4BN8qb2bZY,UC_eeSpMBz8PG4ssdBPnP07g,네네코 마시로,Neneko Mashiro,UNIVERSE,도티님께서 집 사주셨습니다 [ 모라하지마 서버 ],2026-05-31T07:30:16Z,PT15M56S,101538,3161,201.0
jNpQlD8LEss,UC_eeSpMBz8PG4ssdBPnP07g,네네코 마시로,Neneko Mashiro,UNIVERSE,와 살인마 다라이보소,2026-05-27T07:30:36Z,PT10M4S,40328,1947,125.0
hAbFaqauWug,UC_eeSpMBz8PG4ssdBPnP07g,네네코 마시로,Neneko Mashiro,UNIVERSE,이상하게 생긴걸 귀여워하는 특이한 취향?,2026-05-23T07:30:01Z,PT9M4S,49610,2028,150.0
wEVaGf7_Zpo,UC_eeSpMBz8PG4ssdBPnP07g,네네코 마시로,Neneko Mashiro,UNIVERSE,새우를 진심으로 귀여워하는 고양이,2026-05-20T07:30:30Z,PT8M1S,73858,3764,450.0
hIeZxqcI5po,UC_eeSpMBz8PG4ssdBPnP07g,네네코 마시로,Neneko Mashiro,UNIVERSE,둘이 포옹하구 화해해...,2026-05-16T07:30:18Z,PT9M32S,56101,2339,128.0
XN_mZkOFzcg,UC_eeSpMBz8PG4ssdBPnP07g,네네코 마시로,Neneko Mashiro,UNIVERSE,공룡알 후라이,2026-05-13T07:30:28Z,PT8M5S,29209,1342,87.0
8Xyj8x7gXKs,UC_eeSpMBz8PG4ssdBPnP07g,네네코 마시로,Neneko Mashiro,UNIVERSE,드르렁..zzZ,2026-05-09T08:33:21Z,PT8M15S,47235,2089,122.0
61666sLwdrg,UC_eeSpMBz8PG4ssdBPnP07g,네네코 마시로,Neneko Mashiro,UNIVERSE,시로야 바람피는거야...?,2026-05-07T07:30:02Z,PT10M1S,49068,2008,109.0
-ACcoddtW68,UC_eeSpMBz8PG4ssdBPnP07g,네네코 마시로,Neneko Mashiro,UNIVERSE,정신 그대로 몸만 어려진다면 당신의 선택은...?,2026-05-02T07:35:06Z,PT8M31S,40373,2163,227.0
hnYm-agnV4k,UC_eeSpMBz8PG4ssdBPnP07g,네네코 마시로,Neneko Mashiro,UNIVERSE,행복 롤 시작 10분 뒤,2026-04-29T07:30:32Z,PT12M17S,56896,2200,215.0
1JEditTzqZI,UC_eeSpMBz8PG4ssdBPnP07g,네네코 마시로,Neneko Mashiro,UNIVERSE,울렁거려서 더 못하겠어요,2026-04-22T07:30:04Z,PT10M2S,47531,2272,228.0
DYQcqILfS8s,UC_eeSpMBz8PG4ssdBPnP07g,네네코 마시로,Neneko Mashiro,UNIVERSE,이렇게 하면 장사 대박납니다,2026-04-18T08:46:14Z,PT8M18S,60701,2463,189.0
rhSYRIOWyV8,UC_eeSpMBz8PG4ssdBPnP07g,네네코 마시로,Neneko Mashiro,UNIVERSE,사람이 너무 귀여우면 일어나는 일,2026-04-15T07:30:25Z,PT8M11S,78359,2866,141.0
7MYgl9QJXJw,UC_eeSpMBz8PG4ssdBPnP07g,네네코 마시로,Neneko Mashiro,UNIVERSE,사상 최초 공겜 포기 선언 [ 핫클립 ],2026-04-11T07:30:02Z,PT10M8S,39486,2029,120.0
xdQ7Mq2lC00,UC_eeSpMBz8PG4ssdBPnP07g,네네코 마시로,Neneko Mashiro,UNIVERSE,눈 마주치면 안 될 거 같은 두 사람,2026-04-08T08:08:47Z,PT8M47S,32407,1878,145.0
l2q-cJlFBr4,UC_eeSpMBz8PG4ssdBPnP07g,네네코 마시로,Neneko Mashiro,UNIVERSE,유니콘 꼬시기 [ 핫클립 ],2026-04-05T07:30:22Z,PT8M38S,28690,1603,121.0
E2EP7WZeMEk,UC_eeSpMBz8PG4ssdBPnP07g,네네코 마시로,Neneko Mashiro,UNIVERSE,👉시로도 삐질게👈 #네네코마시로 #스텔라이브 #3D #shorts,2026-04-03T03:09:19Z,PT27S,199490,10762,258.0
Sv1t-q196os,UC_eeSpMBz8PG4ssdBPnP07g,네네코 마시로,Neneko Mashiro,UNIVERSE,무서운 얘기하는 거 아니지..? [ 핫클립 ],2026-04-01T07:30:10Z,PT8M9S,40585,1973,117.0
CRLiH77RX-E,UC_eeSpMBz8PG4ssdBPnP07g,네네코 마시로,Neneko Mashiro,UNIVERSE,우리 데이트했던 거 기억 안 나..?,2026-03-28T07:30:04Z,PT9M41S,34056,1748,116.0
KeCq_v7mDKU,UC_eeSpMBz8PG4ssdBPnP07g,네네코 마시로,Neneko Mashiro,UNIVERSE,왜 재밌는지 모를 원시인 게임ㅋㅋㅋ,2026-03-25T07:30:16Z,PT8M1S,45432,1997,172.0
aj8a1iPeK6Q,UC_eeSpMBz8PG4ssdBPnP07g,네네코 마시로,Neneko Mashiro,UNIVERSE,야생의 밍타몽이 나타났다..!,2026-03-21T07:30:02Z,PT9M36S,38678,1919,116.0
porSnZMnzYo,UC_eeSpMBz8PG4ssdBPnP07g,네네코 마시로,Neneko Mashiro,UNIVERSE,스텔라이브 목소리 못 맞히기,2026-03-18T07:30:25Z,PT9M2S,100425,3559,274.0
VEVY72AA_Jk,UC_eeSpMBz8PG4ssdBPnP07g,네네코 마시로,Neneko Mashiro,UNIVERSE,[4K] STELLIVE 네네코 마시로 생일 3D,2026-03-14T12:04:26Z,PT1H46M24S,60839,3426,344.0
5uOxZswwBx4,UC_eeSpMBz8PG4ssdBPnP07g,네네코 마시로,Neneko Mashiro,UNIVERSE,메이드지상주의 [メイド☆至上主義]ㅣ네네코 마시로 x 아오쿠모 린 Cover,2026-03-14T10:00:06Z,PT2M29S,253158,7440,352.0
9ndeSokj5pM,UC_eeSpMBz8PG4ssdBPnP07g,네네코 마시로,Neneko Mashiro,UNIVERSE,고양이 엉덩이,2026-03-14T07:30:04Z,PT10M9S,79005,5287,220.0
NH9qpq2MbZA,UC_eeSpMBz8PG4ssdBPnP07g,네네코 마시로,Neneko Mashiro,UNIVERSE,무면허 고양이의 여동생 운전 가르치기,2026-03-11T07:30:20Z,PT8M28S,52991,2187,184.0
DRJJQbalQfA,UC_eeSpMBz8PG4ssdBPnP07g,네네코 마시로,Neneko Mashiro,UNIVERSE,히나야 우리가 사랑하는 거 알지..?,2026-03-07T08:00:09Z,PT12M37S,30253,1393,100.0
mud3n5TA5ZY,UC_eeSpMBz8PG4ssdBPnP07g,네네코 마시로,Neneko Mashiro,UNIVERSE,유니버스 합방을 망친 범인은 누굴까요?,2026-03-04T07:30:31Z,PT13M17S,74457,2846,257.0
94-3QlVAwI8,UC_eeSpMBz8PG4ssdBPnP07g,네네코 마시로,Neneko Mashiro,UNIVERSE,싸움 무조건 이기는 법,2026-02-25T09:27:42Z,PT8M2S,52298,2556,
FNxGqR_IXhI,UC_eeSpMBz8PG4ssdBPnP07g,네네코 마시로,Neneko Mashiro,UNIVERSE,100승 100패 스텔라이브.. [ 배도라지 롤 내전 ],2026-02-21T07:30:07Z,PT17M1S,42521,1954,
XFZKWrvTizs,UC_eeSpMBz8PG4ssdBPnP07g,네네코 마시로,Neneko Mashiro,UNIVERSE,역대급 NTR컵 [ 유니버스 합방 ],2026-02-14T07:30:15Z,PT9M30S,73139,2143,
eBCHBskcepI,UC_eeSpMBz8PG4ssdBPnP07g,네네코 마시로,Neneko Mashiro,UNIVERSE,아픈곳 잘라? 드립니다 [ 수술 시뮬레이터 ],2026-02-11T07:43:53Z,PT8M33S,63010,2118,
HdZvdRBLjnY,UC7-m6jQLinZQWIbwm9W-1iw,아카네 리제,Akane Lize,UNIVERSE,*이어폰 필수! 멘헤라 asmr #vtuber #shorts,2026-08-03T05:30:03Z,PT46S,10401,1708,86.0
b9gRki5L58I,UC7-m6jQLinZQWIbwm9W-1iw,아카네 리제,Akane Lize,UNIVERSE,연락 안 받는다고 직접 쳐들어오는 그녀,2026-08-02T05:30:11Z,PT9M2S,66665,2646,159.0
U7AH1e1VL4A,UC7-m6jQLinZQWIbwm9W-1iw,아카네 리제,Akane Lize,UNIVERSE,남친 셔츠 뺏어입은 리제 #vtuber #shorts,2026-08-01T05:30:27Z,PT20S,53049,4279,125.0
kp2audrgMJ4,UC7-m6jQLinZQWIbwm9W-1iw,아카네 리제,Akane Lize,UNIVERSE,사장님 저 그래도 아이돌인데...!,2026-07-31T05:30:00Z,PT15M1S,79471,3176,170.0
WYo6d7ihd5c,UC7-m6jQLinZQWIbwm9W-1iw,아카네 리제,Akane Lize,UNIVERSE,3년 동안 열심히 참아온 눈물이 전부 터져버린 날...,2026-07-29T05:30:11Z,PT14M15S,70026,4294,492.0
7uqtwxkRM1k,UC7-m6jQLinZQWIbwm9W-1iw,아카네 리제,Akane Lize,UNIVERSE,후... 사장님한테 말하지 마라 #vtuber #shorts,2026-07-27T05:30:05Z,PT30S,220645,11566,229.0
lJCbWTsidl4,UC7-m6jQLinZQWIbwm9W-1iw,아카네 리제,Akane Lize,UNIVERSE,사장님도 대답!,2026-07-26T05:30:40Z,PT13M21S,125883,4263,272.0
-MsYnSW6S-4,UC7-m6jQLinZQWIbwm9W-1iw,아카네 리제,Akane Lize,UNIVERSE,전두엽 뜯어버린 애교 #vtuber #shorts,2026-07-25T05:30:39Z,PT41S,277614,18801,313.0
ZYioRYTkrxQ,UC7-m6jQLinZQWIbwm9W-1iw,아카네 리제,Akane Lize,UNIVERSE,하필 들어도 너네가 듣냐...,2026-07-23T05:30:15Z,PT14M56S,90533,3182,181.0
qtViNFVh9Us,UC7-m6jQLinZQWIbwm9W-1iw,아카네 리제,Akane Lize,UNIVERSE,모두의 기억에 남은 눈부신 그 순간 [솔로 콘서트 스트리머 후기 모음],2026-07-21T05:30:20Z,PT16M21S,119940,4845,432.0
BJeJjfbM-XM,UC7-m6jQLinZQWIbwm9W-1iw,아카네 리제,Akane Lize,UNIVERSE,사쵸의 리제 성대모사 #vtuber #shorts,2026-07-20T05:30:06Z,PT31S,589592,17612,175.0
HLLD9Sxbh88,UC7-m6jQLinZQWIbwm9W-1iw,아카네 리제,Akane Lize,UNIVERSE,함부로 매진 공약을 내건 천마의 최후,2026-07-19T05:30:40Z,PT14M12S,98841,4060,258.0
bZ--pAs_o08,UC7-m6jQLinZQWIbwm9W-1iw,아카네 리제,Akane Lize,UNIVERSE,정리제의 완벽한 모델 페이스 #vtuber #shorts,2026-07-18T05:30:20Z,PT19S,361523,14886,269.0
R3KdzELmOls,UC7-m6jQLinZQWIbwm9W-1iw,아카네 리제,Akane Lize,UNIVERSE,줄였으면 진짜 큰일 날 뻔했다 그죠~?,2026-07-17T05:30:05Z,PT10M3S,78264,2948,256.0
GatQ1sfLX1g,UC7-m6jQLinZQWIbwm9W-1iw,아카네 리제,Akane Lize,UNIVERSE,내 방송에서 내 콘서트 홍보하는 내 여자친구,2026-07-15T05:30:33Z,PT14M1S,79159,3111,231.0
nmwKvzlzuP0,UC7-m6jQLinZQWIbwm9W-1iw,아카네 리제,Akane Lize,UNIVERSE,사실은 이런 것도 있었습니다 #vtuber #shorts,2026-07-14T05:30:09Z,PT28S,394337,15931,347.0
Bzt6y0YgSE4,UC7-m6jQLinZQWIbwm9W-1iw,아카네 리제,Akane Lize,UNIVERSE,대화가 안 되는 더블 데이트 절망편,2026-07-12T05:30:26Z,PT13M53S,126606,3814,213.0
D9OEykMduEU,UC7-m6jQLinZQWIbwm9W-1iw,아카네 리제,Akane Lize,UNIVERSE,온라인도 오프라인도 모두 야르한 콘서트 되세요~ #vtuber #shorts,2026-07-11T05:30:14Z,PT21S,1191713,33950,600.0
TTHSIecBzhg,UC7-m6jQLinZQWIbwm9W-1iw,아카네 리제,Akane Lize,UNIVERSE,"엥나 대답, 아카네 리제 콘서트 대답 구호 안내! #vtuber #shorts",2026-07-10T05:36:06Z,PT25S,803084,21666,684.0
-gPzb46wo30,UC7-m6jQLinZQWIbwm9W-1iw,아카네 리제,Akane Lize,UNIVERSE,✨콘서트 대비 필수 시청✨ 아카네 리제 첫 단독 콘서트 설명회!,2026-07-09T05:20:20Z,PT10M50S,83998,3221,483.0
rB_5DJbUVjQ,UC7-m6jQLinZQWIbwm9W-1iw,아카네 리제,Akane Lize,UNIVERSE,친구들이 나를 안 찾고 집에 가버렸다... [메챠 카멜레온],2026-07-08T05:30:33Z,PT11M42S,99106,3038,135.0
ahMoEOy9x5c,UC7-m6jQLinZQWIbwm9W-1iw,아카네 리제,Akane Lize,UNIVERSE,여러분은 앞머리를 믿으십니까? #vtuber #shorts,2026-07-07T05:30:24Z,PT33S,470182,16366,253.0
BD7YmvxOb5k,UC7-m6jQLinZQWIbwm9W-1iw,아카네 리제,Akane Lize,UNIVERSE,하이디라오에 미친 선배와 같이가면 생기는 일,2026-07-05T05:30:21Z,PT13M58S,82474,2485,108.0
3Y7Ek6YSGPE,UC7-m6jQLinZQWIbwm9W-1iw,아카네 리제,Akane Lize,UNIVERSE,청록[Blue Rock] - it'sㅣ아카네 리제(Akane Lize) 【COVER】,2026-07-04T11:45:06Z,PT3M27S,642018,17592,978.0
k0kiDVKqhfw,UC7-m6jQLinZQWIbwm9W-1iw,아카네 리제,Akane Lize,UNIVERSE,사장님 자꾸 이러면 저 진짜 까매져요?,2026-07-04T05:30:03Z,PT13M9S,85334,3036,145.0
zyx_aviKUm8,UC7-m6jQLinZQWIbwm9W-1iw,아카네 리제,Akane Lize,UNIVERSE,하 씨 누구지? #vtuber #shorts,2026-07-03T05:30:03Z,PT38S,481160,15912,165.0
11AhcL0Ff48,UC7-m6jQLinZQWIbwm9W-1iw,아카네 리제,Akane Lize,UNIVERSE,왜 점점 찐따가 돼가지? #vtuber #shorts,2026-07-02T05:30:13Z,PT42S,604376,19294,222.0
RNET-4G06nc,UC7-m6jQLinZQWIbwm9W-1iw,아카네 리제,Akane Lize,UNIVERSE,이 아이는 몇 년 뒤 단독 콘서트를 합니다,2026-07-01T05:30:26Z,PT14M20S,116604,3919,206.0
0D9G5xzJ4dc,UC7-m6jQLinZQWIbwm9W-1iw,아카네 리제,Akane Lize,UNIVERSE,가슴이 웅장해지는 새모이대전 #vtuber #shorts,2026-06-30T05:30:23Z,PT36S,493561,14660,184.0
4dZiYFhl1zU,UC7-m6jQLinZQWIbwm9W-1iw,아카네 리제,Akane Lize,UNIVERSE,기수별 온도 차이.mp4,2026-06-28T05:30:21Z,PT11M52S,66682,2461,181.0
Eew-jaZK0u0,UC7-m6jQLinZQWIbwm9W-1iw,아카네 리제,Akane Lize,UNIVERSE,그냥 쳐먹어! #vtuber #shorts,2026-06-27T05:30:10Z,PT43S,398854,14695,330.0
LaoESLm8TsQ,UC7-m6jQLinZQWIbwm9W-1iw,아카네 리제,Akane Lize,UNIVERSE,선배 생활 최대 위기 발생,2026-06-26T05:30:13Z,PT13M27S,73041,3032,186.0
I3f1TXOC3Rk,UC7-m6jQLinZQWIbwm9W-1iw,아카네 리제,Akane Lize,UNIVERSE,콘서트 굿즈 검수 중 발생한 대참사,2026-06-24T05:30:04Z,PT13M4S,83726,2889,211.0
cOQ3Z8eY2lQ,UC7-m6jQLinZQWIbwm9W-1iw,아카네 리제,Akane Lize,UNIVERSE,갸루 리제의 등장이느뇨! #vtuber #shorts,2026-06-23T05:30:36Z,PT14S,299806,13365,204.0
YLU7sRZ47eI,UC7-m6jQLinZQWIbwm9W-1iw,아카네 리제,Akane Lize,UNIVERSE,오냐 다시는 아무거나 소리가 안 나오게 해주지,2026-06-21T05:30:11Z,PT11M57S,131535,3532,145.0
AzsOijDuUho,UC7-m6jQLinZQWIbwm9W-1iw,아카네 리제,Akane Lize,UNIVERSE,고해성사 야르~ #vtuber #shorts,2026-06-20T05:30:21Z,PT30S,622908,17022,139.0
ZyaNJsJlVEI,UC7-m6jQLinZQWIbwm9W-1iw,아카네 리제,Akane Lize,UNIVERSE,이제는 반찬 걱정도 덜어주는 스텔라이브 복지,2026-06-19T05:30:15Z,PT13M33S,172201,4347,180.0
8ic0Fls9yY8,UC7-m6jQLinZQWIbwm9W-1iw,아카네 리제,Akane Lize,UNIVERSE,최근 회사에 자주 출몰하는 칭찬바라기 천마,2026-06-17T05:30:03Z,PT14M23S,141576,3914,195.0
DNpuXFf28dQ,UC7-m6jQLinZQWIbwm9W-1iw,아카네 리제,Akane Lize,UNIVERSE,빨리 자야할 때 들으세요 #vtuber #shorts,2026-06-16T05:30:15Z,PT17S,270536,13753,259.0
u0NpkK3sErk,UC7-m6jQLinZQWIbwm9W-1iw,아카네 리제,Akane Lize,UNIVERSE,쇼츠 담당 오징어의 슬픔 (모두 화이팅😢) #vtuber #shorts,2026-06-15T05:30:24Z,PT25S,329819,9936,525.0
C9gKtoshCzM,UC7-m6jQLinZQWIbwm9W-1iw,아카네 리제,Akane Lize,UNIVERSE,사장님이랑 평생 함께하기로 했습니다,2026-06-14T05:30:06Z,PT10M19S,71977,2930,175.0
JXI2OYCjJ6U,UC7-m6jQLinZQWIbwm9W-1iw,아카네 리제,Akane Lize,UNIVERSE,돌멩이는 돌이야 #vtuber #shorts,2026-06-13T05:30:14Z,PT45S,238386,12561,282.0
gOjf6BhFJKk,UC7-m6jQLinZQWIbwm9W-1iw,아카네 리제,Akane Lize,UNIVERSE,응원 고마워요 삼촌~,2026-06-12T05:30:22Z,PT13M30S,64933,2143,111.0
_t4OxKtCHrg,UC7-m6jQLinZQWIbwm9W-1iw,아카네 리제,Akane Lize,UNIVERSE,舞台に立って(무대에 서서) - YOASOBIㅣ아카네 리제(Akane Lize) 【COVER】,2026-06-11T12:45:06Z,PT3M31S,342027,10201,566.0
vShZpHzYSxM,UC7-m6jQLinZQWIbwm9W-1iw,아카네 리제,Akane Lize,UNIVERSE,내 후배 아니야...,2026-06-10T06:13:19Z,PT12M30S,69995,2241,118.0
eTR4qA0KO-w,UC7-m6jQLinZQWIbwm9W-1iw,아카네 리제,Akane Lize,UNIVERSE,예쁜 사랑하세요 #vtuber #shorts,2026-06-09T05:30:10Z,PT29S,804723,20612,215.0
EnLc7RcNNVE,UC7-m6jQLinZQWIbwm9W-1iw,아카네 리제,Akane Lize,UNIVERSE,아무래도 데려올 선배를 잘못 고른 거 같다,2026-06-08T05:30:22Z,PT13M10S,54779,2061,94.0
bhgwjm5oCoU,UC7-m6jQLinZQWIbwm9W-1iw,아카네 리제,Akane Lize,UNIVERSE,🍷 AKANE LIZE : OVT. FIRST SOLO CONCERT 🩸의미 추측 이벤트! #vtuber #콘서트 #stellive #shorts,2026-06-07T09:00:31Z,PT54S,81110,4733,240.0
hxKO5UKr-8M,UC7-m6jQLinZQWIbwm9W-1iw,아카네 리제,Akane Lize,UNIVERSE,이제는 무섭지 않게 된 사장님의 전화📞,2026-06-06T05:30:22Z,PT10M54S,82123,3067,152.0
y4Tt0msJTmk,UC7-m6jQLinZQWIbwm9W-1iw,아카네 리제,Akane Lize,UNIVERSE,아빠 회사 가지마! #vtuber #shorts,2026-06-05T05:30:20Z,PT27S,264178,8619,110.0
DyO4dbjFhTE,UCAHVQ44O81aehLWfy9O6Elw,아라하시 타비,Arahashi Tabi,UNIVERSE,강지 아해야~ 원하는 게 무엇이느냐~,2026-08-02T08:30:29Z,PT9M30S,38799,1630,107.0
6UPvcLejV9I,UCAHVQ44O81aehLWfy9O6Elw,아라하시 타비,Arahashi Tabi,UNIVERSE,치지직 대표 로블록스 스트리머가 잼민이한테 복수하는 법,2026-07-30T08:30:21Z,PT9M23S,157988,4874,368.0
7gDjoaWgpgY,UCAHVQ44O81aehLWfy9O6Elw,아라하시 타비,Arahashi Tabi,UNIVERSE,【봉켓몬】 데니아를 실제로(?) 만났습니다!,2026-07-28T08:30:31Z,PT8M33S,60110,2108,88.0
NNN21Exh9uA,UCAHVQ44O81aehLWfy9O6Elw,아라하시 타비,Arahashi Tabi,UNIVERSE,역대급으로 비명 지른 타비 신의상 첫 공포게임,2026-07-26T08:31:35Z,PT10M30S,86411,3652,277.0
sSMCY6Bz15g,UCAHVQ44O81aehLWfy9O6Elw,아라하시 타비,Arahashi Tabi,UNIVERSE,【팰월드】 콘서트 이후로 한층 더 에겐녀가 된 여자친구(?),2026-07-23T08:30:26Z,PT10M47S,156281,4737,213.0
qTTdVWWIB6Q,UCAHVQ44O81aehLWfy9O6Elw,아라하시 타비,Arahashi Tabi,UNIVERSE,그녀의 치명적인 애교 #shorts #vtuber #타비,2026-07-22T04:00:19Z,PT19S,242938,11373,460.0
1xfb1MNL26E,UCAHVQ44O81aehLWfy9O6Elw,아라하시 타비,Arahashi Tabi,UNIVERSE,【타비썰】 실제 육상부 출신 타비의 어릴적 육상 썰,2026-07-21T08:30:04Z,PT8M2S,93886,4743,361.0
Kd4I-3Ssb8Y,UCAHVQ44O81aehLWfy9O6Elw,아라하시 타비,Arahashi Tabi,UNIVERSE,【팰월드】 포켓몬에 이어서 팰월드도 사기치는 팰천재 정타비,2026-07-19T08:30:33Z,PT15M59S,98532,2586,156.0
zEILgRuLyfs,UCAHVQ44O81aehLWfy9O6Elw,아라하시 타비,Arahashi Tabi,UNIVERSE,백룸 + 리썰류 게임에서 가장 무서운건 유니버스의 티키타카였습니다,2026-07-16T08:30:12Z,PT11M5S,61811,2462,123.0
HbH5LgxkSm4,UCAHVQ44O81aehLWfy9O6Elw,아라하시 타비,Arahashi Tabi,UNIVERSE,타비도 꿍싯꿍싯💕 #shorts #vtuber #타비,2026-07-15T04:00:40Z,PT16S,863156,37935,697.0
air78A9x-a4,UCAHVQ44O81aehLWfy9O6Elw,아라하시 타비,Arahashi Tabi,UNIVERSE,【봉켓몬】 레나야 너 사랑니 이제 X됐어ㅋㅋ - 봉켓몬 비하인드 모음,2026-07-14T08:30:29Z,PT10M27S,85289,2313,112.0
yKTaZ9yyMHM,UCAHVQ44O81aehLWfy9O6Elw,아라하시 타비,Arahashi Tabi,UNIVERSE,【봉켓몬】마지막 배틀까지 빛났던 타비와 칠색조의 이야기 -끝-,2026-07-12T08:32:03Z,PT12M57S,95776,2444,190.0
zfzkQ2LQu-Q,UCAHVQ44O81aehLWfy9O6Elw,아라하시 타비,Arahashi Tabi,UNIVERSE,유니버스의 마음악보🎵 I 그러니 지금을 소중히 노래하자 #shorts #vtuber #타비,2026-07-10T03:32:22Z,PT57S,147170,10342,249.0
Z2CJlfzCMEE,UCAHVQ44O81aehLWfy9O6Elw,아라하시 타비,Arahashi Tabi,UNIVERSE,【봉켓몬】 이건 타비의 칠색조가 최강의 포켓몬이 되기까지의 이야기다,2026-07-09T08:30:16Z,PT10M15S,136988,2973,274.0
u2U_89VVoIM,UCAHVQ44O81aehLWfy9O6Elw,아라하시 타비,Arahashi Tabi,UNIVERSE,【봉켓몬】 윤가놈님 이번 초전설도 제가 가져갑니다?,2026-07-07T08:30:02Z,PT13M51S,125319,2951,280.0
HPuNjKVpyEA,UCAHVQ44O81aehLWfy9O6Elw,아라하시 타비,Arahashi Tabi,UNIVERSE,"스텔라이브 ""메챠 카멜레온"" 요새 유행하는 숨바꼭질 게임 해봤습니다ㅋㅋㅋㅋ",2026-07-05T08:32:25Z,PT10M7S,54568,1983,84.0
yqkYpiIwYl0,UCAHVQ44O81aehLWfy9O6Elw,아라하시 타비,Arahashi Tabi,UNIVERSE,비키니를 승인해주세요 타비님! #shorts #vtuber #타비,2026-07-04T03:30:31Z,PT13S,485260,15463,290.0
EQsGc7eRkYQ,UCAHVQ44O81aehLWfy9O6Elw,아라하시 타비,Arahashi Tabi,UNIVERSE,【봉켓몬】 포켓몬마스터를 꿈꾸는 타치리스의 운명적인 첫 만남,2026-07-02T08:30:26Z,PT14M57S,109730,3405,377.0
5yg_DKIsRDA,UCAHVQ44O81aehLWfy9O6Elw,아라하시 타비,Arahashi Tabi,UNIVERSE,내 아내를 향한 진심을 보여주마 [명조 토크],2026-07-01T08:30:33Z,PT18M9S,30489,1202,86.0
SBOxWk3IBVE,UCAHVQ44O81aehLWfy9O6Elw,아라하시 타비,Arahashi Tabi,UNIVERSE,역대급으로 반응이 좋았던 괄사 받은 타비의 신의상 공개!!,2026-06-30T08:30:26Z,PT11M32S,97611,4750,468.0
KxG2L57W0SQ,UCAHVQ44O81aehLWfy9O6Elw,아라하시 타비,Arahashi Tabi,UNIVERSE,요즘 유행하는 야르송에 신이난 야랄의 악마 #shorts #vtuber #타비,2026-06-29T03:41:43Z,PT22S,807051,21650,1013.0
Xo0txmZxMTw,UCAHVQ44O81aehLWfy9O6Elw,아라하시 타비,Arahashi Tabi,UNIVERSE,아가와 함께 개웃기는 잼민이 게임을 해봤습니다 ㅋㅋㅋ,2026-06-28T08:30:25Z,PT11M2S,78503,2770,158.0
GRBiR59PE6o,UCAHVQ44O81aehLWfy9O6Elw,아라하시 타비,Arahashi Tabi,UNIVERSE,데뷔 3주년 방송인데 온갖 욕을 다 먹는 스트리머..,2026-06-25T08:30:16Z,PT10M20S,76791,3044,215.0
SVu2_ybIm-4,UCAHVQ44O81aehLWfy9O6Elw,아라하시 타비,Arahashi Tabi,UNIVERSE,마사지 받은 타비 - 신의상 쇼케이스🌼🩵#shorts #vtuber #타비,2026-06-24T04:11:59Z,PT57S,173551,12491,523.0
CK4FlW3hsIU,UCAHVQ44O81aehLWfy9O6Elw,아라하시 타비,Arahashi Tabi,UNIVERSE,갈틱폰에서 고소 당할 것 같은 주제를 강요 받았습니다,2026-06-23T08:30:35Z,PT12M56S,36897,1543,100.0
UuBc26pibCo,UCAHVQ44O81aehLWfy9O6Elw,아라하시 타비,Arahashi Tabi,UNIVERSE,나만의 두두타를 브이스포랑 나나가 함께하는 세계선?!,2026-06-21T08:30:09Z,PT14M52S,21655,1227,85.0
39_zaFVluAw,UCAHVQ44O81aehLWfy9O6Elw,아라하시 타비,Arahashi Tabi,UNIVERSE,밤새도록 널 생각해[夜もすがら君想ふ] - TOKOTOKOㅣ아라하시 타비 Cover,2026-06-20T10:59:06Z,PT4M1S,315435,10759,784.0
ujOJBG3RxlA,UCAHVQ44O81aehLWfy9O6Elw,아라하시 타비,Arahashi Tabi,UNIVERSE,이리 악귀들의 칭찬에 기분이 '조금' 좋아진 과거의 나,2026-06-18T08:30:02Z,PT9M46S,90355,2593,179.0
0eXSqKnOXSc,UCAHVQ44O81aehLWfy9O6Elw,아라하시 타비,Arahashi Tabi,UNIVERSE,"Tabi's STAR TRAIL Playlist I 노래해, 빛나는 별이 모두의 꿈에 닿도록",2026-06-18T04:31:53Z,PT1M,105681,6920,204.0
ha0uI36w8tE,UCAHVQ44O81aehLWfy9O6Elw,아라하시 타비,Arahashi Tabi,UNIVERSE,유니버스와 함께하는 타비의 덴파 덴파 🔊 #shorts #vtuber #타비,2026-06-17T04:13:53Z,PT22S,179215,9249,247.0
UXaaAp2MRwM,UCAHVQ44O81aehLWfy9O6Elw,아라하시 타비,Arahashi Tabi,UNIVERSE,[타비 4월 하이라이트] - 4월 타비 방송 핫클립 모음,2026-06-16T08:30:03Z,PT8M5S,31986,1438,95.0
k9PfTWuv3dM,UCAHVQ44O81aehLWfy9O6Elw,아라하시 타비,Arahashi Tabi,UNIVERSE,D-day | ✨신규 5성 신의상 타비 픽업 오픈! 오후 6시 타비 방송에서!✨,2026-06-15T09:00:49Z,PT1M4S,36049,2991,356.0
Gx_O7OSQwpI,UCAHVQ44O81aehLWfy9O6Elw,아라하시 타비,Arahashi Tabi,UNIVERSE,강지 마망이 데려온 잼민이와 아가 용가리,2026-06-14T08:30:02Z,PT12M30S,117312,3359,238.0
4nVjnxK4j0c,UCAHVQ44O81aehLWfy9O6Elw,아라하시 타비,Arahashi Tabi,UNIVERSE,행운을 빌어 줘[A journey] - 원필(DAY6)ㅣ아라하시 타비 Cover,2026-06-11T12:59:06Z,PT3M31S,649439,14273,1528.0
btWrkWaZg7Y,UCAHVQ44O81aehLWfy9O6Elw,아라하시 타비,Arahashi Tabi,UNIVERSE,다들 자기가 정병 같다고 하는 스텔 마피아게임,2026-06-11T08:30:08Z,PT16M36S,149703,3438,169.0
jVMJrs3LqEQ,UCAHVQ44O81aehLWfy9O6Elw,아라하시 타비,Arahashi Tabi,UNIVERSE,스텔 야호~! 타비 갸루 챌린지스루~ #shorts #vtuber #타비,2026-06-10T03:30:07Z,PT14S,354206,16083,334.0
-12-3X1f2is,UCAHVQ44O81aehLWfy9O6Elw,아라하시 타비,Arahashi Tabi,UNIVERSE,왜 나는 구구덕 할 때마다 펠리컨한테 먹히는거야!!!!,2026-06-09T09:44:54Z,PT10M32S,74485,1883,127.0
pRdcBSs7fuY,UCAHVQ44O81aehLWfy9O6Elw,아라하시 타비,Arahashi Tabi,UNIVERSE,4티어한테 지고 2티어를 잡아버리는 스타 뉴비 정타비,2026-06-07T08:31:27Z,PT10M37S,65863,1755,121.0
1upcRr_nsJQ,UCAHVQ44O81aehLWfy9O6Elw,아라하시 타비,Arahashi Tabi,UNIVERSE,지금까지 타비의 '사회실험' 서버였습니다!,2026-06-04T08:36:27Z,PT15M26S,190017,4403,266.0
gukI0uSmfnM,UCAHVQ44O81aehLWfy9O6Elw,아라하시 타비,Arahashi Tabi,UNIVERSE,동료를 구하기 위해 미인계를 사용하는 히나,2026-06-02T08:30:05Z,PT15M7S,173682,3881,124.0
kbmuPYvJ_Nc,UCAHVQ44O81aehLWfy9O6Elw,아라하시 타비,Arahashi Tabi,UNIVERSE,마크 분탕서버를 준비한 서버장의 첫날,2026-05-31T08:30:37Z,PT15M5S,194418,4065,309.0
ePf7o97-H90,UCAHVQ44O81aehLWfy9O6Elw,아라하시 타비,Arahashi Tabi,UNIVERSE,타비의 마음예보🌦️ㅣ너에게 물들어버리면 #心予報 #vtuber #타비,2026-05-29T04:08:30Z,PT16S,281112,12228,451.0
YhPsg_4QnnE,UCAHVQ44O81aehLWfy9O6Elw,아라하시 타비,Arahashi Tabi,UNIVERSE,대형 마크서버 열자마자 사과부터 한 사람,2026-05-28T08:30:30Z,PT8M51S,200215,4668,342.0
s3Gzvsejt14,UCAHVQ44O81aehLWfy9O6Elw,아라하시 타비,Arahashi Tabi,UNIVERSE,나한텐 로블록스 대회가 '로낳대'이고 '월드컵'이야,2026-05-26T08:30:05Z,PT9M6S,59185,2089,196.0
UNWUqLjBROM,UCAHVQ44O81aehLWfy9O6Elw,아라하시 타비,Arahashi Tabi,UNIVERSE,스타크래프트 1 한번도 안 해보고 대회에 나갑니다!,2026-05-24T07:01:43Z,PT11M19S,75463,1959,186.0
R27u0NDEfwE,UCAHVQ44O81aehLWfy9O6Elw,아라하시 타비,Arahashi Tabi,UNIVERSE,잠깐 놀러 왔다가 도망치고 싶어진 강지 사장님,2026-05-21T08:30:59Z,PT10M45S,118416,3345,197.0
-v9qEIKZNtQ,UCAHVQ44O81aehLWfy9O6Elw,아라하시 타비,Arahashi Tabi,UNIVERSE,파랑즈의 붐샤카라카💙타비x쿠모린 3D 댄스 #shorts #vtuber #challenge,2026-05-20T04:30:00Z,PT13S,381669,13485,389.0
T7wlEvY8ngE,UCAHVQ44O81aehLWfy9O6Elw,아라하시 타비,Arahashi Tabi,UNIVERSE,타타야!! 그건 유출하면 안돼!!!,2026-05-19T08:30:17Z,PT12M11S,60545,2515,198.0
YTKsefzEnuc,UCAHVQ44O81aehLWfy9O6Elw,아라하시 타비,Arahashi Tabi,UNIVERSE,사기 치면 손모가지 날라가는 거여!!,2026-05-17T08:30:11Z,PT8M3S,46451,1654,150.0
PcW_Rw2uzKU,UCAHVQ44O81aehLWfy9O6Elw,아라하시 타비,Arahashi Tabi,UNIVERSE,타비x나나 3D 댄스💙ㅣ ‘캐치캐치' (Catch Catch) 챌린지 #shorts #vtuber #challenge,2026-05-17T05:42:45Z,PT23S,492331,19010,824.0
wQtrgt8aexM,UCYxLMfeX1CbMBll9MsGlzmw,텐코 시부키,Tenko Shibuki,CLICHE,스텔라이브에는 부키맘들이 많다..,2026-08-02T08:23:52Z,PT10M27S,92025,3209,155.0
SAqlkl0_4GI,UCYxLMfeX1CbMBll9MsGlzmw,텐코 시부키,Tenko Shibuki,CLICHE,과일 바구니에 가득히 담아서🍓 #shorts #vtuber #시부키 #베리베리스트로베리,2026-08-01T11:53:38Z,PT12S,56679,3872,64.0
6SVBsOgi1UE,UCYxLMfeX1CbMBll9MsGlzmw,텐코 시부키,Tenko Shibuki,CLICHE,엄청 맛있는 녀석이 등 장!🍓 #shorts #vtuber #시부키 #베리베리스트로베리,2026-07-31T10:02:17Z,PT39S,47338,4433,94.0
E1xhRiqiYlY,UCYxLMfeX1CbMBll9MsGlzmw,텐코 시부키,Tenko Shibuki,CLICHE,설마 이젠 제가 귀찮아진건 아니죠? 아 사장니이임,2026-07-31T08:17:25Z,PT12M56S,102333,2900,136.0
iooDOH2vi04,UCYxLMfeX1CbMBll9MsGlzmw,텐코 시부키,Tenko Shibuki,CLICHE,광과민성 반응을 주의하시오 #shorts #vtuber #시부키 #베리베리스트로베리,2026-07-30T12:21:24Z,PT33S,53957,4458,84.0
kB4wrQ2oE4k,UCYxLMfeX1CbMBll9MsGlzmw,텐코 시부키,Tenko Shibuki,CLICHE,팬아트는 자유죠 #shorts #vtuber,2026-07-30T08:21:59Z,PT52S,59242,3969,129.0
orq3qbSUXyM,UCYxLMfeX1CbMBll9MsGlzmw,텐코 시부키,Tenko Shibuki,CLICHE,부키랑 딸기랑🍓 #shorts #vtuber #시부키 #베리베리스트로베리,2026-07-29T09:58:45Z,PT40S,61182,5730,125.0
L4o7GX0YCFA,UCYxLMfeX1CbMBll9MsGlzmw,텐코 시부키,Tenko Shibuki,CLICHE,뭐지 나 작업 당한건가,2026-07-29T08:09:49Z,PT16M1S,69400,2278,133.0
97bpHgSSZ5E,UCYxLMfeX1CbMBll9MsGlzmw,텐코 시부키,Tenko Shibuki,CLICHE,내가 고른 건 너야🍓💜 #shorts #vtuber #시부키 #베리베리스트로베리,2026-07-28T08:13:03Z,PT23S,80947,6430,156.0
xZn99-qKw2w,UCYxLMfeX1CbMBll9MsGlzmw,텐코 시부키,Tenko Shibuki,CLICHE,결혼한지 하루만에 파혼 위기,2026-07-27T08:47:01Z,PT11M26S,31772,1316,99.0
nsZmnwC9ukE,UCYxLMfeX1CbMBll9MsGlzmw,텐코 시부키,Tenko Shibuki,CLICHE,텐코 시부키(Tenko Shibuki) | 베리베리스트로베리 'Berry Verry Strawberry',2026-07-25T09:00:06Z,PT3M6S,436475,17321,1224.0
wO7pHjlBdz4,UCYxLMfeX1CbMBll9MsGlzmw,텐코 시부키,Tenko Shibuki,CLICHE,음~뫄 #shorts #vtuber,2026-07-24T08:01:08Z,PT25S,377653,12792,152.0
Ujpl7itnr0Q,UCYxLMfeX1CbMBll9MsGlzmw,텐코 시부키,Tenko Shibuki,CLICHE,못 본 사이에 많이 자랐죠?,2026-07-23T09:26:15Z,PT10M54S,331410,8450,430.0
1Gqp87VQM2U,UCYxLMfeX1CbMBll9MsGlzmw,텐코 시부키,Tenko Shibuki,CLICHE,뻬리뻬리스트로뻬리 #shorts #vtuber,2026-07-22T09:01:51Z,PT46S,96864,4743,79.0
-bp51LhmaWI,UCYxLMfeX1CbMBll9MsGlzmw,텐코 시부키,Tenko Shibuki,CLICHE,잼민이 셧다운제 #shorts #vtuber,2026-07-21T10:02:44Z,PT1M8S,184182,7416,96.0
dOadSpjbMCw,UCYxLMfeX1CbMBll9MsGlzmw,텐코 시부키,Tenko Shibuki,CLICHE,텐코 시부키(Tenko Shibuki) | 'Berry Verry Strawberry' Teaser,2026-07-20T09:00:11Z,PT32S,69749,5223,410.0
a5wHS0Y5iDs,UCYxLMfeX1CbMBll9MsGlzmw,텐코 시부키,Tenko Shibuki,CLICHE,부부 사기단에 당했습니다..,2026-07-19T06:00:04Z,PT12M52S,121601,3297,198.0
o1-jw8I3XRk,UCYxLMfeX1CbMBll9MsGlzmw,텐코 시부키,Tenko Shibuki,CLICHE,내 아내임 #shorts #vtuber,2026-07-18T06:22:58Z,PT38S,190718,5156,111.0
SOn6FS2U82w,UCYxLMfeX1CbMBll9MsGlzmw,텐코 시부키,Tenko Shibuki,CLICHE,이게 포대장이야 로켓단이야,2026-07-16T08:00:29Z,PT17M3S,145340,2638,159.0
N_M8Af5nBec,UCYxLMfeX1CbMBll9MsGlzmw,텐코 시부키,Tenko Shibuki,CLICHE,일방적 딜교 #shorts #vtuber,2026-07-14T09:21:27Z,PT1M,259179,6723,105.0
fRLPJdHlPZk,UCYxLMfeX1CbMBll9MsGlzmw,텐코 시부키,Tenko Shibuki,CLICHE,왜 다들 나만 보면 언니 소릴 듣고싶어 하는거야ㅠㅠ,2026-07-13T08:00:14Z,PT11M31S,159655,4727,297.0
Uuf2oipmXHg,UCYxLMfeX1CbMBll9MsGlzmw,텐코 시부키,Tenko Shibuki,CLICHE,나 후배 선배! #shorts #vtuber,2026-07-11T07:07:25Z,PT23S,849717,21943,257.0
smy_LZQKlng,UCYxLMfeX1CbMBll9MsGlzmw,텐코 시부키,Tenko Shibuki,CLICHE,'아빠' 라고 불러봤더니 생긴 일,2026-07-10T09:30:16Z,PT15M45S,392873,9617,511.0
UiYVtkyveYA,UCYxLMfeX1CbMBll9MsGlzmw,텐코 시부키,Tenko Shibuki,CLICHE,143cm #shorts #vtuber,2026-07-09T08:20:42Z,PT46S,965158,21908,483.0
TRemuxAFhiw,UCYxLMfeX1CbMBll9MsGlzmw,텐코 시부키,Tenko Shibuki,CLICHE,태극듀오 혐짤 유포로 신고합니다,2026-07-08T08:11:31Z,PT10M14S,60260,2145,109.0
hlt9STeO230,UCYxLMfeX1CbMBll9MsGlzmw,텐코 시부키,Tenko Shibuki,CLICHE,부키의 리듬 천국 #shorts #vtuber,2026-07-07T08:46:15Z,PT59S,159185,6096,150.0
6HtXX4DwAOI,UCYxLMfeX1CbMBll9MsGlzmw,텐코 시부키,Tenko Shibuki,CLICHE,저요 저요 제가 청소 더 잘해요!,2026-07-06T08:37:52Z,PT16M44S,123630,2864,131.0
fW-iSAHm5CI,UCYxLMfeX1CbMBll9MsGlzmw,텐코 시부키,Tenko Shibuki,CLICHE,길 #shorts #vtuber,2026-07-06T06:00:35Z,PT51S,125506,4550,103.0
mZfKtdHwQ5w,UCYxLMfeX1CbMBll9MsGlzmw,텐코 시부키,Tenko Shibuki,CLICHE,생방송 중 언니의 습격 사건 #shorts #vtuber,2026-07-05T07:42:21Z,PT46S,283039,8889,146.0
w9ITxympOng,UCYxLMfeX1CbMBll9MsGlzmw,텐코 시부키,Tenko Shibuki,CLICHE,히나선배랑 한판 떴습니다,2026-07-04T07:20:31Z,PT10M46S,61588,2199,141.0
r7SLG0umy1I,UCYxLMfeX1CbMBll9MsGlzmw,텐코 시부키,Tenko Shibuki,CLICHE,다이노소어 #shorts #vtuber,2026-07-03T09:04:25Z,PT49S,348706,9532,147.0
E9f_CWQzcXg,UCYxLMfeX1CbMBll9MsGlzmw,텐코 시부키,Tenko Shibuki,CLICHE,사람들이 내 전설을 보고 웃는다.. 왤까?,2026-07-02T10:57:07Z,PT18M51S,187381,3478,293.0
qKmmMdR3Z7o,UCYxLMfeX1CbMBll9MsGlzmw,텐코 시부키,Tenko Shibuki,CLICHE,쪼아요다!! #shorts #vtuber,2026-06-30T09:16:44Z,PT40S,675565,23634,218.0
K75pG6MZ4_s,UCYxLMfeX1CbMBll9MsGlzmw,텐코 시부키,Tenko Shibuki,CLICHE,꼭꼭 숨어라 머리카락 보일라 [멧챠 카멜레온],2026-06-30T08:00:13Z,PT14M9S,91793,2723,123.0
AH8sMk7otKU,UCYxLMfeX1CbMBll9MsGlzmw,텐코 시부키,Tenko Shibuki,CLICHE,친애하는 소년이여 (拝啓、少年よ / Hump Back)  / 텐코 시부키 (Tenko Shibuki) cover,2026-06-29T08:30:06Z,PT3M9S,600227,15971,803.0
p2MTgAm90cI,UCYxLMfeX1CbMBll9MsGlzmw,텐코 시부키,Tenko Shibuki,CLICHE,내 친구 앤테이 #shorts #vtuber,2026-06-28T07:02:21Z,PT1M33S,233642,6506,178.0
ebw3ipM9hVA,UCYxLMfeX1CbMBll9MsGlzmw,텐코 시부키,Tenko Shibuki,CLICHE,사장님 덕질하러 회사 들어온 여우,2026-06-26T08:31:05Z,PT10M44S,136504,4068,157.0
bbMaGa_qkDw,UCYxLMfeX1CbMBll9MsGlzmw,텐코 시부키,Tenko Shibuki,CLICHE,사장님 따라하기 #shorts #vtuber,2026-06-25T08:19:14Z,PT39S,162145,8133,128.0
QMwIV2-55aU,UCYxLMfeX1CbMBll9MsGlzmw,텐코 시부키,Tenko Shibuki,CLICHE,좀비 오이데~ #shorts #vtuber,2026-06-24T08:00:19Z,PT39S,85981,3795,67.0
hce8aYOCU5A,UCYxLMfeX1CbMBll9MsGlzmw,텐코 시부키,Tenko Shibuki,CLICHE,아니아니 사장님 그게 아니고요..,2026-06-23T08:09:44Z,PT11M54S,130543,3693,186.0
Q0pAKhnzXcg,UCYxLMfeX1CbMBll9MsGlzmw,텐코 시부키,Tenko Shibuki,CLICHE,전설의 축구3 #shorts #vtuber,2026-06-22T08:05:56Z,PT1M22S,211585,6852,235.0
3dLdlUsL8Ak,UCYxLMfeX1CbMBll9MsGlzmw,텐코 시부키,Tenko Shibuki,CLICHE,그러라고 열심히 파둔 땅이 아닌데..,2026-06-21T08:20:18Z,PT14M10S,104029,2691,107.0
977_PySwrMg,UCYxLMfeX1CbMBll9MsGlzmw,텐코 시부키,Tenko Shibuki,CLICHE,매칭앱 프린세스 #vtuber #shorts #マチアプリンセス,2026-06-20T08:00:30Z,PT14S,150415,7409,135.0
ORCrDtHiSQY,UCYxLMfeX1CbMBll9MsGlzmw,텐코 시부키,Tenko Shibuki,CLICHE,부키의 경멸 사건 #shorts #vtuber,2026-06-19T07:57:52Z,PT39S,147325,7563,179.0
oaD3whaCo48,UCYxLMfeX1CbMBll9MsGlzmw,텐코 시부키,Tenko Shibuki,CLICHE,뭐..뭐!! 언니가 뭘 할 수 있는데? 안들려안들려,2026-06-18T08:24:06Z,PT11M54S,218271,5680,257.0
JwrmoSj2Cgg,UCYxLMfeX1CbMBll9MsGlzmw,텐코 시부키,Tenko Shibuki,CLICHE,사장님이 풀어주는 부키의 스텔라이브 지원썰,2026-06-16T08:01:42Z,PT10M11S,84559,2776,144.0
pZCDF4iSB8M,UCYxLMfeX1CbMBll9MsGlzmw,텐코 시부키,Tenko Shibuki,CLICHE,피구공 #shorts #vtuber,2026-06-15T08:00:37Z,PT38S,202705,8449,159.0
NIpf-Zn-lAA,UCYxLMfeX1CbMBll9MsGlzmw,텐코 시부키,Tenko Shibuki,CLICHE,마크 1세대 유튜버 도티님을 만났다,2026-06-14T08:14:27Z,PT19M33S,69760,2187,160.0
yJRG-GVQWEM,UCYxLMfeX1CbMBll9MsGlzmw,텐코 시부키,Tenko Shibuki,CLICHE,부키는 완전히 멘탈이 나가버렸습니다 #shorts #vtuber,2026-06-13T07:40:28Z,PT54S,139220,5910,122.0
2Vbktv5zLgc,UCYxLMfeX1CbMBll9MsGlzmw,텐코 시부키,Tenko Shibuki,CLICHE,[4K] 호시아이(ホシアイ) / 텐코 시부키 3D Live Cover,2026-06-13T06:00:08Z,PT4M45S,118977,3709,189.0
5F2ro1ATLl4,UCQmcltnre6aG9SkDRYZqFIg,아오쿠모 린,Aokumo Rin,CLICHE,귀에 피나는 합방,2026-08-01T09:00:38Z,PT8M1S,58953,2603,130.0
kuDVqwQp0sA,UCQmcltnre6aG9SkDRYZqFIg,아오쿠모 린,Aokumo Rin,CLICHE,린과 함께 시원하게 질러!!😆⚡️ #stellive #cliche #maidmyway #originalsong,2026-08-01T08:00:08Z,PT15S,63283,4629,93.0
nJU7P69Ri-U,UCQmcltnre6aG9SkDRYZqFIg,아오쿠모 린,Aokumo Rin,CLICHE,복도 함 달려잇~!🏃‍♀️🔥 #stellive #cliche #maidmyway #originalsong,2026-07-31T08:00:24Z,PT15S,54989,4973,96.0
w-AwVlQj09o,UCQmcltnre6aG9SkDRYZqFIg,아오쿠모 린,Aokumo Rin,CLICHE,후야야 고맙투우사🐂🐮 #shorts #meme #animation,2026-07-31T07:00:31Z,PT16S,61517,3801,137.0
J2h2KMZFNWo,UCQmcltnre6aG9SkDRYZqFIg,아오쿠모 린,Aokumo Rin,CLICHE,가‘족’ [7월 핫클립],2026-07-30T09:00:24Z,PT8M13S,68379,2581,141.0
jkVfz92pmF8,UCQmcltnre6aG9SkDRYZqFIg,아오쿠모 린,Aokumo Rin,CLICHE,린과 함께 살짝 춤춰봐😎💃 #stellive #cliche #maidmyway #originalsong,2026-07-30T08:00:15Z,PT17S,111932,7065,140.0
1hI6NS6g9i4,UCQmcltnre6aG9SkDRYZqFIg,아오쿠모 린,Aokumo Rin,CLICHE,메이드의 출근 준비 최초 공개?!😲 #stellive #cliche #maidmyway #originalsong,2026-07-29T08:00:06Z,PT24S,78387,5705,134.0
ykZ6L1nnxYs,UCQmcltnre6aG9SkDRYZqFIg,아오쿠모 린,Aokumo Rin,CLICHE,응애.,2026-07-28T09:00:28Z,PT8M30S,91311,3233,202.0
I88_TyumGqQ,UCQmcltnre6aG9SkDRYZqFIg,아오쿠모 린,Aokumo Rin,CLICHE,린과 함께 살짝 미쳐봐☁️✨️ #stellive #cliche #maidmyway #originalsong,2026-07-28T08:00:22Z,PT12S,184648,10209,340.0
ZYSQLv_L26Y,UCQmcltnre6aG9SkDRYZqFIg,아오쿠모 린,Aokumo Rin,CLICHE,아오쿠모 린(Aokumo Rin) | 'Maid My Way',2026-07-27T09:00:22Z,PT3M20S,793031,28626,2170.0
ragPn2wxDq4,UCQmcltnre6aG9SkDRYZqFIg,아오쿠모 린,Aokumo Rin,CLICHE,노인 학대 아닙니다,2026-07-26T08:00:04Z,PT8M4S,58773,2103,160.0
NMqafFZBz30,UCQmcltnre6aG9SkDRYZqFIg,아오쿠모 린,Aokumo Rin,CLICHE,날 따라 해봐요! w. 클리셰😎 #shorts #animation,2026-07-26T07:00:13Z,PT14S,209779,11656,242.0
Q7ax2mNe_LQ,UCQmcltnre6aG9SkDRYZqFIg,아오쿠모 린,Aokumo Rin,CLICHE,사장님의 후야 사랑,2026-07-24T08:00:06Z,PT8M2S,59233,2020,75.0
mgsN_OiwuTc,UCQmcltnre6aG9SkDRYZqFIg,아오쿠모 린,Aokumo Rin,CLICHE,나에게 축구는 살인이다,2026-07-22T09:00:20Z,PT8M3S,90994,2573,150.0
vB_U8a5WNEk,UCQmcltnre6aG9SkDRYZqFIg,아오쿠모 린,Aokumo Rin,CLICHE,예??,2026-07-20T09:00:26Z,PT8M18S,148628,3513,268.0
OR9URrgtjq8,UCQmcltnre6aG9SkDRYZqFIg,아오쿠모 린,Aokumo Rin,CLICHE,아오쿠모 린(Aokumo Rin) | 'Maid My Way' Teaser,2026-07-18T09:00:37Z,PT34S,126189,7168,585.0
3r2KlJ-xR8I,UCQmcltnre6aG9SkDRYZqFIg,아오쿠모 린,Aokumo Rin,CLICHE,윤님과 칠색조 듀오 결성 [멧챠 카멜레온],2026-07-17T09:00:20Z,PT8M2S,102653,2570,215.0
dt4EwmbhagQ,UCQmcltnre6aG9SkDRYZqFIg,아오쿠모 린,Aokumo Rin,CLICHE,울면 튀겨먹는 알람시계 학살자,2026-07-14T09:00:00Z,PT8M4S,40657,1886,150.0
B7Xa42G62JA,UCQmcltnre6aG9SkDRYZqFIg,아오쿠모 린,Aokumo Rin,CLICHE,일단 튀기면 맛있지 않을까?,2026-07-11T09:00:09Z,PT8M7S,71032,2248,146.0
7EDikq2tNSw,UCQmcltnre6aG9SkDRYZqFIg,아오쿠모 린,Aokumo Rin,CLICHE,오빠 달린다,2026-07-09T09:00:20Z,PT8M2S,103880,3397,324.0
PKgtvHCrBNY,UCQmcltnre6aG9SkDRYZqFIg,아오쿠모 린,Aokumo Rin,CLICHE,제발 갓길에 차 대세요!!!,2026-07-07T09:00:29Z,PT8M1S,65808,2395,110.0
DE6RBGc0nbE,UCQmcltnre6aG9SkDRYZqFIg,아오쿠모 린,Aokumo Rin,CLICHE,포대장에게 의심을받는 린 [봉켓몬],2026-07-05T09:00:07Z,PT8M4S,127999,2590,173.0
m1LZcHSY_Dc,UCQmcltnre6aG9SkDRYZqFIg,아오쿠모 린,Aokumo Rin,CLICHE,초전설 포켓몬 경쟁자 제거 완료 [봉켓몬],2026-07-02T09:00:37Z,PT8M2S,106152,2727,167.0
MIHbmiZMhs8,UCQmcltnre6aG9SkDRYZqFIg,아오쿠모 린,Aokumo Rin,CLICHE,나나야 급하면 여기에 쌀래..?,2026-06-30T09:00:35Z,PT8M2S,71717,2237,220.0
y1nUYj_D1Es,UCQmcltnre6aG9SkDRYZqFIg,아오쿠모 린,Aokumo Rin,CLICHE,물떼새(ヨルシカ - 千鳥) / 아오쿠모 린(Aokumo Rin) Cover,2026-06-28T08:00:06Z,PT4M12S,838026,18799,906.0
FRhKWBI8ot8,UCQmcltnre6aG9SkDRYZqFIg,아오쿠모 린,Aokumo Rin,CLICHE,이야 히나선배 최고!! 역시 포여제! [봉켓몬],2026-06-27T10:00:05Z,PT8M24S,103950,2425,110.0
umNLtWOqPEE,UCQmcltnre6aG9SkDRYZqFIg,아오쿠모 린,Aokumo Rin,CLICHE,히나선배 누리공 갖고싶다고? [봉켓몬],2026-06-25T09:00:29Z,PT8M13S,110660,2866,246.0
D2mWfxLT3iQ,UCQmcltnre6aG9SkDRYZqFIg,아오쿠모 린,Aokumo Rin,CLICHE,리제선배 이리 할래?,2026-06-23T09:00:32Z,PT8M6S,92035,2869,205.0
7_bMoA_1_XM,UCQmcltnre6aG9SkDRYZqFIg,아오쿠모 린,Aokumo Rin,CLICHE,유니 화낼게,2026-06-20T09:00:30Z,PT8M1S,50501,1745,105.0
ii84BIAv2bs,UCQmcltnre6aG9SkDRYZqFIg,아오쿠모 린,Aokumo Rin,CLICHE,메이플 재밌나요?,2026-06-18T09:00:18Z,PT8M1S,134020,2862,196.0
-pB04o3Fuoc,UCQmcltnre6aG9SkDRYZqFIg,아오쿠모 린,Aokumo Rin,CLICHE,ワールドイズマイン (CPK! Remix) with ののちゃん！#音ノ乃のの #worldismine #shorts #vtuber,2026-06-17T08:00:36Z,PT34S,364888,23710,631.0
ttguSi7SHO4,UCQmcltnre6aG9SkDRYZqFIg,아오쿠모 린,Aokumo Rin,CLICHE,'콩깍지',2026-06-16T09:00:34Z,PT8M1S,55910,2196,118.0
BCOFbw67Tv0,UCQmcltnre6aG9SkDRYZqFIg,아오쿠모 린,Aokumo Rin,CLICHE,클리셰로 야라라라!⚾️ #ヤラララ #야라라라 #shorts,2026-06-16T08:00:12Z,PT31S,407155,13783,402.0
Q8_rzejugFQ,UCQmcltnre6aG9SkDRYZqFIg,아오쿠모 린,Aokumo Rin,CLICHE,모라하지마! 모라하지마!😙 #모라하지마서버 #shorts #animation,2026-06-15T08:00:01Z,PT1M40S,797312,31985,652.0
WkQk6khP3CI,UCQmcltnre6aG9SkDRYZqFIg,아오쿠모 린,Aokumo Rin,CLICHE,명조하는데 에이메스가 없는 사람이 있다고~?,2026-06-13T09:00:20Z,PT8M1S,64931,2265,214.0
5sCbZfJQh-g,UCQmcltnre6aG9SkDRYZqFIg,아오쿠모 린,Aokumo Rin,CLICHE,마음예보💙 #心予幸 #eve #shorts,2026-06-12T08:00:39Z,PT18S,379823,19216,367.0
MrsE1WvTLcA,UCQmcltnre6aG9SkDRYZqFIg,아오쿠모 린,Aokumo Rin,CLICHE,여기 사장님 집이었어요...? [모라하지마 서버],2026-06-09T09:00:27Z,PT8M1S,51304,1688,97.0
T0HZoc0Yr-4,UCQmcltnre6aG9SkDRYZqFIg,아오쿠모 린,Aokumo Rin,CLICHE,느엥..,2026-06-08T09:00:16Z,PT8M1S,39992,1533,80.0
pgxzbTzvYdY,UCQmcltnre6aG9SkDRYZqFIg,아오쿠모 린,Aokumo Rin,CLICHE,[4K] 완전감각Dreamer (完全感覚Dreamer) / 아오쿠모 린(Aokumo Rin) Cover,2026-06-07T09:00:00Z,PT4M18S,244610,7203,443.0
tZQOhC9Ktas,UCQmcltnre6aG9SkDRYZqFIg,아오쿠모 린,Aokumo Rin,CLICHE,[4K] POP/STARS / Nerissa Ravencroft(네리사 레이븐크로프트) x 아오쿠모 린(Aokumo Rin) Cover,2026-06-06T09:00:24Z,PT3M17S,219206,10670,359.0
bBOUBCrx__c,UCQmcltnre6aG9SkDRYZqFIg,아오쿠모 린,Aokumo Rin,CLICHE,반품할래요... [모라하지마 서버],2026-06-05T09:00:00Z,PT8M3S,50021,1632,88.0
aACJnJRuCLs,UCQmcltnre6aG9SkDRYZqFIg,아오쿠모 린,Aokumo Rin,CLICHE,[4K] 귀엽기만 하면 안 되나요? (かわいいだけじゃだめですか？) / 아야츠노 유니 X 시라유키 히나 X 아오쿠모 린 Cover,2026-06-04T09:00:26Z,PT4M16S,269952,7056,405.0
GhHcaH6bAHQ,UCQmcltnre6aG9SkDRYZqFIg,아오쿠모 린,Aokumo Rin,CLICHE,[4K] 에고 록 (エゴロック) / 아야츠노 유니 X 아오쿠모 린 Cover,2026-06-03T09:00:24Z,PT2M57S,189975,5250,197.0
3T387_V801E,UCQmcltnre6aG9SkDRYZqFIg,아오쿠모 린,Aokumo Rin,CLICHE,린이 운다고??? [5월 핫클립],2026-06-02T09:00:33Z,PT9M13S,48897,1973,189.0
Rn7Vns5RJIk,UCQmcltnre6aG9SkDRYZqFIg,아오쿠모 린,Aokumo Rin,CLICHE,[4K] 있잖아 있잖아 있잖아. (ねぇねぇねぇ。) / 시라유키 히나 x 아오쿠모 린 Cover,2026-06-01T09:00:31Z,PT3M36S,240886,6819,321.0
52c6CGaZBD8,UCQmcltnre6aG9SkDRYZqFIg,아오쿠모 린,Aokumo Rin,CLICHE,[4K] 댄스 로봇 댄스 (ダンスロボットダンス) / 아오쿠모 린(Aokumo Rin) Cover,2026-05-31T09:00:13Z,PT3M17S,163638,5047,333.0
pZhrPsa5OuY,UCQmcltnre6aG9SkDRYZqFIg,아오쿠모 린,Aokumo Rin,CLICHE,나의 소개팅을 방해하는 내 친구 [생일 3D 컨텐츠],2026-05-29T09:00:32Z,PT8M3S,37252,1931,137.0
yccr-lSQpMI,UCQmcltnre6aG9SkDRYZqFIg,아오쿠모 린,Aokumo Rin,CLICHE,How tall are you? #shorts #meme #Stellive,2026-05-28T08:30:10Z,PT15S,390849,10726,227.0
rNWNl4v41Ss,UCQmcltnre6aG9SkDRYZqFIg,아오쿠모 린,Aokumo Rin,CLICHE,일단 다같이 뛰어 #에픽하이 #EPIKHIGH #Fan #shorts,2026-05-27T08:00:39Z,PT29S,297053,11068,444.0
wnBbcE_zopY,UCQmcltnre6aG9SkDRYZqFIg,아오쿠모 린,Aokumo Rin,CLICHE,맞잖아요 [생일 3D 컨텐츠],2026-05-26T09:00:34Z,PT8M6S,80973,3884,428.0
gyXOoNr_zfU,UCcA21_PzN1EhNe7xS4MJGsQ,하나코 나나,Hanako Nana,CLICHE,우산☂️안 챙기면 생기는 일.. #shorts #animation,2026-08-02T04:00:18Z,PT33S,156767,8463,256.0
Omk897AvmBc,UCcA21_PzN1EhNe7xS4MJGsQ,하나코 나나,Hanako Nana,CLICHE,서로의 함정에 빠져버린 거야 | 하나코 나나(Hanako Nana) 'Hush Trap' #shorts #vtuber #하나코나나 #스텔라이브,2026-08-01T04:00:32Z,PT30S,24425,3006,73.0
Zzf-cmJ15T0,UCcA21_PzN1EhNe7xS4MJGsQ,하나코 나나,Hanako Nana,CLICHE,세상 무엇보다 값비싼 보석이야 | 하나코 나나(Hanako Nana) 'Hush Trap' #shorts #vtuber #하나코나나 #스텔라이브,2026-07-31T08:00:23Z,PT29S,31145,3794,71.0
7d7Krcl-2a0,UCcA21_PzN1EhNe7xS4MJGsQ,하나코 나나,Hanako Nana,CLICHE,제가 정말 그 금을 다 가져도 되나요..?,2026-07-30T08:00:39Z,PT8M31S,58193,1862,87.0
SBhjyv0Y_YQ,UCcA21_PzN1EhNe7xS4MJGsQ,하나코 나나,Hanako Nana,CLICHE,미션을 확인했습니다🕵️ | 하나코 나나(Hanako Nana) 'Hush Trap' #shorts #vtuber #하나코나나 #스텔라이브,2026-07-30T05:00:17Z,PT20S,43804,4101,76.0
ubK_B8RgNkw,UCcA21_PzN1EhNe7xS4MJGsQ,하나코 나나,Hanako Nana,CLICHE,이제 이 하트는 제 겁니다🩷 | 하나코 나나(Hanako Nana) 'Hush Trap' #shorts #vtuber #하나코나나 #스텔라이브,2026-07-29T08:00:21Z,PT30S,60146,5178,118.0
NdrnOTJZ38c,UCcA21_PzN1EhNe7xS4MJGsQ,하나코 나나,Hanako Nana,CLICHE,한 번 정한 목표는 놓치지 않아! | 하나코 나나(Hanako Nana) 'Hush Trap' #shorts #vtuber #하나코나나 #스텔라이브,2026-07-28T08:00:19Z,PT30S,58523,4939,150.0
4BUcaa3lP5s,UCcA21_PzN1EhNe7xS4MJGsQ,하나코 나나,Hanako Nana,CLICHE,팰권운동가였던 저는 냥시사랑단이 되었어요,2026-07-27T08:00:35Z,PT8M17S,63263,2147,132.0
jvZRK7W7S9Y,UCcA21_PzN1EhNe7xS4MJGsQ,하나코 나나,Hanako Nana,CLICHE,하나코 나나(Hanako Nana) | 'Hush Trap',2026-07-26T09:00:06Z,PT3M21S,426811,16951,1160.0
EkkgbWHmS18,UCcA21_PzN1EhNe7xS4MJGsQ,하나코 나나,Hanako Nana,CLICHE,세상은 정나나 구불육바이러스로 인해 멸망했습니다~☆,2026-07-24T08:00:26Z,PT8M10S,89476,3215,299.0
kh_FnCaE4yQ,UCcA21_PzN1EhNe7xS4MJGsQ,하나코 나나,Hanako Nana,CLICHE,하나코 나나(Hanako Nana) | 'Hush Trap' Teaser,2026-07-22T09:00:08Z,PT28S,50006,3996,266.0
pMpr5D-zcls,UCcA21_PzN1EhNe7xS4MJGsQ,하나코 나나,Hanako Nana,CLICHE,진심으로 그렇게 생각하는 건 아니죠...? [포켓몬 도감 보기],2026-07-21T08:00:26Z,PT10M13S,91297,2698,226.0
bS2cGRxFZ0c,UCcA21_PzN1EhNe7xS4MJGsQ,하나코 나나,Hanako Nana,CLICHE,다이죠브이데쇼!✌️ #shorts #vtuber,2026-07-19T04:00:26Z,PT17S,314335,17852,432.0
N5v64VScLWw,UCcA21_PzN1EhNe7xS4MJGsQ,하나코 나나,Hanako Nana,CLICHE,어딜 내놓아도 부끄러운 동기 [핫클립],2026-07-18T04:00:23Z,PT8M57S,157963,4434,212.0
7pehwsK2MJg,UCcA21_PzN1EhNe7xS4MJGsQ,하나코 나나,Hanako Nana,CLICHE,"Yes, I'm a hot queen🩷【Deep Dive】춤춰봤습니다!! #shorts #vtuber #dance",2026-07-16T08:00:04Z,PT35S,195082,12909,458.0
NIzqywrIGXk,UCcA21_PzN1EhNe7xS4MJGsQ,하나코 나나,Hanako Nana,CLICHE,방송 망했습니다...,2026-07-15T08:00:12Z,PT8M9S,151681,4762,246.0
2JNg25H0vm4,UCcA21_PzN1EhNe7xS4MJGsQ,하나코 나나,Hanako Nana,CLICHE,마지 야바쿠네~? 갸루 나나 챌린지얏테미타요~ #shorts #memes,2026-07-14T08:00:29Z,PT13S,143820,8513,227.0
5JSyixgDFCs,UCcA21_PzN1EhNe7xS4MJGsQ,하나코 나나,Hanako Nana,CLICHE,나교수님의 애니메이션 설명 시간!!🏫 #오타쿠 #순애기사 #그긴거 #이세계,2026-07-12T04:00:25Z,PT8M7S,60149,2730,248.0
UoeqQ79OhJk,UCcA21_PzN1EhNe7xS4MJGsQ,하나코 나나,Hanako Nana,CLICHE,나나도 아웃라인 챌린지!🔫 #shorts,2026-07-11T04:00:32Z,PT17S,548253,13623,255.0
0_1JipY6rMA,UCcA21_PzN1EhNe7xS4MJGsQ,하나코 나나,Hanako Nana,CLICHE,디저트 이상형 월드컵하니까 속이 느글느글했는데 국밥 생각하니 속이 싹 편해집니다,2026-07-09T08:00:38Z,PT8M45S,108283,3436,243.0
aUVF5Tw9lz4,UCcA21_PzN1EhNe7xS4MJGsQ,하나코 나나,Hanako Nana,CLICHE,다 같이 도수치료 받고 왔어요!🌟 #animation #shorts,2026-07-08T08:00:23Z,PT30S,747300,16699,343.0
CeNT72MDq7E,UCcA21_PzN1EhNe7xS4MJGsQ,하나코 나나,Hanako Nana,CLICHE,수영복 입히는 게 그저 좋은 착한 후배들,2026-07-06T08:00:00Z,PT8M28S,75210,2421,121.0
xdcU4XGfd9c,UCcA21_PzN1EhNe7xS4MJGsQ,하나코 나나,Hanako Nana,CLICHE,고양이 선배를 혼자 두고 떠나면 생기는 일,2026-07-03T08:00:38Z,PT8M30S,80870,2518,99.0
Ieak_EW03gM,UCcA21_PzN1EhNe7xS4MJGsQ,하나코 나나,Hanako Nana,CLICHE,야랄 권위자님에게 감히 도전장을 내밀어 봅니다. 야를레이히 #shorts #vtuber,2026-07-01T08:00:26Z,PT22S,387805,14233,623.0
4H4_FmVlcNE,UCcA21_PzN1EhNe7xS4MJGsQ,하나코 나나,Hanako Nana,CLICHE,부산여자 설레게 하는 법,2026-06-30T08:00:15Z,PT8M6S,130879,4311,304.0
bHeNo0qY2iI,UCcA21_PzN1EhNe7xS4MJGsQ,하나코 나나,Hanako Nana,CLICHE,커플 헤어 스타일링⛩️ #animation #shorts,2026-06-29T08:00:03Z,PT33S,436492,12423,451.0
LxLIPLcNazA,UCcA21_PzN1EhNe7xS4MJGsQ,하나코 나나,Hanako Nana,CLICHE,하지만 준다고는 안 했어요 사장님,2026-06-27T04:00:28Z,PT8M5S,45019,1874,88.0
Kx6bZLXbaY0,UCcA21_PzN1EhNe7xS4MJGsQ,하나코 나나,Hanako Nana,CLICHE,오늘 뭐 먹지~?🍽️ #캡처 #shorts #저메추 #점메추,2026-06-26T08:00:19Z,PT3S,118535,3736,209.0
9IdBmTSClqw,UCcA21_PzN1EhNe7xS4MJGsQ,하나코 나나,Hanako Nana,CLICHE,넌 내 선배도 아니야 [모라하지마 서버],2026-06-24T08:00:11Z,PT12M18S,47565,1683,88.0
_pTBkDP1TE0,UCcA21_PzN1EhNe7xS4MJGsQ,하나코 나나,Hanako Nana,CLICHE,Loveit? - biz×ZERA(feat.LOLUET) / 하나코 나나 COVER,2026-06-22T13:00:06Z,PT2M27S,464336,14331,807.0
Diq4wCo6uYs,UCcA21_PzN1EhNe7xS4MJGsQ,하나코 나나,Hanako Nana,CLICHE,뜌타 야호-！브이스포 야호-！☆,2026-06-21T04:00:04Z,PT15M50S,39407,1843,101.0
BM52yvzvxH0,UCcA21_PzN1EhNe7xS4MJGsQ,하나코 나나,Hanako Nana,CLICHE,최대한 올려주세요✂️ #animation #shorts,2026-06-19T08:00:36Z,PT23S,295668,9755,277.0
xnvEZ-2dNB0,UCcA21_PzN1EhNe7xS4MJGsQ,하나코 나나,Hanako Nana,CLICHE,나라도 괜찮겠어? [핫클립],2026-06-17T08:00:30Z,PT8M1S,66671,3189,289.0
GVjYhJ0Jg-o,UCcA21_PzN1EhNe7xS4MJGsQ,하나코 나나,Hanako Nana,CLICHE,"무분별한 ZZIZZI 얘기, 하지 않습니다. #shorts",2026-06-16T08:00:08Z,PT41S,73467,4086,223.0
0HL091Poh8E,UCcA21_PzN1EhNe7xS4MJGsQ,하나코 나나,Hanako Nana,CLICHE,이터널 리턴 OST '불꽃' 불렀습니다!!🔥🔥 (feat. 코맹맹즈),2026-06-14T04:00:00Z,PT9M40S,36870,1775,110.0
26oU9dij9FQ,UCcA21_PzN1EhNe7xS4MJGsQ,하나코 나나,Hanako Nana,CLICHE,그 요원 오른쪽으로 갔어요💦💦💦 #shorts #animation,2026-06-12T08:00:07Z,PT21S,118865,5291,118.0
IbGA0CI9_-A,UCcA21_PzN1EhNe7xS4MJGsQ,하나코 나나,Hanako Nana,CLICHE,님 선이요 자매님 [모라하지마 서버],2026-06-10T08:00:18Z,PT22M58S,150321,3344,182.0
fvRAibMSUgY,UCcA21_PzN1EhNe7xS4MJGsQ,하나코 나나,Hanako Nana,CLICHE,일단 사🐟 #shorts #vtuber,2026-06-09T08:00:32Z,PT31S,65080,2520,72.0
COxRt2FoHjM,UCcA21_PzN1EhNe7xS4MJGsQ,하나코 나나,Hanako Nana,CLICHE,합방하다가 숨겨진 취향에 눈을 떠버린(?) 나 ㅋㅋㅋ,2026-06-07T07:30:06Z,PT9M56S,40893,1521,113.0
7KxOTKHok6Q,UCcA21_PzN1EhNe7xS4MJGsQ,하나코 나나,Hanako Nana,CLICHE,착하게 살려던 내 앞에 나타난 역대급 빌런 [모라하지마 서버],2026-06-04T08:00:25Z,PT11M21S,77453,2167,128.0
HIMKd6sIeW4,UCcA21_PzN1EhNe7xS4MJGsQ,하나코 나나,Hanako Nana,CLICHE,어떡해 과로로 망가지셨어,2026-06-01T08:00:05Z,PT8M7S,40193,1683,69.0
u0TVoqW9FUE,UCcA21_PzN1EhNe7xS4MJGsQ,하나코 나나,Hanako Nana,CLICHE,나나x타비 3D 간밧테 챌린지!📣 #頑張って #shorts #memes,2026-05-30T05:00:22Z,PT14S,213863,10361,295.0
56_OEabGbc8,UCcA21_PzN1EhNe7xS4MJGsQ,하나코 나나,Hanako Nana,CLICHE,선배 보고 자극받아서 헬스장을 갔는데...,2026-05-29T08:00:08Z,PT8M,122655,4444,383.0
G13CEMa91sg,UCcA21_PzN1EhNe7xS4MJGsQ,하나코 나나,Hanako Nana,CLICHE,과자 먹기 좋은 날🐦 #shorts #animation,2026-05-27T08:00:38Z,PT9S,303423,8898,252.0
dFtzFdP1n-c,UCcA21_PzN1EhNe7xS4MJGsQ,하나코 나나,Hanako Nana,CLICHE,커마로 우주를 지켰습니다,2026-05-26T08:00:32Z,PT9M20S,35413,1693,99.0
F7Ax4blTDQU,UCcA21_PzN1EhNe7xS4MJGsQ,하나코 나나,Hanako Nana,CLICHE,누울까? 확 누워버릴까..? [핫클립],2026-05-25T04:02:59Z,PT8M7S,32423,1712,122.0
SUJm8SX87DY,UCcA21_PzN1EhNe7xS4MJGsQ,하나코 나나,Hanako Nana,CLICHE,drivers license - Olivia Rodrigo / 하나코 나나 COVER,2026-05-24T08:30:06Z,PT4M5S,310592,10585,716.0
ztmAEr0I_Jg,UCcA21_PzN1EhNe7xS4MJGsQ,하나코 나나,Hanako Nana,CLICHE,밥빵면보다 감자가 좋은 사람,2026-05-23T05:30:15Z,PT8M42S,166301,5409,597.0
ryZI7glibzM,UCcA21_PzN1EhNe7xS4MJGsQ,하나코 나나,Hanako Nana,CLICHE,내 감동 돌려내!!!,2026-05-20T08:00:45Z,PT8M13S,53826,2350,159.0
obTdESqdX98,UCcA21_PzN1EhNe7xS4MJGsQ,하나코 나나,Hanako Nana,CLICHE,꼬꼬마 요원 선장 출동!!🌊 #shorts #memes,2026-05-18T08:00:51Z,PT15S,159540,7794,223.0
B4yjFnCcJys,UCj0c1jUr91dTetIQP2pFeLA,유즈하 리코,Yuzuha Riko,CLICHE,착해져라 얍! | 유즈하 리코 Yuzuha Riko '악당주의보' #vtuber #shorts #리코 #스텔라이브,2026-08-02T01:25:24Z,PT15S,73485,5046,96.0
tFERZWXA5Ec,UCj0c1jUr91dTetIQP2pFeLA,유즈하 리코,Yuzuha Riko,CLICHE,연습생 시절 녹음실에서 있었던 일,2026-08-01T07:15:08Z,PT8M2S,44287,2215,143.0
_a-94nb-qss,UCj0c1jUr91dTetIQP2pFeLA,유즈하 리코,Yuzuha Riko,CLICHE,한눈 팔면 죽는다잉? | 유즈하 리코 Yuzuha Riko '악당주의보' #vtuber #shorts #리코 #스텔라이브,2026-08-01T03:15:14Z,PT19S,62932,4791,85.0
MhdJaaEhiHc,UCj0c1jUr91dTetIQP2pFeLA,유즈하 리코,Yuzuha Riko,CLICHE,우리! 쓰레기 분리수거단 (我ら！ゴミ分別団) - 아오쿠모 린 x 유즈하 리코 (Aokumo Rin x Yuzuha Riko) Cover,2026-07-31T08:00:07Z,PT2M18S,184143,10296,748.0
6us_dEaBbxA,UCj0c1jUr91dTetIQP2pFeLA,유즈하 리코,Yuzuha Riko,CLICHE,공격 받아버렸당❤️ | 유즈하 리코 Yuzuha Riko '악당주의보' #vtuber #shorts #리코 #스텔라이브,2026-07-31T06:41:07Z,PT19S,108711,6849,136.0
IRgNo8QDEUY,UCj0c1jUr91dTetIQP2pFeLA,유즈하 리코,Yuzuha Riko,CLICHE,정말 명언이죠? #vtuber #shorts #스텔라이브 #리코 #용사툰,2026-07-30T06:10:12Z,PT37S,76222,4797,142.0
C5byi4v-bd4,UCj0c1jUr91dTetIQP2pFeLA,유즈하 리코,Yuzuha Riko,CLICHE,마 이리 온나! | 유즈하 리코 Yuzuha Riko '악당주의보' #vtuber #shorts #리코 #스텔라이브,2026-07-30T06:01:38Z,PT16S,130596,7101,144.0
0S4w-6ibft4,UCj0c1jUr91dTetIQP2pFeLA,유즈하 리코,Yuzuha Riko,CLICHE,닷닷닷다다다다닷 살짝 미쳐봐,2026-07-29T08:27:04Z,PT14M13S,105446,3268,171.0
0llL75q0Lns,UCj0c1jUr91dTetIQP2pFeLA,유즈하 리코,Yuzuha Riko,CLICHE,누가 악당일까~? | 유즈하 리코 Yuzuha Riko '악당주의보' #vtuber #shorts #리코 #스텔라이브,2026-07-28T04:30:03Z,PT17S,150451,7845,241.0
_g29-2fUPSA,UCj0c1jUr91dTetIQP2pFeLA,유즈하 리코,Yuzuha Riko,CLICHE,[4K] 팝핀 캔디☆피버! (Poppin' Candy☆Fever!) - キノシタ / 유즈하 리코 Yuzuha Riko & 아오쿠모 린 Aokumo Rin cover,2026-07-28T04:15:38Z,PT3M33S,84875,5590,327.0
p7jnlTehA2M,UCj0c1jUr91dTetIQP2pFeLA,유즈하 리코,Yuzuha Riko,CLICHE,클리셰의 이상한 햄버거 #vtuber #shorts #리코 #스텔라이브 #챌린지 #meme,2026-07-26T04:15:13Z,PT19S,583880,15522,279.0
NNUmmQ9xib4,UCj0c1jUr91dTetIQP2pFeLA,유즈하 리코,Yuzuha Riko,CLICHE,아랫집에 예민한 고양이가 이사왔다,2026-07-25T03:30:13Z,PT16M17S,144452,3633,154.0
P_oxx3_VpIY,UCj0c1jUr91dTetIQP2pFeLA,유즈하 리코,Yuzuha Riko,CLICHE,유즈하 리코(Yuzuha Riko) | '악당주의보',2026-07-24T09:00:07Z,PT3M7S,694818,24862,1814.0
6k6oZQPU19g,UCj0c1jUr91dTetIQP2pFeLA,유즈하 리코,Yuzuha Riko,CLICHE,축하빵 줄 서세요 #vtuber #shorts #스텔라이브 #리코 #용사툰,2026-07-23T06:07:07Z,PT20S,524324,19041,527.0
uGIaJlkdSKI,UCj0c1jUr91dTetIQP2pFeLA,유즈하 리코,Yuzuha Riko,CLICHE,하루동안 경험해본 2기생의 삶,2026-07-22T06:00:25Z,PT12M6S,90683,3162,230.0
Akx45HCYgf0,UCj0c1jUr91dTetIQP2pFeLA,유즈하 리코,Yuzuha Riko,CLICHE,[4K] セカイ(SEKAI) - DECO*27 & kemu / 유즈하 리코 (Yuzuha Riko) cover,2026-07-21T07:44:23Z,PT4M22S,81567,5951,347.0
dOC55CwWWz0,UCj0c1jUr91dTetIQP2pFeLA,유즈하 리코,Yuzuha Riko,CLICHE,숨는 건 약한 자만이 하는 짓이다 [메챠 카멜레온],2026-07-20T09:02:53Z,PT10M10S,100642,2940,179.0
CokAlegAnsM,UCj0c1jUr91dTetIQP2pFeLA,유즈하 리코,Yuzuha Riko,CLICHE,[4K] 사랑은 마치 - 뮤지컬 '레드북' No.9 / 유즈하 리코 (Yuzuha Riko) cover,2026-07-19T03:46:11Z,PT2M19S,95150,5813,374.0
6y-jHz_1r1Y,UCj0c1jUr91dTetIQP2pFeLA,유즈하 리코,Yuzuha Riko,CLICHE,어때 느낌 있지? #vtuber #shorts #스텔라이브 #리코 #용사툰 #유니 #강지 #타비 #마시로 #히나 #리제,2026-07-18T06:16:07Z,PT39S,705628,24192,374.0
2Z61sjn1P50,UCj0c1jUr91dTetIQP2pFeLA,유즈하 리코,Yuzuha Riko,CLICHE,유즈하 리코(Yuzuha Riko) | '악당주의보' Teaser,2026-07-16T09:00:18Z,PT25S,79701,5068,392.0
dhudKbeIMJg,UCj0c1jUr91dTetIQP2pFeLA,유즈하 리코,Yuzuha Riko,CLICHE,서머타임레코드 [サマータイムレコード / じん] / 유즈하 리코 (Yuzuha Riko) cover,2026-07-15T08:00:07Z,PT4M36S,250883,12062,774.0
-HOTej3TKXA,UCj0c1jUr91dTetIQP2pFeLA,유즈하 리코,Yuzuha Riko,CLICHE,챔피언들에게 극찬 받은 포켓몬 뉴비의 마지막 여정,2026-07-14T08:06:42Z,PT13M36S,105736,2297,145.0
M8mvXRaIxWE,UCj0c1jUr91dTetIQP2pFeLA,유즈하 리코,Yuzuha Riko,CLICHE,조카 놀리기에 진심인 엄마친구들,2026-07-12T06:37:38Z,PT16M57S,258529,6330,332.0
mTXxTdvz5Ug,UCj0c1jUr91dTetIQP2pFeLA,유즈하 리코,Yuzuha Riko,CLICHE,벗기면 부끄러워요 #vtuber #shorts #스텔라이브 #리코 #용사툰 #클리셰,2026-07-11T02:38:31Z,PT16S,612151,18843,371.0
t7Hv-zEc5ME,UCj0c1jUr91dTetIQP2pFeLA,유즈하 리코,Yuzuha Riko,CLICHE,죄송합니다 제가 먼저 친구 좀 할게요?,2026-07-09T06:44:52Z,PT12M59S,213923,3655,327.0
5YakLR9sQfw,UCj0c1jUr91dTetIQP2pFeLA,유즈하 리코,Yuzuha Riko,CLICHE,클리셰 최강의 로봇... #vtuber #shorts #스텔라이브 #리코 #용사툰 #클리셰,2026-07-08T06:00:22Z,PT28S,2065569,54386,900.0
GporSeBSuoE,UCj0c1jUr91dTetIQP2pFeLA,유즈하 리코,Yuzuha Riko,CLICHE,이런 고백 어때요? #vtuber #shorts #스텔라이브 #리코 #용사툰,2026-07-06T06:00:28Z,PT11S,486823,19537,455.0
fDv-xYiphqs,UCj0c1jUr91dTetIQP2pFeLA,유즈하 리코,Yuzuha Riko,CLICHE,마침내 사장님 귀에 들어간 고장난 출력장치,2026-07-05T07:47:59Z,PT12M9S,121770,3403,182.0
d3N3Ozatkos,UCj0c1jUr91dTetIQP2pFeLA,유즈하 리코,Yuzuha Riko,CLICHE,"14,000명이 지켜본 근본 초전설 뮤츠 오우너 등극 현장",2026-07-03T08:42:15Z,PT15M23S,168318,3482,217.0
X7pjwim9NHE,UCj0c1jUr91dTetIQP2pFeLA,유즈하 리코,Yuzuha Riko,CLICHE,"𝐏𝐥𝐚𝐲𝐥𝐢𝐬𝐭 힘들고 지칠 때 듣고 싶은 유즈하 리코 새벽 감성 방종곡 | 한로로, 최유리, 바운디 Vaundy, 손디아, 위수, 담소네 공방, 나이트오프",2026-07-01T17:07:09Z,PT39M34S,382759,16777,1513.0
KPx73Y4wtLs,UCj0c1jUr91dTetIQP2pFeLA,유즈하 리코,Yuzuha Riko,CLICHE,용사님은 초코칩 킬러 #vtuber #shorts #리코 #스텔라이브 #젠레스존제로 #hoyocreators #zenlesszonezero,2026-07-01T04:00:02Z,PT26S,185443,4923,101.0
Tev6N4CMkwo,UCj0c1jUr91dTetIQP2pFeLA,유즈하 리코,Yuzuha Riko,CLICHE,명조 공식마저 당황한 '진짜'들의 수준높은 토론회,2026-06-30T03:00:38Z,PT10M45S,60082,1980,132.0
O_1uN86akkE,UCj0c1jUr91dTetIQP2pFeLA,유즈하 리코,Yuzuha Riko,CLICHE,윤가놈 삼촌 멸치잖아요?,2026-06-28T07:01:40Z,PT14M34S,246725,4720,401.0
dpF1DJY3T_Q,UCj0c1jUr91dTetIQP2pFeLA,유즈하 리코,Yuzuha Riko,CLICHE,유즈하 리코 리미트 해제 #vtuber #shorts #리코 #스텔라이브 #젠레스존제로 #hoyocreators #zenlesszonezero,2026-06-28T06:33:55Z,PT23S,271982,7313,194.0
iFn3pVLiGhY,UCj0c1jUr91dTetIQP2pFeLA,유즈하 리코,Yuzuha Riko,CLICHE,오랜만에 진도 좀 빼볼까요 아지님?,2026-06-28T04:43:03Z,PT15M30S,46723,1811,147.0
ejAEf9jN8kc,UCj0c1jUr91dTetIQP2pFeLA,유즈하 리코,Yuzuha Riko,CLICHE,엘프가 뭔 빵이야 리코같은 슬렌더가 근본이지,2026-06-27T06:54:10Z,PT8M7S,38544,1506,128.0
UC8jrVPu9qI,UCj0c1jUr91dTetIQP2pFeLA,유즈하 리코,Yuzuha Riko,CLICHE,사장님이 사고치지 말랬잖아 선배!!!,2026-06-24T06:43:06Z,PT15M21S,172121,4119,183.0
SP7tYTR1GUo,UCj0c1jUr91dTetIQP2pFeLA,유즈하 리코,Yuzuha Riko,CLICHE,스텔 최고 애교쟁이의 냉정한 애교평가,2026-06-23T07:56:05Z,PT12M20S,42727,1549,74.0
CUP0f5okx40,UCj0c1jUr91dTetIQP2pFeLA,유즈하 리코,Yuzuha Riko,CLICHE,우리 이러는 거 사장님한텐 비밀이다?,2026-06-20T07:15:31Z,PT13M23S,56577,2470,261.0
26GXiHPmInA,UCj0c1jUr91dTetIQP2pFeLA,유즈하 리코,Yuzuha Riko,CLICHE,분명 유럽 여행이라고 들었는데요..,2026-06-19T06:40:22Z,PT8M6S,42851,1546,107.0
BzDQXIv-a_c,UCj0c1jUr91dTetIQP2pFeLA,유즈하 리코,Yuzuha Riko,CLICHE,팝송 부를 때 메모장이 필요한 이유 #vtuber #shorts #스텔라이브 #리코 #용사툰,2026-06-18T05:01:01Z,PT44S,130339,4677,149.0
Pag2ce3L4wc,UCj0c1jUr91dTetIQP2pFeLA,유즈하 리코,Yuzuha Riko,CLICHE,소속사 아이돌 손목 비트는 사장님,2026-06-17T07:20:16Z,PT8M29S,67016,2132,107.0
DnjkQIrsNy4,UCj0c1jUr91dTetIQP2pFeLA,유즈하 리코,Yuzuha Riko,CLICHE,갑작스러운 상견례,2026-06-14T07:13:56Z,PT10M34S,135310,4589,200.0
IOznx4aCyhI,UCj0c1jUr91dTetIQP2pFeLA,유즈하 리코,Yuzuha Riko,CLICHE,타비 선배가 내 친구 해주면 되잖아!! [용사님의 듀엣모험],2026-06-12T05:26:52Z,PT38M39S,85716,3075,177.0
1KfJbMyvmJw,UCj0c1jUr91dTetIQP2pFeLA,유즈하 리코,Yuzuha Riko,CLICHE,클리셰 미역국 챌린지!  #vtuber #shorts #리코 #스텔라이브 #챌린지 #meme #클리셰 #3D #미역국 #미역국챌린지,2026-06-11T08:01:28Z,PT13S,1225571,21199,447.0
h6Nma3mm5cA,UCj0c1jUr91dTetIQP2pFeLA,유즈하 리코,Yuzuha Riko,CLICHE,리코와 젠레스 학생증 vs 실물 #vtuber #shorts #리코 #스텔라이브 #젠레스존제로 #hoyocreators #zenlesszonezero,2026-06-10T05:41:42Z,PT22S,224625,5924,210.0
78cm858N7cE,UCj0c1jUr91dTetIQP2pFeLA,유즈하 리코,Yuzuha Riko,CLICHE,기념품샵에서 발견한 동기의 굿즈,2026-06-09T06:32:50Z,PT13M11S,36615,1438,78.0
2Ur5cqPmoGc,UCj0c1jUr91dTetIQP2pFeLA,유즈하 리코,Yuzuha Riko,CLICHE,두 사람이 같이 자면 항상 늦는다는 이야기가 있다,2026-06-08T05:30:22Z,PT13M48S,145361,4953,297.0
faEVPmC57Cc,UCj0c1jUr91dTetIQP2pFeLA,유즈하 리코,Yuzuha Riko,CLICHE,간바떼 챌린지! #vtuber #shorts #리코 #스텔라이브 #챌린지 #meme,2026-06-06T06:34:03Z,PT14S,388956,16821,358.0
7URtbHL_zzY,UCj0c1jUr91dTetIQP2pFeLA,유즈하 리코,Yuzuha Riko,CLICHE,리코의 외출 #vtuber #shorts #스텔라이브 #리코 #용사툰,2026-06-05T06:02:20Z,PT23S,517986,18396,352.0
