corp_code,corp_name,rcept_dt,report_nm,rcept_no
01375682,샌드박스네트워크,20260413,연결감사보고서 (2025.12),20260413002333
01375682,샌드박스네트워크,20260413,감사보고서 (2025.12),20260413002332
01375682,샌드박스네트워크,20250404,연결감사보고서 (2024.12),20250404003810
01375682,샌드박스네트워크,20250404,감사보고서 (2024.12),20250404003809
01375682,샌드박스네트워크,20240409,감사보고서 (2023.12),20240409000300
01375682,샌드박스네트워크,20230428,연결감사보고서 (2022.12),20230428001187
01375682,샌드박스네트워크,20230412,감사보고서 (2022.12),20230412001669
01375682,샌드박스네트워크,20220411,감사보고서 (2021.12),20220411000176
01375682,샌드박스네트워크,20210402,감사보고서 (2020.12),20210402001988
01375682,샌드박스네트워크,20200401,감사보고서 (2019.12),20200401001052
01906622,패러블엔터테인먼트,20260407,감사보고서 (2025.12),20260407000075
01605556,브레이브엔터테인먼트,20230414,감사보고서 (2022.12),20230414002029
01605556,브레이브엔터테인먼트,20230414,[기재정정]감사보고서 (2021.12),20230414001964
01605556,브레이브엔터테인먼트,20230411,[기재정정]감사보고서 (2021.12),20230411002569
01605556,브레이브엔터테인먼트,20220428,감사보고서 (2021.12),20220428000537
00399694,SOOP,20260904,주식소각결정              ,20260904900678
00399694,SOOP,20260904,주요사항보고서(유형자산양수결정),20260904000476
00399694,SOOP,20260824,기업설명회(IR)개최              ,20260824900435
00399694,SOOP,20260814,반기보고서 (2026.06),20260814003875
00399694,SOOP,20260813,주식등의대량보유상황보고서(일반),20260813001679
00399694,SOOP,20260731,연결재무제표기준영업(잠정)실적(공정공시)              ,20260731900758
00399694,SOOP,20260716,기업설명회(IR)개최              ,20260716900960
00399694,SOOP,20260629,주식등의대량보유상황보고서(일반),20260629000574
00399694,SOOP,20260610,주식등의대량보유상황보고서(약식),20260610000324
00399694,SOOP,20260604,임원ㆍ주요주주특정증권등소유상황보고서,20260604000388
00399694,SOOP,20260604,임원ㆍ주요주주특정증권등소유상황보고서,20260604000385
00399694,SOOP,20260604,임원ㆍ주요주주특정증권등소유상황보고서,20260604000373
00399694,SOOP,20260604,임원ㆍ주요주주특정증권등소유상황보고서,20260604000365
00399694,SOOP,20260515,분기보고서 (2026.03),20260515002654
00399694,SOOP,20260512,기업설명회(IR)개최              ,20260512900628
00399694,SOOP,20260508,주식등의대량보유상황보고서(약식),20260508000467
00399694,SOOP,20260430,임원ㆍ주요주주특정증권등소유상황보고서,20260430001881
00399694,SOOP,20260430,연결재무제표기준영업(잠정)실적(공정공시)              ,20260430900945
00399694,SOOP,20260416,기업설명회(IR)개최              ,20260416900529
00399694,SOOP,20260403,주식등의대량보유상황보고서(일반),20260403003663
00399694,SOOP,20260327,주식매수선택권부여에관한신고,20260327001659
00399694,SOOP,20260327,독립이사의선임ㆍ해임또는중도퇴임에관한신고,20260327001019
00399694,SOOP,20260327,기업가치제고계획(자율공시)              ,20260327901061
00399694,SOOP,20260327,대표이사변경              ,20260327901053
00399694,SOOP,20260327,정기주주총회결과              ,20260327901039
00399694,SOOP,20260319,사업보고서 (2025.12),20260319001348
00399694,SOOP,20260319,감사보고서제출              ,20260319900956
00399694,SOOP,20260312,주주총회집중일개최사유신고              ,20260312901765
00399694,SOOP,20260312,의결권대리행사권유참고서류,20260312001089
00399694,SOOP,20260312,주주총회소집공고,20260312001062
00399694,SOOP,20260312,주주총회소집결의              ,20260312901541
00399694,SOOP,20260306,임원ㆍ주요주주특정증권등소유상황보고서,20260306000860
00399694,SOOP,20260225,주식등의대량보유상황보고서(일반),20260225001364
00399694,SOOP,20260225,임원ㆍ주요주주특정증권등소유상황보고서,20260225001242
00399694,SOOP,20260225,임원ㆍ주요주주특정증권등소유상황보고서,20260225001236
00399694,SOOP,20260225,임원ㆍ주요주주특정증권등소유상황보고서,20260225001228
00399694,SOOP,20260220,주요사항보고서(자기주식처분결정),20260219002911
00399694,SOOP,20260212,연결재무제표기준영업(잠정)실적(공정공시)              ,20260212900789
00399694,SOOP,20260212,현금ㆍ현물배당결정              ,20260212900795
00399694,SOOP,20260212,수시공시의무관련사항(공정공시)              ,20260212900797
00399694,SOOP,20260130,기업설명회(IR)개최              ,20260130900844
00399694,SOOP,20260107,주식등의대량보유상황보고서(약식),20260107000500
00399694,SOOP,20251216,현금ㆍ현물배당을위한주주명부폐쇄(기준일)결정              ,20251216901437
00399694,SOOP,20251216,주주명부폐쇄기간또는기준일설정              ,20251216901434
00399694,SOOP,20251205,주식등의대량보유상황보고서(약식),20251205000137
00399694,SOOP,20251125,[기재정정]반기보고서 (2025.06),20251125000711
00399694,SOOP,20251125,[기재정정]분기보고서 (2025.03),20251125000693
00399694,SOOP,20251114,분기보고서 (2025.09),20251114003020
00399694,SOOP,20251031,연결재무제표기준영업(잠정)실적(공정공시)              ,20251031900026
00399694,SOOP,20251021,기업설명회(IR)개최              ,20251021900364
00399694,SOOP,20251010,주식등의대량보유상황보고서(약식),20251010000098
00399694,SOOP,20250908,주식등의대량보유상황보고서(약식),20250908000247
00399694,SOOP,20250814,반기보고서 (2025.06),20250814002664
00399694,SOOP,20250807,주식등의대량보유상황보고서(약식),20250807000258
00399694,SOOP,20250730,연결재무제표기준영업(잠정)실적(공정공시)              ,20250730900027
00399694,SOOP,20250715,기업설명회(IR)개최              ,20250715900103
00399694,SOOP,20250709,주식등의대량보유상황보고서(약식),20250709000468
00399694,SOOP,20250708,주식등의대량보유상황보고서(일반),20250708000245
00399694,SOOP,20250630,지속가능경영보고서등관련사항(자율공시)              ,20250630900325
00399694,SOOP,20250613,기업설명회(IR)개최              ,20250613900129
00399694,SOOP,20250515,분기보고서 (2025.03),20250515001621
00399694,SOOP,20250513,주식등의대량보유상황보고서(일반),20250513000517
00399694,SOOP,20250508,기업설명회(IR)개최              ,20250508900728
00399694,SOOP,20250429,연결재무제표기준영업(잠정)실적(공정공시)              ,20250429900047
00399694,SOOP,20250416,기업설명회(IR)개최              ,20250416900457
00399694,SOOP,20250408,주식등의대량보유상황보고서(약식),20250408003259
00399694,SOOP,20250407,주식등의대량보유상황보고서(약식),20250407003343
00399694,SOOP,20250328,주식등의대량보유상황보고서(일반),20250328002101
00399694,SOOP,20250328,주식매수선택권부여에관한신고,20250328002093
00399694,SOOP,20250328,독립이사의선임ㆍ해임또는중도퇴임에관한신고,20250328001740
00399694,SOOP,20250328,대표이사변경              ,20250328902430
00399694,SOOP,20250328,정기주주총회결과              ,20250328902406
00399694,SOOP,20250320,사업보고서 (2024.12),20250320001172
00399694,SOOP,20250320,감사보고서제출              ,20250320901284
00399694,SOOP,20250310,[첨부추가]주요사항보고서(타법인주식및출자증권양수결정),20250310000976
00399694,SOOP,20250310,주주총회집중일개최사유신고              ,20250310901362
00399694,SOOP,20250310,의결권대리행사권유참고서류,20250310000959
00399694,SOOP,20250310,주주총회소집공고,20250310000952
00399694,SOOP,20250310,[기재정정]사업보고서 (2021.12),20250310000946
00399694,SOOP,20250310,주주총회소집결의              ,20250310901141
00399694,SOOP,20250310,[기재정정]매출액또는손익구조30%(대규모법인은15%)이상변동              ,20250310901100
00399694,SOOP,20250310,[기재정정]감사보고서제출              (2023사업연도),20250310901045
00399694,SOOP,20250310,[기재정정]감사보고서제출              (2022사업연도),20250310901042
00399694,SOOP,20250310,[기재정정]감사보고서제출              (2021사업연도),20250310901034
00399694,SOOP,20250310,[기재정정]감사보고서제출              (2020사업연도),20250310901020
00399694,SOOP,20250310,[기재정정]감사보고서제출              ,20250310900899
00399694,SOOP,20250310,[기재정정]사업보고서 (2023.12),20250310000727
00399694,SOOP,20250310,[기재정정]사업보고서 (2022.12),20250310000722
00399694,SOOP,20250310,[기재정정]사업보고서 (2022.12),20250310000715
00399694,SOOP,20250310,[기재정정]사업보고서 (2020.12),20250310000703
00399694,SOOP,20250310,[기재정정]사업보고서 (2019.12),20250310000698
00399694,SOOP,20250306,주식등의대량보유상황보고서(약식),20250306000398
00399694,SOOP,20250214,기업설명회(IR)개최              ,20250214900905
00399694,SOOP,20250212,현금ㆍ현물배당결정              ,20250212900058
00399694,SOOP,20250212,연결재무제표기준영업(잠정)실적(공정공시)              ,20250212900050
00399694,SOOP,20250212,매출액또는손익구조30%(대규모법인은15%)이상변동              ,20250212900043
00399694,SOOP,20250210,주식등의대량보유상황보고서(약식),20250210000182
00399694,SOOP,20250124,기업설명회(IR)개최              ,20250124900506
00399694,SOOP,20250107,주식등의대량보유상황보고서(일반),20250107000348
00399694,SOOP,20241230,주식등의대량보유상황보고서(약식),20241230000069
00266961,NAVER,20260901,기업설명회(IR)개최(안내공시)              ,20260901800215
00266961,NAVER,20260826,대규모기업집단현황공시[분기별공시(대표회사용)],20260826000163
00266961,NAVER,20260814,임원ㆍ주요주주특정증권등소유상황보고서,20260814002859
00266961,NAVER,20260814,임원ㆍ주요주주특정증권등소유상황보고서,20260814002654
00266961,NAVER,20260814,임원ㆍ주요주주특정증권등소유상황보고서,20260814002598
00266961,NAVER,20260814,임원ㆍ주요주주특정증권등소유상황보고서,20260814002553
00266961,NAVER,20260814,임원ㆍ주요주주특정증권등소유상황보고서,20260814002506
00266961,NAVER,20260814,임원ㆍ주요주주특정증권등소유상황보고서,20260814002444
00266961,NAVER,20260814,반기보고서 (2026.06),20260814002266
00266961,NAVER,20260812,지급수단별ㆍ지급기간별지급금액및분쟁조정기구에관한사항,20260812000394
00266961,NAVER,20260810,주식등의대량보유상황보고서(약식),20260810000473
00266961,NAVER,20260807,임원ㆍ주요주주특정증권등소유상황보고서,20260807000722
00266961,NAVER,20260807,영업(잠정)실적(공정공시)              ,20260807800028
00266961,NAVER,20260807,연결재무제표기준영업(잠정)실적(공정공시)              ,20260807800026
00266961,NAVER,20260804,특수관계인에대한출자,20260804000335
00266961,NAVER,20260803,기업설명회(IR)개최(안내공시)              ,20260803800500
00266961,NAVER,20260608,[첨부추가]장래사업ㆍ경영계획(공정공시)              ,20260608800036
00266961,NAVER,20260729,특수관계인에대한부동산임대,20260729000235
00266961,NAVER,20260727,[기재정정]장래사업ㆍ경영계획(공정공시)              ,20260727800006
00266961,NAVER,20260727,주식소각결정              ,20260727800009
00266961,NAVER,20260727,주요사항보고서(유상증자결정),20260727000001
00266961,NAVER,20260716,임원ㆍ주요주주특정증권등소유상황보고서,20260716000658
00266961,NAVER,20260716,임원ㆍ주요주주특정증권등소유상황보고서,20260716000650
00266961,NAVER,20260716,임원ㆍ주요주주특정증권등소유상황보고서,20260716000644
00266961,NAVER,20260716,임원ㆍ주요주주특정증권등소유상황보고서,20260716000638
00266961,NAVER,20260716,임원ㆍ주요주주특정증권등소유상황보고서,20260716000625
00266961,NAVER,20260716,임원ㆍ주요주주특정증권등소유상황보고서,20260716000605
00266961,NAVER,20260716,임원ㆍ주요주주특정증권등소유상황보고서,20260716000599
00266961,NAVER,20260716,임원ㆍ주요주주특정증권등소유상황보고서,20260716000588
00266961,NAVER,20260716,임원ㆍ주요주주특정증권등소유상황보고서,20260716000579
00266961,NAVER,20260716,임원ㆍ주요주주특정증권등소유상황보고서,20260716000568
00266961,NAVER,20260716,임원ㆍ주요주주특정증권등소유상황보고서,20260716000560
00266961,NAVER,20260716,기업설명회(IR)개최(안내공시)              ,20260716800252
00266961,NAVER,20260706,[기재정정]주식교환ㆍ이전결정(종속회사의주요경영사항)              ,20260706800561
00266961,NAVER,20260701,주식등의대량보유상황보고서(약식),20260701000252
00266961,NAVER,20260626,임원ㆍ주요주주특정증권등소유상황보고서,20260626000476
00266961,NAVER,20260625,지속가능경영보고서등관련사항(자율공시)              ,20260625800114
00266961,NAVER,20260618,풍문또는보도에대한해명(미확정)              ,20260618800694
00266961,NAVER,20260618,임원ㆍ주요주주특정증권등소유상황보고서,20260618000276
00266961,NAVER,20260618,임원ㆍ주요주주특정증권등소유상황보고서,20260618000271
00266961,NAVER,20260618,임원ㆍ주요주주특정증권등소유상황보고서,20260618000260
00266961,NAVER,20260618,임원ㆍ주요주주특정증권등소유상황보고서,20260618000257
00266961,NAVER,20260618,임원ㆍ주요주주특정증권등소유상황보고서,20260618000233
00266961,NAVER,20260618,임원ㆍ주요주주특정증권등소유상황보고서,20260618000230
00266961,NAVER,20260618,임원ㆍ주요주주특정증권등소유상황보고서,20260618000224
00266961,NAVER,20260616,특수관계인과의내부거래,20260616000343
00266961,NAVER,20260616,특수관계인으로부터주식의취득,20260616000340
00266961,NAVER,20260610,임원ㆍ주요주주특정증권등소유상황보고서,20260610000431
00266961,NAVER,20260610,임원ㆍ주요주주특정증권등소유상황보고서,20260610000422
00266961,NAVER,20260610,임원ㆍ주요주주특정증권등소유상황보고서,20260610000413
00266961,NAVER,20260601,기업설명회(IR)개최(안내공시)              ,20260601801465
00266961,NAVER,20260601,[기재정정]대규모기업집단현황공시[연1회공시및1/4분기용(대표회사)],20260601000228
00266961,NAVER,20260529,기업지배구조보고서공시              ,20260529800258
00266961,NAVER,20260528,대규모기업집단현황공시[연1회공시및1/4분기용(대표회사)],20260528000474
00266961,NAVER,20260528,대규모기업집단현황공시[연1회(동일인용)],20260528000456
00266961,NAVER,20260521,임원ㆍ주요주주특정증권등소유상황보고서,20260521000437
00266961,NAVER,20260521,임원ㆍ주요주주특정증권등소유상황보고서,20260521000428
00266961,NAVER,20260521,임원ㆍ주요주주특정증권등소유상황보고서,20260521000391
00266961,NAVER,20260519,풍문또는보도에대한해명(미확정)              ,20260519800168
00266961,NAVER,20260515,분기보고서 (2026.03),20260515001511
00266961,NAVER,20260514,임원ㆍ주요주주특정증권등소유상황보고서,20260514000881
00266961,NAVER,20260514,임원ㆍ주요주주특정증권등소유상황보고서,20260514000862
00266961,NAVER,20260506,기업설명회(IR)개최(안내공시)              ,20260506800183
00266961,NAVER,20260430,영업(잠정)실적(공정공시)              ,20260430800024
00266961,NAVER,20260430,연결재무제표기준영업(잠정)실적(공정공시)              ,20260430800020
00266961,NAVER,20260417,임원ㆍ주요주주특정증권등소유상황보고서,20260417000575
00266961,NAVER,20260417,임원ㆍ주요주주특정증권등소유상황보고서,20260417000562
00266961,NAVER,20260417,임원ㆍ주요주주특정증권등소유상황보고서,20260417000543
00266961,NAVER,20260417,임원ㆍ주요주주특정증권등소유상황보고서,20260417000531
00266961,NAVER,20260417,임원ㆍ주요주주특정증권등소유상황보고서,20260417000508
00266961,NAVER,20260417,임원ㆍ주요주주특정증권등소유상황보고서,20260417000496
00266961,NAVER,20260417,임원ㆍ주요주주특정증권등소유상황보고서,20260417000484
00266961,NAVER,20260417,임원ㆍ주요주주특정증권등소유상황보고서,20260417000468
00266961,NAVER,20260417,임원ㆍ주요주주특정증권등소유상황보고서,20260417000457
00266961,NAVER,20260415,[기재정정]주식교환ㆍ이전결정(종속회사의주요경영사항)              ,20260415800586
00266961,NAVER,20260410,임원ㆍ주요주주특정증권등소유상황보고서,20260410002648
00266961,NAVER,20260410,기업설명회(IR)개최(안내공시)              ,20260410800301
00266961,NAVER,20260403,임원ㆍ주요주주특정증권등소유상황보고서,20260403002792
00266961,NAVER,20260330,[기재정정]주식교환ㆍ이전결정(종속회사의주요경영사항)              ,20260330801993
00266961,NAVER,20260323,[기재정정]주요사항보고서(자기주식처분결정),20260323001314
00266961,NAVER,20260323,[기재정정]주요사항보고서(자기주식처분결정),20260323001243
00266961,NAVER,20260323,[기재정정]주요사항보고서(자기주식처분결정),20260323001224
00266961,NAVER,20260323,[기재정정]주요사항보고서(자기주식처분결정),20260323001206
00266961,NAVER,20260323,정기주주총회결과              ,20260323801486
00266961,NAVER,20260323,독립이사의선임ㆍ해임또는중도퇴임에관한신고,20260323001095
00266961,NAVER,20260319,[기재정정]임원ㆍ주요주주특정증권등소유상황보고서,20260319000756
00266961,NAVER,20260319,임원ㆍ주요주주특정증권등소유상황보고서,20260319000681
00266961,NAVER,20260319,임원ㆍ주요주주특정증권등소유상황보고서,20260319000666
00266961,NAVER,20260313,사업보고서 (2025.12),20260313001021
00266961,NAVER,20260313,임원ㆍ주요주주특정증권등소유상황보고서,20260313001006
00266961,NAVER,20260313,임원ㆍ주요주주특정증권등소유상황보고서,20260313001000
00266961,NAVER,20260313,임원ㆍ주요주주특정증권등소유상황보고서,20260313000991
00266961,NAVER,20260313,임원ㆍ주요주주특정증권등소유상황보고서,20260313000982
00266961,NAVER,20260313,임원ㆍ주요주주특정증권등소유상황보고서,20260313000962
00266961,NAVER,20260313,임원ㆍ주요주주특정증권등소유상황보고서,20260313000941
00266961,NAVER,20260313,임원ㆍ주요주주특정증권등소유상황보고서,20260313000925
00266961,NAVER,20260313,임원ㆍ주요주주특정증권등소유상황보고서,20260313000920
00266961,NAVER,20260313,임원ㆍ주요주주특정증권등소유상황보고서,20260313000909
00266961,NAVER,20260313,임원ㆍ주요주주특정증권등소유상황보고서,20260313000890
00266961,NAVER,20260313,임원ㆍ주요주주특정증권등소유상황보고서,20260313000879
