video_id,channel_id,name_ko,name_en,unit,title,published_at,views,likes,comments,is_collab
pPDdcDSLHaI,UCIVFv8AiQLqM9oLHTixrNYw,강지,Kangji,STELLIVE,"【강지X너불】 ✿니아! (Near, ニア)✿ 「Korean Cover」",2018-04-14T09:45:30Z,6191549,35332.0,2041.0,False
rd2IJ3Ep02k,UCIVFv8AiQLqM9oLHTixrNYw,강지,Kangji,STELLIVE,【강지】*.Letter Song.* 「Korean Cover」,2018-11-28T07:00:02Z,4317115,35924.0,4782.0,False
y_G0NGdNMvc,UCIVFv8AiQLqM9oLHTixrNYw,강지,Kangji,STELLIVE,【강지X버니버니】 베텔기우스 ベテルギウス cover,2022-07-27T03:00:14Z,1393329,16334.0,971.0,False
L1KBaVHAdS8,UCIVFv8AiQLqM9oLHTixrNYw,강지,Kangji,STELLIVE,【강지】 내가 죽으려고 생각 한것은 한국어 커버 (僕が死のうと思ったのは korean cover),2018-07-14T04:15:02Z,13981616,129001.0,35899.0,False
LLSLauEge0s,UCIVFv8AiQLqM9oLHTixrNYw,강지,Kangji,STELLIVE,팬들과 함께한 - 그랜드 이스케이프 cover,2021-12-25T06:45:13Z,727605,11250.0,482.0,False
aXrgkZLIMEI,UCIVFv8AiQLqM9oLHTixrNYw,강지,Kangji,STELLIVE,【강지】 ✿회전하는 하늘 토끼! (回る空うさぎ)✿ 「Cover Song」,2018-01-26T04:00:00Z,396097,4944.0,419.0,False
oWdHhGpWXO8,UCIVFv8AiQLqM9oLHTixrNYw,강지,Kangji,STELLIVE,"【강지】 나, 아이돌 선언! (私、アイドル宣言) Korean Cover",2021-09-28T11:00:20Z,810408,12938.0,1007.0,False
OOmL3rFei3E,UCIVFv8AiQLqM9oLHTixrNYw,강지,Kangji,STELLIVE,【강지】 SeeU - 우산 어쿠스틱 cover,2020-04-17T07:26:42Z,1276768,17958.0,1989.0,False
5T_UR6CkJec,UCIVFv8AiQLqM9oLHTixrNYw,강지,Kangji,STELLIVE,【강지】호시아이(ホシアイ) Korean COVER,2019-03-14T07:05:51Z,2243001,18980.0,2102.0,False
m5XU_4r1yV0,UCIVFv8AiQLqM9oLHTixrNYw,강지,Kangji,STELLIVE,하나 둘 팬클럽 (いーあるふぁんくらぶ)ㅣ네네코 마시로 x 강지 Cover,2025-08-06T03:00:06Z,576069,12667.0,823.0,True
gMV8zSy1jlQ,UCIVFv8AiQLqM9oLHTixrNYw,강지,Kangji,STELLIVE,팬들과 함께한 - 촛불하나(GOD) cover,2020-12-25T07:00:11Z,1636833,27945.0,2320.0,False
psEqVJxGyCo,UCIVFv8AiQLqM9oLHTixrNYw,강지,Kangji,STELLIVE,"폴킴 - 모든 날, 모든 순간 cover 강지",2019-11-12T14:45:26Z,862359,13030.0,1455.0,False
9FSp73LQoPA,UCIVFv8AiQLqM9oLHTixrNYw,강지,Kangji,STELLIVE,【강지】 ☁비행운☁ 「Cover Song」,2018-03-14T05:00:00Z,1455317,15382.0,1264.0,False
26KnYSPNg6U,UCIVFv8AiQLqM9oLHTixrNYw,강지,Kangji,STELLIVE,【강지】 ✿방해쟁이! (おじゃま虫)✿ 「Korean Cover」,2018-08-22T07:00:00Z,2366498,19164.0,3352.0,False
1qKEf4xZUoo,UCIVFv8AiQLqM9oLHTixrNYw,강지,Kangji,STELLIVE,【강지X김블루】 밤과 별의 노래 - 온유 & 이진아 (COVER),2019-05-11T07:00:13Z,3831076,59719.0,10207.0,False
MHPTHq7JZc4,UCIVFv8AiQLqM9oLHTixrNYw,강지,Kangji,STELLIVE,【강지】빗소리 잔향 「Korean Cover」,2018-11-15T06:21:31Z,844025,9713.0,1336.0,False
Opzq1xJn8vY,UCIVFv8AiQLqM9oLHTixrNYw,강지,Kangji,STELLIVE,【강지X너불】 ✿동경 캐스터! (東京キャスター)✿ 「Korean Cover」,2017-11-23T04:04:54Z,8402677,48637.0,5535.0,False
D-KwX-PW7HY,UCIVFv8AiQLqM9oLHTixrNYw,강지,Kangji,STELLIVE,【강지】 ✿새벽과 반딧불이! (夜明けと蛍)✿ 「Korean Cover」,2017-10-04T05:00:00Z,491049,5899.0,417.0,False
YuqieYPZySY,UCIVFv8AiQLqM9oLHTixrNYw,강지,Kangji,STELLIVE,【강지X리타】 ✿StarCrew✿ (Acoustic) 「Korean Cover」,2018-03-25T02:00:01Z,1600223,11094.0,688.0,False
I1Fjr9BwIag,UCIVFv8AiQLqM9oLHTixrNYw,강지,Kangji,STELLIVE,【강지】세계는 사랑에 빠져있어(世界は恋に落ちている )Korean COVER,2019-02-28T08:08:51Z,1225371,14066.0,2031.0,False
WblMZx11jD8,UCIVFv8AiQLqM9oLHTixrNYw,강지,Kangji,STELLIVE,iKON(아이콘) - 사랑을 했다(LOVE SCENARIO) COVER by 강지X너불,2018-04-25T03:01:27Z,2203555,24109.0,2963.0,False
WxcSNaZCOU4,UCIVFv8AiQLqM9oLHTixrNYw,강지,Kangji,STELLIVE,"【강지】 금요일의 아침인사 (金曜日のおはよう) (한국어,Korean) Cover",2017-06-01T10:50:09Z,2049669,23323.0,2274.0,False
xEKkNNQoZh8,UCIVFv8AiQLqM9oLHTixrNYw,강지,Kangji,STELLIVE,【강지X단즈】 인도어계라면 트랙메이커 インドア系ならトラックメイカー Cover,2021-09-14T12:00:10Z,656657,10279.0,754.0,False
I0x6pQWUe7c,UCIVFv8AiQLqM9oLHTixrNYw,강지,Kangji,STELLIVE,【강지】팬서비스 (ファンサ) ー Cover,2022-05-04T07:44:53Z,737365,8847.0,490.0,False
AD-2EaRn3HM,UCIVFv8AiQLqM9oLHTixrNYw,강지,Kangji,STELLIVE,【강지】꼭두각시 피에로 (Piano arrange ver) 「Korean Cover」,2018-11-09T07:13:27Z,921980,12732.0,1618.0,False
QDIdN_eBvl0,UClbYIn9LDbbFZ9w2shX3K0g,아야츠노 유니,Ayatsuno Yuni,EVERYS,【아야츠노 유니 X 아이리 칸나】 점묘의 노래 (点描の唄) | Cover,2024-12-01T10:58:06Z,2837796,27983.0,2818.0,True
DeXGjW0baLo,UClbYIn9LDbbFZ9w2shX3K0g,아야츠노 유니,Ayatsuno Yuni,EVERYS,Lilac 「ライラック」 (Mrs. GREEN APPLE) - 아야츠노 유니 Cover,2025-09-18T09:30:06Z,1102220,14392.0,1099.0,False
6eb-U8R0nHQ,UClbYIn9LDbbFZ9w2shX3K0g,아야츠노 유니,Ayatsuno Yuni,EVERYS,【아야츠노 유니】 Mela! | Cover,2023-12-09T10:00:11Z,1061718,12402.0,699.0,False
3EPEqL_ap-M,UClbYIn9LDbbFZ9w2shX3K0g,아야츠노 유니,Ayatsuno Yuni,EVERYS,【아야츠노 유니 X 네네코 마시로】 해피 신디사이저 (ハッピーシンセサイザ) | Cover,2024-12-06T09:58:06Z,994301,11710.0,475.0,True
ZokeGI54Kqo,UClbYIn9LDbbFZ9w2shX3K0g,아야츠노 유니,Ayatsuno Yuni,EVERYS,【아야츠노 유니】 굿바이 선언 | Cover,2023-05-20T09:30:09Z,1968657,17220.0,1101.0,False
CGYa8wsbii4,UClbYIn9LDbbFZ9w2shX3K0g,아야츠노 유니,Ayatsuno Yuni,EVERYS,SUPERPOWER (2024 발로란트 챔피언스 테마곡)ㅣ아야츠노 유니 Arrange cover,2024-08-11T06:20:38Z,228008,4582.0,416.0,False
YJJbVAPTZLg,UClbYIn9LDbbFZ9w2shX3K0g,아야츠노 유니,Ayatsuno Yuni,EVERYS,【아야츠노 유니】 베텔기우스 | Cover,2023-01-28T09:00:06Z,1628895,16413.0,1158.0,False
yXemOzx8Cw8,UClbYIn9LDbbFZ9w2shX3K0g,아야츠노 유니,Ayatsuno Yuni,EVERYS,【아야츠노 유니】 사랑의 말 Ⅳ | Cover,2023-02-14T08:00:11Z,684378,5691.0,485.0,False
vPFzWl54pt0,UClbYIn9LDbbFZ9w2shX3K0g,아야츠노 유니,Ayatsuno Yuni,EVERYS,참생활 「真生活」 (KAKASHI) - 아야츠노 유니 Cover,2025-12-25T09:30:06Z,316312,7326.0,458.0,False
_iNHQuaKuig,UClbYIn9LDbbFZ9w2shX3K0g,아야츠노 유니,Ayatsuno Yuni,EVERYS,연애 서큘레이션 (恋愛サーキュレーション) - 아야츠노 유니 Cover,2025-05-20T15:00:07Z,724850,14347.0,1381.0,False
a6imWKGILZA,UClbYIn9LDbbFZ9w2shX3K0g,아야츠노 유니,Ayatsuno Yuni,EVERYS,【아야츠노 유니】 두근어질 (큐 큐라링) | Cover,2024-04-16T12:00:07Z,643107,8566.0,517.0,False
ZL5m1EDh-z8,UClbYIn9LDbbFZ9w2shX3K0g,아야츠노 유니,Ayatsuno Yuni,EVERYS,아이돌 (YOASOBI) / 아야츠노 유니 Cover,2023-07-15T09:00:11Z,738376,11742.0,1030.0,False
UKzvG2SP5wg,UClbYIn9LDbbFZ9w2shX3K0g,아야츠노 유니,Ayatsuno Yuni,EVERYS,【아야츠노 유니】 긍지높은 아이돌 誇り高きアイドル | 한국어Cover,2023-01-04T06:15:07Z,1137183,9459.0,541.0,False
k-HuCtuKjJg,UClbYIn9LDbbFZ9w2shX3K0g,아야츠노 유니,Ayatsuno Yuni,EVERYS,유니의 SUPERPOWER #아야츠노유니 #AyatsunoYuni #SUPERPOWER ##VALORANT #발로란트 #발로란트챔피언스서울 #발로란트  #cover #스텔라이브,2024-08-13T06:54:59Z,52405,2223.0,84.0,False
_RLWjE8Y0oU,UC0YQnenKBCu5sGb7H61n6HA,사키하네 후야,Sakihane Huya,EVERYS,커버곡 많관부!,2026-04-02T22:15:01Z,146111,6596.0,123.0,False
eeIMg68ug9Y,UC0YQnenKBCu5sGb7H61n6HA,사키하네 후야,Sakihane Huya,EVERYS,별자리가 될 수 있다면 (星座になれたら) l 사키하네 후야(Sakihane Huya) Cover,2025-09-19T11:00:06Z,1316362,20359.0,1994.0,False
VITNdv2ZywY,UC0YQnenKBCu5sGb7H61n6HA,사키하네 후야,Sakihane Huya,EVERYS,Booo! - TOKOTOKO l 사키하네 후야(Sakihane Huya) Cover,2026-07-07T11:30:06Z,176897,8862.0,562.0,False
Xo1Q-RPAk2c,UC0YQnenKBCu5sGb7H61n6HA,사키하네 후야,Sakihane Huya,EVERYS,푸른 하늘의 랩소디 [青空のラプソディ/ 코바야시네 메이드래곤 OP] l 사키하네 후야(Sakihane Huya) Cover,2026-03-30T10:00:06Z,681737,17002.0,1142.0,False
-RrbCkl3YJo,UC0YQnenKBCu5sGb7H61n6HA,사키하네 후야,Sakihane Huya,EVERYS,Melt CPK! Remix (初音ミク ver.) [ryo (supercell)] l 사키하네 후야(Sakihane Huya) Cover,2026-04-30T10:00:06Z,328654,11322.0,522.0,True
Sj51pWOnW1o,UC0YQnenKBCu5sGb7H61n6HA,사키하네 후야,Sakihane Huya,EVERYS,CHEWING LUV [아야츠노 유니] l 사키하네 후야(Sakihane Huya) Cover,2026-02-14T09:30:06Z,303236,14174.0,639.0,False
Am36NHSuCWQ,UC1afpiIuBDcjYlmruAa0HiA,시라유키 히나,Shirayuki Hina,UNIVERSE,사랑해줘 사랑해줘 사랑해줘 (愛して愛して愛して) | 시라유키 히나 Cover,2025-09-28T11:50:06Z,964803,16050.0,870.0,False
RGrSmTKmBA4,UC1afpiIuBDcjYlmruAa0HiA,시라유키 히나,Shirayuki Hina,UNIVERSE,I Really Want to Stay At Your House (Arrange ver.) | 시라유키 히나 Cover,2024-06-29T11:00:07Z,4677071,46916.0,1834.0,False
B5tz8rOMPlU,UC1afpiIuBDcjYlmruAa0HiA,시라유키 히나,Shirayuki Hina,UNIVERSE,악마의 아이 (悪魔の子) | 시라유키 히나 Cover,2025-09-18T12:00:06Z,1495014,16152.0,902.0,False
VWfZ12VvAn0,UC1afpiIuBDcjYlmruAa0HiA,시라유키 히나,Shirayuki Hina,UNIVERSE,Violet Evergarden - みちしるべ Ι Hina Short Cover #vtuber #shorts,2023-09-10T04:00:30Z,169142,10998.0,339.0,False
WykYeuqGxh8,UC1afpiIuBDcjYlmruAa0HiA,시라유키 히나,Shirayuki Hina,UNIVERSE,Melt (メルト/supercell ) | 시라유키 히나 Cover,2026-01-05T13:00:06Z,1005293,14815.0,865.0,False
_-uHa5KiR90,UC1afpiIuBDcjYlmruAa0HiA,시라유키 히나,Shirayuki Hina,UNIVERSE,피날레(フィナーレ。) / 시라유키 히나 Cover,2024-02-11T12:00:07Z,4738045,30516.0,1022.0,False
L1haw5kPB7Q,UC1afpiIuBDcjYlmruAa0HiA,시라유키 히나,Shirayuki Hina,UNIVERSE,만찬가『晩餐歌』 | 시라유키 히나 Cover,2025-01-05T12:00:06Z,2671748,22818.0,1073.0,False
D938bjFYmII,UC1afpiIuBDcjYlmruAa0HiA,시라유키 히나,Shirayuki Hina,UNIVERSE,새벽과 반딧불이(夜明けと蛍) | 시라유키 히나 Cover,2024-10-26T11:00:07Z,1889267,15133.0,705.0,False
bdapY46xR7A,UC1afpiIuBDcjYlmruAa0HiA,시라유키 히나,Shirayuki Hina,UNIVERSE,그저 네게 맑아라 (ただ君に晴れ) / 시라유키 히나 Cover,2024-01-13T09:00:11Z,3309107,20088.0,774.0,False
9hLbsRU2neM,UC1afpiIuBDcjYlmruAa0HiA,시라유키 히나,Shirayuki Hina,UNIVERSE,하루카「ハルカ」 | 시라유키 히나 Cover,2024-11-16T11:00:06Z,1027511,9469.0,401.0,False
Tmjy9uLbMFc,UC1afpiIuBDcjYlmruAa0HiA,시라유키 히나,Shirayuki Hina,UNIVERSE,봄을 기다리다(春を待つ) / 시라유키 히나 Cover,2024-05-10T11:30:07Z,2005526,12346.0,368.0,False
YVplo9mgtcs,UC1afpiIuBDcjYlmruAa0HiA,시라유키 히나,Shirayuki Hina,UNIVERSE,Lonely Universe(ロンリーユニバース) | 시라유키 히나(Shirayuki Hina) x 아오쿠모 린(Aokumo Rin) Cover,2025-05-23T11:00:06Z,935769,12586.0,496.0,True
NAu_CVmP-bw,UC1afpiIuBDcjYlmruAa0HiA,시라유키 히나,Shirayuki Hina,UNIVERSE,바다의 유령 (海の幽霊) - Kenshi Yonezu | 시라유키 히나 Cover,2026-02-16T11:00:06Z,768921,13147.0,761.0,False
7idkUwtf-0I,UC1afpiIuBDcjYlmruAa0HiA,시라유키 히나,Shirayuki Hina,UNIVERSE,계절범죄 - Miiro(미로) | 시라유키 히나 Cover,2026-01-31T11:00:06Z,1210992,18337.0,985.0,False
VhBXWT6Oqto,UC1afpiIuBDcjYlmruAa0HiA,시라유키 히나,Shirayuki Hina,UNIVERSE,17살의 노래(17さいのうた。) / 시라유키 히나 Cover,2024-06-10T12:15:06Z,2482329,16453.0,784.0,False
yRKJ5-vcMUI,UC1afpiIuBDcjYlmruAa0HiA,시라유키 히나,Shirayuki Hina,UNIVERSE,Mrs. GREEN APPLE - 춘수(春愁) | 시라유키 히나 Cover,2026-05-27T12:00:06Z,365083,9077.0,477.0,False
DzSb5b8ehdg,UC1afpiIuBDcjYlmruAa0HiA,시라유키 히나,Shirayuki Hina,UNIVERSE,「Orange(オレンジ) / 4월은 너의 거짓말 ED」| 시라유키 히나 Cover,2025-04-27T11:30:06Z,1787258,17148.0,1021.0,False
gBWIv6NvLcU,UC1afpiIuBDcjYlmruAa0HiA,시라유키 히나,Shirayuki Hina,UNIVERSE,낙향(都落ち) / 시라유키 히나 Cover,2023-06-08T06:00:09Z,7840661,44022.0,2261.0,False
YorjOBy85ck,UC1afpiIuBDcjYlmruAa0HiA,시라유키 히나,Shirayuki Hina,UNIVERSE,크리스마스 송(クリスマスソング) | 시라유키 히나 Cover,2025-12-25T11:00:07Z,445499,10349.0,532.0,False
DMk4_4Xytz4,UC1afpiIuBDcjYlmruAa0HiA,시라유키 히나,Shirayuki Hina,UNIVERSE,✧Alice in Musicland✧ | StelLive Cover,2024-11-24T12:05:06Z,2031132,32077.0,2679.0,False
xRkZVxvk55U,UC1afpiIuBDcjYlmruAa0HiA,시라유키 히나,Shirayuki Hina,UNIVERSE,"Sweet Dreams, My Dear(Lost Ark) / 시라유키 히나 Cover",2024-03-15T10:30:07Z,2714186,17550.0,855.0,False
fAgAE9JmnOs,UC1afpiIuBDcjYlmruAa0HiA,시라유키 히나,Shirayuki Hina,UNIVERSE,LADY - KenshiYonezu(米津玄師) | 시라유키 히나 Cover,2025-06-30T11:00:06Z,1706970,15270.0,678.0,False
WKY-KFCvm-A,UC1afpiIuBDcjYlmruAa0HiA,시라유키 히나,Shirayuki Hina,UNIVERSE,Summertime (cinnamons × evening cinema) | 시라유키 히나(Shirayuki Hina) x 하나코 나나(Hanako Nana) Cover,2025-07-30T11:00:32Z,1597899,17608.0,803.0,True
NcXfMM_TL3A,UC1afpiIuBDcjYlmruAa0HiA,시라유키 히나,Shirayuki Hina,UNIVERSE,ラプンツェル(Rapunzel) / 白雪ひな Cover,2024-03-29T11:30:07Z,1825579,11494.0,424.0,False
u1UbWeVxhpY,UC1afpiIuBDcjYlmruAa0HiA,시라유키 히나,Shirayuki Hina,UNIVERSE,드라마(Drama) / 시라유키 히나 Cover,2023-07-28T09:00:06Z,1524735,11553.0,618.0,False
EIii4EXsfsU,UC1afpiIuBDcjYlmruAa0HiA,시라유키 히나,Shirayuki Hina,UNIVERSE,"JANE DOE (Kenshi Yonezu, Hikaru Utada) | 시라유키 히나 x 아오쿠모 린 Cover",2025-10-27T12:10:06Z,1785029,24507.0,904.0,True
UcFBb927-kU,UC1afpiIuBDcjYlmruAa0HiA,시라유키 히나,Shirayuki Hina,UNIVERSE,ray - 초(超) 카구야 공주! Ver. / BUMP OF CHICKEN | 시라유키 히나 x 아카네 리제 Cover,2026-03-17T11:10:07Z,1179810,23007.0,1143.0,True
m0Db3CAxzsE,UC1afpiIuBDcjYlmruAa0HiA,시라유키 히나,Shirayuki Hina,UNIVERSE,YOASOBI - 군청(群青) | 시라유키 히나 Cover,2025-08-27T11:00:06Z,921741,12509.0,723.0,False
LxqwR1KE81o,UC1afpiIuBDcjYlmruAa0HiA,시라유키 히나,Shirayuki Hina,UNIVERSE,Acacia (BUMP OF CHICKEN) / Pokémon GOTCHA！| 시라유키 히나 Cover,2026-04-18T12:00:07Z,609357,13796.0,1159.0,False
5TwTZcYcse4,UC1afpiIuBDcjYlmruAa0HiA,시라유키 히나,Shirayuki Hina,UNIVERSE,Summertime❤️ (cover) #vtuber #shorts,2023-09-23T05:00:04Z,164055,9143.0,101.0,False
VTTQJNcmlD0,UC1afpiIuBDcjYlmruAa0HiA,시라유키 히나,Shirayuki Hina,UNIVERSE,내일 또 보자(またあした) - ふわりP | 시라유키 히나 Cover,2026-06-10T13:30:06Z,392187,12071.0,960.0,False
AvyBCk9ZIGA,UC1afpiIuBDcjYlmruAa0HiA,시라유키 히나,Shirayuki Hina,UNIVERSE,Islet - ときのこえ Ι Hina Cover #vtuber #shorts,2023-11-27T07:00:04Z,153154,8984.0,185.0,False
LOD3cnxgoZ0,UC1afpiIuBDcjYlmruAa0HiA,시라유키 히나,Shirayuki Hina,UNIVERSE,[4K] Mela! - 녹황색사회 (緑黄色社会) | 시라유키 히나 3D Live Cover,2026-02-15T05:00:21Z,287639,5785.0,307.0,False
9kvoxFiYmWU,UC1afpiIuBDcjYlmruAa0HiA,시라유키 히나,Shirayuki Hina,UNIVERSE,"깜빡임 (瞬き, back number) arrange ver. | 시라유키 히나 Cover",2025-11-21T12:00:06Z,1168517,13018.0,723.0,False
X5FVn2gCvQ0,UC1afpiIuBDcjYlmruAa0HiA,시라유키 히나,Shirayuki Hina,UNIVERSE,[4K] IU - 이 지금 (dlwlrma) | 시라유키 히나 3D Live Cover,2026-02-06T09:00:46Z,182324,3704.0,242.0,False
_4Pv7kBbT-4,UC1afpiIuBDcjYlmruAa0HiA,시라유키 히나,Shirayuki Hina,UNIVERSE,[4K] 팬서비스 (ファンサ / HoneyWorks) | 시라유키 히나 3D Live Cover,2026-01-29T07:18:10Z,211250,5424.0,350.0,False
i4JzPUvUD3E,UC1afpiIuBDcjYlmruAa0HiA,시라유키 히나,Shirayuki Hina,UNIVERSE,🌴자다 깨니 야자수🌴 l 寝起きヤシの木! Cover #vtuber #shorts,2023-10-14T07:30:17Z,435140,20875.0,250.0,False
4-m0OyXFbQ4,UC1afpiIuBDcjYlmruAa0HiA,시라유키 히나,Shirayuki Hina,UNIVERSE,[4K] Melt (メルト/supercell ) / 시라유키 히나 3D Live Cover,2026-05-22T07:00:02Z,156965,4273.0,288.0,False
bohC14KnON0,UC1afpiIuBDcjYlmruAa0HiA,시라유키 히나,Shirayuki Hina,UNIVERSE,[4K] 앨리스 인 냉동고 (Alice in 冷凍庫) / 시라유키 히나 3D Live Cover,2026-01-27T07:21:20Z,397352,6440.0,383.0,False
gz6R845UUNk,UC1afpiIuBDcjYlmruAa0HiA,시라유키 히나,Shirayuki Hina,UNIVERSE,"💘체인소맨: 레제편 OST💘 | JANE DOE (Kenshi Yonezu, Hikaru Utada) #cover #vtuber #shorts",2025-10-28T06:00:40Z,89454,4559.0,101.0,False
5XCNPiOq26M,UC1afpiIuBDcjYlmruAa0HiA,시라유키 히나,Shirayuki Hina,UNIVERSE,히나한테 팬서비스 받을 사람!!!!!!!!😋 / 시라유키 히나 3D Live Cover #ファンサ #HoneyWorks #vtuber #shorts,2026-02-14T04:00:11Z,107212,5537.0,207.0,False
R_eoK1fak2g,UC1afpiIuBDcjYlmruAa0HiA,시라유키 히나,Shirayuki Hina,UNIVERSE,IU - Strawberry Moon Ι Hina Short Cover #vtuber #shorts,2023-06-12T03:23:55Z,128667,6576.0,300.0,False
SSS67cjAQcU,UC_eeSpMBz8PG4ssdBPnP07g,네네코 마시로,Neneko Mashiro,UNIVERSE,귀여워서 미안해 [ 可愛くてごめん ] 마시로 cover  #마시로 #스텔라이브 #vtuber #cover #고양이 #귀여워서_미안해 #可愛くてごめん,2023-11-14T06:51:29Z,327558,17161.0,262.0,False
TFkPG0r-W5U,UC_eeSpMBz8PG4ssdBPnP07g,네네코 마시로,Neneko Mashiro,UNIVERSE,슈가로스(シュガーロス) l 네네코 마시로 Cover,2025-04-11T08:30:06Z,642470,8655.0,521.0,False
pnU-h63twZM,UC_eeSpMBz8PG4ssdBPnP07g,네네코 마시로,Neneko Mashiro,UNIVERSE,Pale (MIMI) / 네네코 마시로 Cover,2023-10-21T09:00:11Z,2085876,,716.0,False
5uOxZswwBx4,UC_eeSpMBz8PG4ssdBPnP07g,네네코 마시로,Neneko Mashiro,UNIVERSE,메이드지상주의 [メイド☆至上主義]ㅣ네네코 마시로 x 아오쿠모 린 Cover,2026-03-14T10:00:06Z,253194,7440.0,352.0,True
tmk0qlr4AeM,UC_eeSpMBz8PG4ssdBPnP07g,네네코 마시로,Neneko Mashiro,UNIVERSE,사랑하고 있는거야 (恋しているのさ) l  타비X마시로 COVER,2024-03-31T09:00:29Z,1393361,11723.0,488.0,False
Nse1CbmfIj4,UC_eeSpMBz8PG4ssdBPnP07g,네네코 마시로,Neneko Mashiro,UNIVERSE,연예인 (PSY)ㅣ네네코 마시로 Cover,2025-02-22T12:20:15Z,932827,15682.0,1273.0,False
Y3McmrSFy1E,UC_eeSpMBz8PG4ssdBPnP07g,네네코 마시로,Neneko Mashiro,UNIVERSE,퀘스천 (Question) / 네네코 마시로 Cover,2023-06-08T07:00:09Z,2078954,15734.0,803.0,False
gbqGQj5ZpIQ,UC_eeSpMBz8PG4ssdBPnP07g,네네코 마시로,Neneko Mashiro,UNIVERSE,자다깨니 야자수 (寝起きヤシの木) 마시로 cover #마시로 #스텔라이브 #vtuber #고양이 #cover #자다깨니_야자수 #寝起きヤシの木,2023-11-13T19:03:24Z,225570,10509.0,111.0,False
7gYDCoiV7cc,UC_eeSpMBz8PG4ssdBPnP07g,네네코 마시로,Neneko Mashiro,UNIVERSE,【 그 나라의 왕가는 이상해 】마시로 X 리제 COVER,2025-05-20T09:00:06Z,369887,8615.0,539.0,True
66axQApR3rM,UC_eeSpMBz8PG4ssdBPnP07g,네네코 마시로,Neneko Mashiro,UNIVERSE,우주 비행사의 노래 [うちゅうひこうしのうた] 마시로 cover,2023-12-25T10:00:08Z,661065,6596.0,347.0,False
RoPzUi4rt9A,UC_eeSpMBz8PG4ssdBPnP07g,네네코 마시로,Neneko Mashiro,UNIVERSE,메루메루메루메루메루메 [ 마시로 cover ],2023-08-27T23:55:54Z,40201,1365.0,316.0,False
aUZPqPyLD9s,UC_eeSpMBz8PG4ssdBPnP07g,네네코 마시로,Neneko Mashiro,UNIVERSE,とんとんまーえ！(쿵쿵 앞-으로!) - 네네코 마시로 Cover,2025-09-28T10:50:06Z,299887,7807.0,,False
0fl1T2Y7nT8,UC_eeSpMBz8PG4ssdBPnP07g,네네코 마시로,Neneko Mashiro,UNIVERSE,[ 유우리 빌리밀리언 ] 시로 cover  #마시로 #스텔라이브 #vtuber #고양이#유우리 #빌리밀리언 #ビリミリオン #優里,2023-10-04T03:38:59Z,91520,5059.0,105.0,False
0nVQggWAzyE,UC_eeSpMBz8PG4ssdBPnP07g,네네코 마시로,Neneko Mashiro,UNIVERSE,츄 다양성 (ちゅ、多様性 ) / 네네코 마시로 Cover,2024-02-18T07:00:07Z,968310,7725.0,391.0,False
bW_htBZ_emA,UC_eeSpMBz8PG4ssdBPnP07g,네네코 마시로,Neneko Mashiro,UNIVERSE,병명 상사병(病名恋ワズライ)ㅣ네네코 마시로 Cover,2025-06-10T12:30:06Z,477430,6448.0,373.0,False
sEYBQaw1vRs,UC_eeSpMBz8PG4ssdBPnP07g,네네코 마시로,Neneko Mashiro,UNIVERSE,"안녕, 꽃도둑씨 (さようなら、花泥棒さん ) / 네네코 마시로 Cover",2024-05-27T08:30:07Z,1232214,11345.0,482.0,False
f7uaxrWNIdE,UC_eeSpMBz8PG4ssdBPnP07g,네네코 마시로,Neneko Mashiro,UNIVERSE,망상 아스파탐 妄想アスパルテーム |  네네코 마시로 Cover,2026-06-10T13:00:06Z,136975,6692.0,390.0,False
DvFUMLxvyvw,UC_eeSpMBz8PG4ssdBPnP07g,네네코 마시로,Neneko Mashiro,UNIVERSE,댄스 로봇 댄스 (ダンスロボットダンス) / 네네코 마시로 Cover,2024-07-05T07:00:06Z,690331,6548.0,368.0,False
dsFD8CUiPZI,UC_eeSpMBz8PG4ssdBPnP07g,네네코 마시로,Neneko Mashiro,UNIVERSE,마즈피플 cover  #마시로 #스텔라이브 #vtuber #고양이 #김도 #마즈피플 #메탈슬러그 #shorts,2023-10-27T08:11:09Z,86018,3837.0,129.0,False
CyOAmEihVHs,UC7-m6jQLinZQWIbwm9W-1iw,아카네 리제,Akane Lize,UNIVERSE,Drowning (WOODZ)ㅣ아카네 리제 (Akane Lize) 【Cover】,2024-07-20T10:40:07Z,11493989,71155.0,3717.0,False
JarYu85ctNY,UC7-m6jQLinZQWIbwm9W-1iw,아카네 리제,Akane Lize,UNIVERSE,Golden - HUNTR/X (KPop Demon Hunters)ㅣ아카네 리제 x 아오쿠모 린 x 하나코 나나 【COVER】,2025-08-01T11:00:06Z,3587122,40960.0,2989.0,True
t6EzltrzGNo,UC7-m6jQLinZQWIbwm9W-1iw,아카네 리제,Akane Lize,UNIVERSE,선잠 (Leina) / 아카네 리제 Cover,2024-03-02T10:30:09Z,5974289,34170.0,940.0,False
dxsiVSbpm8k,UC7-m6jQLinZQWIbwm9W-1iw,아카네 리제,Akane Lize,UNIVERSE,[4K] 선잠 (Leina)ㅣ아카네 리제(Akane Lize) Live Cover,2025-10-30T08:00:57Z,1102478,17695.0,521.0,False
q2uHl6EJh-k,UC7-m6jQLinZQWIbwm9W-1iw,아카네 리제,Akane Lize,UNIVERSE,Surges (Orangestar)ㅣ아카네 리제(Akane Lize) 【COVER】,2025-09-20T12:20:06Z,3702676,30148.0,1038.0,False
lqU0yh_u7Qo,UC7-m6jQLinZQWIbwm9W-1iw,아카네 리제,Akane Lize,UNIVERSE,APT. (ROSÉ & Bruno Mars)ㅣ아카네 리제(Akane Lize) x 아오쿠모 린(Aokumo Rin) Cover,2024-12-01T09:30:06Z,2266198,24458.0,1042.0,True
ZMgLAy-VKe4,UC7-m6jQLinZQWIbwm9W-1iw,아카네 리제,Akane Lize,UNIVERSE,Melt (メルト)  ㅣ아카네 리제 【Cover】,2024-06-30T11:10:07Z,3841879,24767.0,911.0,False
AXfEu8_-d-k,UC7-m6jQLinZQWIbwm9W-1iw,아카네 리제,Akane Lize,UNIVERSE,シャンティ(SHANTI) [wotaku]ㅣ아카네 리제(Akane Lize) 【COVER】,2025-08-31T07:45:06Z,925586,13348.0,519.0,False
OzncrMNY7cw,UC7-m6jQLinZQWIbwm9W-1iw,아카네 리제,Akane Lize,UNIVERSE,Viva La Vida (Coldplay)ㅣ아카네 리제(Akane Lize) 【Arrange COVER】,2024-08-31T11:00:08Z,2193335,22348.0,784.0,False
xDsvYAnq324,UC7-m6jQLinZQWIbwm9W-1iw,아카네 리제,Akane Lize,UNIVERSE,뱀파이어 (ヴァンパイア)ㅣ아카네 리제(Akane Lize) 【COVER】,2025-06-11T12:30:06Z,2584697,22135.0,1181.0,False
fTqvR0U0EC4,UC7-m6jQLinZQWIbwm9W-1iw,아카네 리제,Akane Lize,UNIVERSE,내일의 밤하늘 초계반(アスノヨゾラ哨戒班)ㅣ아카네 리제(Akane Lize) 【COVER】,2025-02-04T11:00:07Z,9478741,55069.0,1976.0,False
cOLX5n5q4yc,UC7-m6jQLinZQWIbwm9W-1iw,아카네 리제,Akane Lize,UNIVERSE,雪解け (tayori) / Akane Lize Cover,2024-02-04T09:00:08Z,1264447,9259.0,414.0,False
3Y7Ek6YSGPE,UC7-m6jQLinZQWIbwm9W-1iw,아카네 리제,Akane Lize,UNIVERSE,청록[Blue Rock] - it'sㅣ아카네 리제(Akane Lize) 【COVER】,2026-07-04T11:45:06Z,642404,17593.0,978.0,False
LOpOiL7S_0I,UC7-m6jQLinZQWIbwm9W-1iw,아카네 리제,Akane Lize,UNIVERSE,주름 맞추기 [しわあわせ - Vaundy] ㅣ아카네 리제(Akane Lize) 【COVER】,2026-02-27T10:00:07Z,624525,15269.0,942.0,False
naWmFCbwi3M,UC7-m6jQLinZQWIbwm9W-1iw,아카네 리제,Akane Lize,UNIVERSE,괴물 (怪物) / 아카네 리제 Cover,2023-06-09T06:00:09Z,7297682,41037.0,1597.0,False
lbBbNysWWCo,UC7-m6jQLinZQWIbwm9W-1iw,아카네 리제,Akane Lize,UNIVERSE,나라는 것 (Mrs. GREEN APPLE) / 아카네 리제 Cover,2023-11-04T10:00:11Z,3203684,21425.0,625.0,False
d_YvT_ULGkc,UC7-m6jQLinZQWIbwm9W-1iw,아카네 리제,Akane Lize,UNIVERSE,절정찬가 (絶頂讃歌) / Akane Lize (Cover),2024-02-17T10:30:07Z,3008223,21253.0,590.0,False
209_dJOJa0Y,UC7-m6jQLinZQWIbwm9W-1iw,아카네 리제,Akane Lize,UNIVERSE,취한 줄을 모르고 (酔いどれ知らず)ㅣ아카네 리제(Akane Lize) 【COVER】,2025-07-13T08:40:06Z,1959942,18188.0,596.0,False
L-pn_xrqQkQ,UC7-m6jQLinZQWIbwm9W-1iw,아카네 리제,Akane Lize,UNIVERSE,Hollowness - 「미나미 / 美波」ㅣ아카네 리제(Akane Lize) 【COVER】,2026-05-23T10:00:06Z,587068,15448.0,1083.0,False
rRvumOvx21Y,UC7-m6jQLinZQWIbwm9W-1iw,아카네 리제,Akane Lize,UNIVERSE,케세라세라 [Mrs. GREEN APPLE - ケセラセラ] ㅣ아카네 리제(Akane Lize) 【COVER】,2025-12-18T14:00:06Z,2225717,23900.0,891.0,False
rwKB2Y1eYv8,UC7-m6jQLinZQWIbwm9W-1iw,아카네 리제,Akane Lize,UNIVERSE,로리제cover. 숙청! 로리신 레퀴엠☆..ロリ神レクイエム☆  #shigureui  #しぐれうい #粛聖ロリ神レクイエム #vtuber,2023-10-07T05:50:37Z,802376,31507.0,567.0,False
DHG3s8GF1DM,UC7-m6jQLinZQWIbwm9W-1iw,아카네 리제,Akane Lize,UNIVERSE,Stellar Stellar - [星街すいせい] ㅣ아카네 리제(Akane Lize) 【COVER】,2026-03-29T11:00:06Z,789412,20098.0,984.0,False
7zsY6Ex9dMI,UC7-m6jQLinZQWIbwm9W-1iw,아카네 리제,Akane Lize,UNIVERSE,밀월 Un・Deux・Trois (蜜月アン・ドゥ・トロワ)ㅣ아카네 리제(Akane Lize) 【COVER】,2024-10-01T11:59:07Z,950239,11454.0,585.0,False
CU8hsIhmkwc,UC7-m6jQLinZQWIbwm9W-1iw,아카네 리제,Akane Lize,UNIVERSE,orion - [米津玄師 / 요네즈 켄시] ㅣ아카네 리제(Akane Lize) 【COVER】,2026-04-19T10:45:07Z,733153,14522.0,631.0,False
pKPPV1RMk-c,UC7-m6jQLinZQWIbwm9W-1iw,아카네 리제,Akane Lize,UNIVERSE,프라이드 혁명 (プライド革命) / 아카네 리제 Cover,2024-06-11T13:00:07Z,2225370,13823.0,615.0,False
aH8Io8klASU,UC7-m6jQLinZQWIbwm9W-1iw,아카네 리제,Akane Lize,UNIVERSE,"JANE DOE (Kenshi Yonezu, Hikaru Utada) ㅣ아카네 리제(Akane Lize) 【COVER】",2025-10-23T10:30:06Z,1219696,22288.0,1197.0,False
_t4OxKtCHrg,UC7-m6jQLinZQWIbwm9W-1iw,아카네 리제,Akane Lize,UNIVERSE,舞台に立って(무대에 서서) - YOASOBIㅣ아카네 리제(Akane Lize) 【COVER】,2026-06-11T12:45:06Z,342145,10202.0,566.0,False
rE2ysuhZcfU,UC7-m6jQLinZQWIbwm9W-1iw,아카네 리제,Akane Lize,UNIVERSE,인스타에서 알고리즘탄 무반주 발묘 / 출항(抜錨)｜아카네 리제 COVER #vtuber #cover,2025-12-11T09:01:29Z,572698,23774.0,413.0,False
Wbzf3YE_pfI,UC7-m6jQLinZQWIbwm9W-1iw,아카네 리제,Akane Lize,UNIVERSE,Golden - HUNTR/X (KPop Demon Hunters)ㅣCover by Lize x Rin x Nana #golden #shorts,2025-08-02T08:00:35Z,363395,16927.0,338.0,True
bEgwL-XL05U,UC7-m6jQLinZQWIbwm9W-1iw,아카네 리제,Akane Lize,UNIVERSE,star walkin' ㅣ아카네리제 (Live cover)  티원 4시드의 엑조디아,2025-11-09T05:00:51Z,818956,12741.0,756.0,False
f3bB5GgEZxw,UC7-m6jQLinZQWIbwm9W-1iw,아카네 리제,Akane Lize,UNIVERSE,"벚꽃, 너, 그리고 나(サクラキミワタシ)ㅣ아카네 리제(Akane Lize) 【COVER】",2025-03-09T11:00:06Z,2589787,19829.0,918.0,False
SIBtVNjRois,UC7-m6jQLinZQWIbwm9W-1iw,아카네 리제,Akane Lize,UNIVERSE,Bunny Girl (AKASAKI)ㅣ아카네 리제(Akane Lize) 【COVER】,2025-10-01T12:00:06Z,1977727,21831.0,865.0,False
R_B4tmy2DVA,UC7-m6jQLinZQWIbwm9W-1iw,아카네 리제,Akane Lize,UNIVERSE,출항 [抜錨(발묘) / 나나호시 관현악단 ナナホシ管弦楽団] ㅣ아카네 리제(Akane Lize) 【COVER】,2025-12-04T10:30:06Z,11933087,94756.0,4093.0,False
O8p_SsnHGhM,UC7-m6jQLinZQWIbwm9W-1iw,아카네 리제,Akane Lize,UNIVERSE,[4K] 가면무도회ㅣ아카네 리제(Akane Lize) Live Cover,2025-10-18T09:00:29Z,402665,7571.0,484.0,False
yCVZq40vqLk,UC7-m6jQLinZQWIbwm9W-1iw,아카네 리제,Akane Lize,UNIVERSE,괴수의 꽃노래 (怪獣の花唄) / 아카네 리제 Cover,2024-05-04T10:00:07Z,3743658,25753.0,707.0,False
nuBn3s1snr4,UC7-m6jQLinZQWIbwm9W-1iw,아카네 리제,Akane Lize,UNIVERSE,리제와 1000일을 함께해줘서 고맙느뇨❤️ #vtuber #shorts #cover,2026-03-06T05:48:27Z,304777,19079.0,658.0,False
mFph7olJexc,UC7-m6jQLinZQWIbwm9W-1iw,아카네 리제,Akane Lize,UNIVERSE,원하는 노래가 없어 아쉬웠던 당신을 위한 거짓말 같은 플레이리스트 #vtuber #shorts #cover,2026-04-01T06:30:16Z,285681,17494.0,355.0,False
Pgd_XVwBVU0,UCAHVQ44O81aehLWfy9O6Elw,아라하시 타비,Arahashi Tabi,UNIVERSE,死神(사신) / 아라하시 타비 Cover,2024-10-31T07:59:07Z,2410193,20316.0,852.0,False
3qRN6mQJ4K4,UCAHVQ44O81aehLWfy9O6Elw,아라하시 타비,Arahashi Tabi,UNIVERSE,야화(Night Flower)ㅣ아라하시 타비 x 하나코 나나 「COVER」,2025-06-15T09:29:06Z,1597324,18854.0,1296.0,True
1rPwUSi_1SA,UCAHVQ44O81aehLWfy9O6Elw,아라하시 타비,Arahashi Tabi,UNIVERSE,SODA POP [Saja Boys] - 아라하시 타비 Cover,2025-09-27T10:44:06Z,777516,14020.0,1034.0,False
-uRxUMJ-exw,UCAHVQ44O81aehLWfy9O6Elw,아라하시 타비,Arahashi Tabi,UNIVERSE,Healer [DAY6] ㅣ아라하시 타비(Arahashi Tabi) 「COVER」,2025-09-07T11:59:06Z,877889,10962.0,908.0,False
gGQqeRJub3E,UCAHVQ44O81aehLWfy9O6Elw,아라하시 타비,Arahashi Tabi,UNIVERSE,HERO (LUCY) / 아라하시 타비 Cover,2024-06-11T10:00:07Z,1834171,15412.0,1073.0,False
HBoqsgRoDw4,UCAHVQ44O81aehLWfy9O6Elw,아라하시 타비,Arahashi Tabi,UNIVERSE,첫사랑 ( 백아 ) / 아라하시 타비 Cover,2024-03-27T08:00:06Z,2846755,18234.0,866.0,False
5j8voUwxzmU,UCAHVQ44O81aehLWfy9O6Elw,아라하시 타비,Arahashi Tabi,UNIVERSE,낮에 뜨는 달 ( 안예은 ) / 아라하시 타비 Cover,2023-12-08T11:00:08Z,3772080,22324.0,1004.0,False
4nVjnxK4j0c,UCAHVQ44O81aehLWfy9O6Elw,아라하시 타비,Arahashi Tabi,UNIVERSE,행운을 빌어 줘[A journey] - 원필(DAY6)ㅣ아라하시 타비 Cover,2026-06-11T12:59:06Z,649640,14273.0,1528.0,False
X4nHbp5Rm08,UCAHVQ44O81aehLWfy9O6Elw,아라하시 타비,Arahashi Tabi,UNIVERSE,한 페이지가 될 수 있게 [DAY6]ㅣ아라하시 타비X네코타 츠나 「COVER」,2026-02-14T08:59:06Z,823245,19372.0,881.0,False
PybjJ4CUDF8,UCAHVQ44O81aehLWfy9O6Elw,아라하시 타비,Arahashi Tabi,UNIVERSE,BE SOMEBODY (육성재) / 아라하시 타비 Cover,2024-09-07T10:00:07Z,1562665,12161.0,592.0,False
1HCo6-YL9AY,UCAHVQ44O81aehLWfy9O6Elw,아라하시 타비,Arahashi Tabi,UNIVERSE,Ref:rain - Aimerㅣ아라하시 타비(Arahashi Tabi) 「COVER」,2025-08-26T13:59:06Z,1042704,12522.0,929.0,False
e2Jn_8JWtNw,UCAHVQ44O81aehLWfy9O6Elw,아라하시 타비,Arahashi Tabi,UNIVERSE,Number one rockstar [다영 DAYOUNG] - 아라하시 타비 Cover,2025-12-25T08:59:06Z,411409,8246.0,464.0,False
CmaLZo-DTlU,UCAHVQ44O81aehLWfy9O6Elw,아라하시 타비,Arahashi Tabi,UNIVERSE,"さよーならまたいつか！(안녕, 또 언젠가!) / 아라하시 타비 x 네네코 마시로 Cover",2024-11-30T07:59:06Z,525817,10665.0,470.0,True
mdPLl3he6A0,UCAHVQ44O81aehLWfy9O6Elw,아라하시 타비,Arahashi Tabi,UNIVERSE,[4K] LADY (요네즈 켄시)ㅣ아라하시 타비(Arahashi Tabi) 「Live Cover」,2026-02-18T08:30:33Z,201690,6564.0,534.0,False
prBtBX0wGxc,UCAHVQ44O81aehLWfy9O6Elw,아라하시 타비,Arahashi Tabi,UNIVERSE,사랑 감기에 실려 [恋風邪にのせて - Vaundy]ㅣ아라하시 타비 Cover,2026-03-28T08:59:07Z,720645,14021.0,1072.0,False
Y52kljOrCsc,UCAHVQ44O81aehLWfy9O6Elw,아라하시 타비,Arahashi Tabi,UNIVERSE,그 여름에 피어나 (あの夏に咲け) / 아라하시 타비 Cover,2023-09-18T12:57:22Z,1140259,9557.0,661.0,False
39_zaFVluAw,UCAHVQ44O81aehLWfy9O6Elw,아라하시 타비,Arahashi Tabi,UNIVERSE,밤새도록 널 생각해[夜もすがら君想ふ] - TOKOTOKOㅣ아라하시 타비 Cover,2026-06-20T10:59:06Z,315825,10759.0,784.0,False
X_DtMlNxfrY,UCAHVQ44O81aehLWfy9O6Elw,아라하시 타비,Arahashi Tabi,UNIVERSE,아라하시 타비 3D Cover 米津玄師 - Lady,2025-04-03T03:30:18Z,253716,9165.0,285.0,False
D2x5OqKucoE,UCAHVQ44O81aehLWfy9O6Elw,아라하시 타비,Arahashi Tabi,UNIVERSE,아라하시 타비 3D Cover tuki. - 純恋愛のインゴット 순연애의 잉곳,2025-04-01T03:30:11Z,446816,14263.0,414.0,False
x534cEGwAEA,UCAHVQ44O81aehLWfy9O6Elw,아라하시 타비,Arahashi Tabi,UNIVERSE,새봄의 노래 (Beginning)ㅣ아라하시 타비(Arahashi Tabi) 「COVER」,2025-06-11T11:59:06Z,690141,8888.0,930.0,False
PwxagSVntS4,UCAHVQ44O81aehLWfy9O6Elw,아라하시 타비,Arahashi Tabi,UNIVERSE,[4K] 순연애의 잉곳(純恋愛のインゴット)ㅣ아라하시 타비(Arahashi Tabi) 「Live Cover」,2026-03-02T08:30:14Z,245038,6307.0,464.0,False
W-Xr4ceMOXI,UCAHVQ44O81aehLWfy9O6Elw,아라하시 타비,Arahashi Tabi,UNIVERSE,그 여름의 어느 날은 (あの夏のいつかは) / 아라하시 타비 Cover,2023-06-09T07:00:11Z,1704308,11568.0,826.0,False
Nt9LQLycIZk,UCYxLMfeX1CbMBll9MsGlzmw,텐코 시부키,Tenko Shibuki,CLICHE,KING (Kanaria) / 텐코 시부키 x 아오쿠모 린 (Tenko Shibuki x Aokumo Rin) Cover,2025-08-24T09:30:07Z,1359684,14597.0,644.0,True
G5A-UDCxUiI,UCYxLMfeX1CbMBll9MsGlzmw,텐코 시부키,Tenko Shibuki,CLICHE,Leo (レオ) / 텐코 시부키(Tenko Shibuki) cover,2024-09-30T12:00:22Z,3023866,23999.0,1161.0,False
d281GlN0nWo,UCYxLMfeX1CbMBll9MsGlzmw,텐코 시부키,Tenko Shibuki,CLICHE,푸름과 여름 (Mrs. GREEN APPLE) / 텐코 시부키(Tenko Shibuki) cover,2025-08-09T10:30:07Z,1982515,17327.0,651.0,False
bJqdy8925Oc,UCYxLMfeX1CbMBll9MsGlzmw,텐코 시부키,Tenko Shibuki,CLICHE,생명에게 미움받고 있어 (命に嫌われている。) / 텐코 시부키(Tenko Shibuki) cover,2025-11-14T10:00:08Z,2553527,24120.0,1224.0,False
I8hFyN32Ysk,UCYxLMfeX1CbMBll9MsGlzmw,텐코 시부키,Tenko Shibuki,CLICHE,DAYBREAK FRONTLINE / 텐코 시부키(Tenko Shibuki) cover,2026-01-31T08:00:06Z,1473651,19382.0,975.0,False
4OzmA6a8sqY,UCYxLMfeX1CbMBll9MsGlzmw,텐코 시부키,Tenko Shibuki,CLICHE,있잖아 있잖아 있잖아 (ねぇねぇねぇ。) / 텐코 시부키(Tenko Shibuki) x 유즈하 리코(Yuzuha Riko) cover,2025-04-26T08:00:07Z,1496816,16418.0,578.0,True
AH8sMk7otKU,UCYxLMfeX1CbMBll9MsGlzmw,텐코 시부키,Tenko Shibuki,CLICHE,친애하는 소년이여 (拝啓、少年よ / Hump Back)  / 텐코 시부키 (Tenko Shibuki) cover,2026-06-29T08:30:06Z,600470,15973.0,803.0,False
9KFsI34I1bs,UCYxLMfeX1CbMBll9MsGlzmw,텐코 시부키,Tenko Shibuki,CLICHE,UNDEAD (YOASOBI) / 텐코 시부키(Tenko Shibuki) cover,2025-07-05T12:20:07Z,2115826,21278.0,833.0,False
sWZoIawG0tA,UCYxLMfeX1CbMBll9MsGlzmw,텐코 시부키,Tenko Shibuki,CLICHE,여우비 / 텐코 시부키(Tenko Shibuki) cover,2024-08-09T11:00:07Z,4652172,30937.0,1524.0,False
vD5g9qVz4zg,UCYxLMfeX1CbMBll9MsGlzmw,텐코 시부키,Tenko Shibuki,CLICHE,ラブレター (YOASOBI) / 텐코 시부키(Tenko Shibuki) cover,2026-02-14T08:30:06Z,781058,12929.0,606.0,False
KtZi0BN6lwg,UCYxLMfeX1CbMBll9MsGlzmw,텐코 시부키,Tenko Shibuki,CLICHE,너에게 메롱(一二三) / 텐코 시부키(Tenko Shibuki) cover,2024-05-16T08:00:07Z,6865916,42338.0,2484.0,False
6cv-HiNVgqA,UCYxLMfeX1CbMBll9MsGlzmw,텐코 시부키,Tenko Shibuki,CLICHE,Sabotage (緑黄色社会) / 텐코 시부키(Tenko Shibuki) cover,2024-12-06T09:00:24Z,1413684,11512.0,400.0,False
L_QZzYfB9Ro,UCYxLMfeX1CbMBll9MsGlzmw,텐코 시부키,Tenko Shibuki,CLICHE,[4K] 여우비 / 텐코 시부키 3D Live Cover,2026-05-29T09:00:55Z,148574,3512.0,225.0,False
yA25-F9SJh0,UCYxLMfeX1CbMBll9MsGlzmw,텐코 시부키,Tenko Shibuki,CLICHE,행복에 대해 내가 생각한 것 『幸せについて、僕が考えたこと』 / 텐코 시부키(Tenko Shibuki) cover,2026-03-21T13:20:07Z,1197822,24601.0,1336.0,False
uh5S_kOWn4Y,UCYxLMfeX1CbMBll9MsGlzmw,텐코 시부키,Tenko Shibuki,CLICHE,Baby you #vtuber #shorts #cover #시부키,2024-05-29T08:00:20Z,160483,10774.0,440.0,False
So0ba8NuUq0,UCYxLMfeX1CbMBll9MsGlzmw,텐코 시부키,Tenko Shibuki,CLICHE,[4K] 신의 뜻대로 [ 神のまにまにㅣれるりり] / 텐코 시부키 x 아오쿠모 린 x 하나코 나나 x 유즈하 리코 3D Live Cover,2026-06-05T08:00:59Z,594494,11681.0,459.0,True
QbSMSvVMHqU,UCYxLMfeX1CbMBll9MsGlzmw,텐코 시부키,Tenko Shibuki,CLICHE,겨울의 선물 (冬のプレゼント) / 텐코 시부키(Tenko Shibuki) cover,2024-12-25T10:10:21Z,1139927,10049.0,472.0,False
Ho-tW7OsO54,UCYxLMfeX1CbMBll9MsGlzmw,텐코 시부키,Tenko Shibuki,CLICHE,SOS (마유즈미 후유코) / 텐코 시부키(Tenko Shibuki) cover,2025-03-21T09:31:45Z,818737,9991.0,562.0,False
30dd8K_i-38,UCYxLMfeX1CbMBll9MsGlzmw,텐코 시부키,Tenko Shibuki,CLICHE,메리크리(メリクリ) BoA / 텐코 시부키(Tenko Shibuki) cover,2025-12-25T09:45:26Z,671527,11139.0,683.0,False
ffF1XHKR5Ug,UCYxLMfeX1CbMBll9MsGlzmw,텐코 시부키,Tenko Shibuki,CLICHE,눈싸움 (睨めっ娘) / 텐코 시부키(Tenko Shibuki) cover,2025-06-01T11:00:06Z,1721372,14542.0,531.0,False
g0mQQhmXmMg,UCYxLMfeX1CbMBll9MsGlzmw,텐코 시부키,Tenko Shibuki,CLICHE,UNDEAD (YOASOBI) / 텐코 시부키 3D cover,2025-09-27T10:58:11Z,396776,14098.0,479.0,False
G8ShFfMJvMc,UCYxLMfeX1CbMBll9MsGlzmw,텐코 시부키,Tenko Shibuki,CLICHE,好きだから｡ 좋아하니까 #shorts #cover #시부키,2024-11-11T04:00:08Z,399940,21219.0,514.0,False
Ml0dGoiK9Kk,UCYxLMfeX1CbMBll9MsGlzmw,텐코 시부키,Tenko Shibuki,CLICHE,부키도 수파도파!! #SUPADOPA #shorts #cover #부키,2024-08-20T09:30:04Z,435229,20443.0,556.0,False
MiDetUXu1hw,UCYxLMfeX1CbMBll9MsGlzmw,텐코 시부키,Tenko Shibuki,CLICHE,[4K] 숨바꼭질 [ かくれんぼㅣAliA ] / 텐코 시부키 3D Live Cover,2026-05-27T08:00:23Z,187417,6670.0,375.0,False
MfBt-JfdTns,UCYxLMfeX1CbMBll9MsGlzmw,텐코 시부키,Tenko Shibuki,CLICHE,귀신의 잔치 #vtuber #shorts #cover #시부키,2024-06-11T08:00:20Z,220610,12970.0,446.0,False
vXt0iztqhiE,UCYxLMfeX1CbMBll9MsGlzmw,텐코 시부키,Tenko Shibuki,CLICHE,내가 죽으려고 생각한 것은 #shorts #cover #시부키,2024-08-02T08:37:05Z,335502,16731.0,490.0,False
coIrQy7COxY,UCYxLMfeX1CbMBll9MsGlzmw,텐코 시부키,Tenko Shibuki,CLICHE,부키 커버 모음! 붘플리🎶💜  #shorts #vtuber #cover,2026-02-14T09:07:45Z,223957,14814.0,320.0,False
xo0b9ABjjlw,UCYxLMfeX1CbMBll9MsGlzmw,텐코 시부키,Tenko Shibuki,CLICHE,마성의 여자A #shorts #cover #시부키,2024-10-14T08:28:41Z,118272,8026.0,276.0,False
xwuVYaJYERo,UCYxLMfeX1CbMBll9MsGlzmw,텐코 시부키,Tenko Shibuki,CLICHE,나에게 꽃다발 [わたしに花束 - Ado] / 텐코 시부키(Tenko Shibuki) cover,2026-05-18T12:30:06Z,329280,9192.0,533.0,False
zxVe7IxFbgU,UCYxLMfeX1CbMBll9MsGlzmw,텐코 시부키,Tenko Shibuki,CLICHE,[4K] StaRt (Mrs. GREEN APPLE )/ 텐코 시부키 3D Live Cover,2026-06-09T09:00:33Z,107004,3287.0,186.0,False
2Vbktv5zLgc,UCYxLMfeX1CbMBll9MsGlzmw,텐코 시부키,Tenko Shibuki,CLICHE,[4K] 호시아이(ホシアイ) / 텐코 시부키 3D Live Cover,2026-06-13T06:00:08Z,119017,3711.0,189.0,False
oYAXiRwEUM0,UCYxLMfeX1CbMBll9MsGlzmw,텐코 시부키,Tenko Shibuki,CLICHE,전방향 미소녀 #vtuber #shorts #cover #시부키,2024-05-21T08:46:46Z,179399,11120.0,535.0,False
HcfqHPrv5ik,UCYxLMfeX1CbMBll9MsGlzmw,텐코 시부키,Tenko Shibuki,CLICHE,너에게 메롱 / 텐코 시부키 3D Cover #스텔라이브 #텐코시부키,2025-11-09T12:28:57Z,159683,8054.0,166.0,False
r5b6LEy7yzg,UCYxLMfeX1CbMBll9MsGlzmw,텐코 시부키,Tenko Shibuki,CLICHE,モニタリング (Best Friend Remix) cover  #モニタリング #shorts #animation #meme,2025-10-31T07:54:36Z,84759,4818.0,202.0,False
eHiPI6fybFo,UCQmcltnre6aG9SkDRYZqFIg,아오쿠모 린,Aokumo Rin,CLICHE,네리사 레이븐크로프트 x 아오쿠모 린 - Dynamite [BTS Cover],2025-10-26T09:00:06Z,1278802,37188.0,1441.0,True
Bhe35DpMlzk,UCQmcltnre6aG9SkDRYZqFIg,아오쿠모 린,Aokumo Rin,CLICHE,PLAY (Giga -プレイ) / 아오쿠모 린(Aokumo Rin) Cover,2025-08-21T11:00:06Z,3770687,47479.0,2268.0,False
oAa_PoRopSs,UCQmcltnre6aG9SkDRYZqFIg,아오쿠모 린,Aokumo Rin,CLICHE,Rumor ルーマー (Police Piccadilly) / 아오쿠모 린(Aokumo Rin) Cover,2024-08-11T11:30:06Z,2629816,23228.0,621.0,False
tZQOhC9Ktas,UCQmcltnre6aG9SkDRYZqFIg,아오쿠모 린,Aokumo Rin,CLICHE,[4K] POP/STARS / Nerissa Ravencroft(네리사 레이븐크로프트) x 아오쿠모 린(Aokumo Rin) Cover,2026-06-06T09:00:24Z,219251,10670.0,359.0,True
CoksN98hLxk,UCQmcltnre6aG9SkDRYZqFIg,아오쿠모 린,Aokumo Rin,CLICHE,PLAY(プレイ) - Giga📸 #Live2D #shorts #cover,2025-08-22T07:00:19Z,701746,24587.0,289.0,False
vCHNh5E4eDU,UCQmcltnre6aG9SkDRYZqFIg,아오쿠모 린,Aokumo Rin,CLICHE,SPECIALZ(King Gnu) / 아오쿠모 린(Aokumo Rin) Cover,2025-01-04T10:00:06Z,1719978,17913.0,795.0,False
O1MqvWf7q58,UCQmcltnre6aG9SkDRYZqFIg,아오쿠모 린,Aokumo Rin,CLICHE,무희 (Vaundy) / 아오쿠모 린(Aokumo Rin) Cover,2024-09-15T09:00:07Z,3996701,29346.0,903.0,False
pM8_wnJ7JsE,UCQmcltnre6aG9SkDRYZqFIg,아오쿠모 린,Aokumo Rin,CLICHE,Overdose (なとり) / 아오쿠모 린 (Aokumo Rin) Cover,2024-11-17T11:00:06Z,2973851,22546.0,683.0,False
zHbh6KO1dFo,UCQmcltnre6aG9SkDRYZqFIg,아오쿠모 린,Aokumo Rin,CLICHE,All I Want For Christmas Is You (Kinyopio Ver.) / 아오쿠모 린(Aokumo Rin) Cover,2025-12-24T15:00:07Z,2000495,46396.0,8643.0,False
RLKm8ymJPlo,UCQmcltnre6aG9SkDRYZqFIg,아오쿠모 린,Aokumo Rin,CLICHE,Oh... [타다노 카에데 只野 楓] / 아오쿠모 린(Aokumo Rin) Cover,2026-03-25T10:45:07Z,981336,15976.0,801.0,False
-a6y64hn4DA,UCQmcltnre6aG9SkDRYZqFIg,아오쿠모 린,Aokumo Rin,CLICHE,사랑 감기에 실려 (Vaundy) / 아오쿠모 린(Aokumo Rin) Cover,2024-10-12T13:00:06Z,2828668,21660.0,732.0,False
gnS4fR3H-As,UCQmcltnre6aG9SkDRYZqFIg,아오쿠모 린,Aokumo Rin,CLICHE,[4K] 차가운상어아가씨 (モエチャッカファイア) / 아오쿠모 린(Aokumo Rin) Cover,2025-11-07T11:30:42Z,737222,11139.0,490.0,False
QXUxnxoOIOI,UCQmcltnre6aG9SkDRYZqFIg,아오쿠모 린,Aokumo Rin,CLICHE,AIZO [King Gnu] / 아오쿠모 린(Aokumo Rin) Cover,2026-02-24T11:30:06Z,1317506,19318.0,774.0,False
76CJ6U2nxeY,UCQmcltnre6aG9SkDRYZqFIg,아오쿠모 린,Aokumo Rin,CLICHE,BOW AND ARROW (요네즈 켄시) / 아오쿠모 린(Aokumo Rin) Cover,2025-04-05T11:00:07Z,2465529,22305.0,827.0,False
tKKyDS5lJkA,UCQmcltnre6aG9SkDRYZqFIg,아오쿠모 린,Aokumo Rin,CLICHE,[4K] 벌거벗은 용사 (裸の勇者) / 아오쿠모 린(Aokumo Rin) Cover,2025-11-10T09:01:22Z,597978,6638.0,286.0,False
KSCTkOn5Niw,UCQmcltnre6aG9SkDRYZqFIg,아오쿠모 린,Aokumo Rin,CLICHE,"STAY (The Kid LAROI, Justin Bieber) / 아오쿠모 린(Aokumo Rin) Cover",2025-11-11T09:30:06Z,3070189,32083.0,1384.0,False
RpX0r_l7FzI,UCQmcltnre6aG9SkDRYZqFIg,아오쿠모 린,Aokumo Rin,CLICHE,Stand By You (Official髭男dism) / 아오쿠모 린(Aokumo Rin) Cover,2025-05-03T12:02:36Z,1586353,14492.0,619.0,False
lsshc8umnE4,UCQmcltnre6aG9SkDRYZqFIg,아오쿠모 린,Aokumo Rin,CLICHE,"역몽 (逆夢, King Gnu) - 아오쿠모 린 x 하나코 나나 Cover",2025-03-17T12:00:07Z,2393022,18302.0,639.0,True
GhHcaH6bAHQ,UCQmcltnre6aG9SkDRYZqFIg,아오쿠모 린,Aokumo Rin,CLICHE,[4K] 에고 록 (エゴロック) / 아야츠노 유니 X 아오쿠모 린 Cover,2026-06-03T09:00:24Z,190032,5250.0,197.0,True
y1nUYj_D1Es,UCQmcltnre6aG9SkDRYZqFIg,아오쿠모 린,Aokumo Rin,CLICHE,물떼새(ヨルシカ - 千鳥) / 아오쿠모 린(Aokumo Rin) Cover,2026-06-28T08:00:06Z,838323,18799.0,906.0,False
VsRyh2LOtBk,UCQmcltnre6aG9SkDRYZqFIg,아오쿠모 린,Aokumo Rin,CLICHE,晩餐歌 (tuki.) / 아오쿠모 린(Aokumo Rin) Cover,2025-06-14T12:00:06Z,2043503,17288.0,681.0,False
ebnM6X6B1Yg,UCQmcltnre6aG9SkDRYZqFIg,아오쿠모 린,Aokumo Rin,CLICHE,ハッピーエンド (back number) / 아오쿠모 린(Aokumo Rin) Cover,2024-12-19T11:30:06Z,2839766,22864.0,813.0,False
LWRGR35e5Mk,UCQmcltnre6aG9SkDRYZqFIg,아오쿠모 린,Aokumo Rin,CLICHE,SUPERPOWER (cover) #SUPERPOWER #VALORANT,2024-10-23T11:00:32Z,149843,6604.0,194.0,False
UWa_OiXDiQA,UCQmcltnre6aG9SkDRYZqFIg,아오쿠모 린,Aokumo Rin,CLICHE,유령도쿄(Ayase) / 아오쿠모 린(Aokumo Rin) Cover,2024-05-16T09:00:07Z,4932991,31485.0,1227.0,False
wfZANe71KcM,UCQmcltnre6aG9SkDRYZqFIg,아오쿠모 린,Aokumo Rin,CLICHE,Ｗ●ＲＫ (MILLENNIUM PARADE × 시이나 링고) / 아오쿠모 린 x 하나코 나나 Cover,2025-07-24T11:00:06Z,895195,10312.0,391.0,True
ItUC9TPcb08,UCQmcltnre6aG9SkDRYZqFIg,아오쿠모 린,Aokumo Rin,CLICHE,TAEYEON (태연) 'To. X' / 아오쿠모 린(Aokumo Rin) Cover,2025-02-15T10:30:06Z,4131437,30839.0,1300.0,True
jTUOSAmCqeI,UCQmcltnre6aG9SkDRYZqFIg,아오쿠모 린,Aokumo Rin,CLICHE,댄스홀 (Mrs. GREEN APPLE 「ダンスホール」) / 아오쿠모 린(Aokumo Rin) Cover,2026-05-03T13:00:06Z,1291430,23349.0,1079.0,False
rxarDgejkZg,UCQmcltnre6aG9SkDRYZqFIg,아오쿠모 린,Aokumo Rin,CLICHE,IRIS OUT (요네즈 켄시) / 아오쿠모 린(Aokumo Rin) Cover,2025-10-19T09:30:06Z,2504260,35455.0,1584.0,False
I6bslYOW8Xk,UCQmcltnre6aG9SkDRYZqFIg,아오쿠모 린,Aokumo Rin,CLICHE,W/X/Y (Tani Yuuki) / 아오쿠모 린(Aokumo Rin) Cover,2025-03-08T10:00:06Z,4590164,30633.0,1136.0,False
pgxzbTzvYdY,UCQmcltnre6aG9SkDRYZqFIg,아오쿠모 린,Aokumo Rin,CLICHE,[4K] 완전감각Dreamer (完全感覚Dreamer) / 아오쿠모 린(Aokumo Rin) Cover,2026-06-07T09:00:00Z,244664,7203.0,443.0,False
Rn7Vns5RJIk,UCQmcltnre6aG9SkDRYZqFIg,아오쿠모 린,Aokumo Rin,CLICHE,[4K] 있잖아 있잖아 있잖아. (ねぇねぇねぇ。) / 시라유키 히나 x 아오쿠모 린 Cover,2026-06-01T09:00:31Z,240948,6819.0,321.0,True
HgHP9deY17g,UCQmcltnre6aG9SkDRYZqFIg,아오쿠모 린,Aokumo Rin,CLICHE,잿빛과 푸름 (灰色と青) / 아오쿠모 린 x 유즈하 리코 (Aokumo Rin x Yuzuha Riko) Cover,2025-08-17T09:00:06Z,1744819,18047.0,571.0,True
Dy90S1wHTpM,UCQmcltnre6aG9SkDRYZqFIg,아오쿠모 린,Aokumo Rin,CLICHE,전방향 미소녀 (全方向美少女 / noa) / 아오쿠모 린(Aokumo Rin) Cover,2025-09-17T11:00:06Z,1058667,14852.0,679.0,False
jyU6GkzD2CA,UCQmcltnre6aG9SkDRYZqFIg,아오쿠모 린,Aokumo Rin,CLICHE,사신 (요네즈 켄시) / 아오쿠모 린(Aokumo Rin) Cover,2025-12-30T10:00:06Z,1801891,21746.0,1162.0,False
-yY4Ijb06zg,UCQmcltnre6aG9SkDRYZqFIg,아오쿠모 린,Aokumo Rin,CLICHE,アイデンティティ(아이덴티티) - 아오쿠모 린 x 텐코 시부키 (Aokumo Rin x Tenko Shibuki) Cover,2024-10-26T10:00:06Z,1762946,12787.0,423.0,True
zcaAsuA54pI,UCQmcltnre6aG9SkDRYZqFIg,아오쿠모 린,Aokumo Rin,CLICHE,"안녕, 또 언젠가! (요네즈 켄시) / 아오쿠모 린(Aokumo Rin) Cover",2024-07-21T10:00:07Z,3373533,23420.0,822.0,False
U_7d-cwPspY,UCQmcltnre6aG9SkDRYZqFIg,아오쿠모 린,Aokumo Rin,CLICHE,네 기꺼이 (cover) #네기꺼이 #기리기리댄스,2024-09-05T09:00:24Z,330403,14009.0,270.0,False
nJIvZbxZkFc,UCQmcltnre6aG9SkDRYZqFIg,아오쿠모 린,Aokumo Rin,CLICHE,PLAY(プレイ) - Giga⏯️ #Live2D #shorts #cover,2025-08-22T08:01:03Z,402306,15510.0,194.0,False
aACJnJRuCLs,UCQmcltnre6aG9SkDRYZqFIg,아오쿠모 린,Aokumo Rin,CLICHE,[4K] 귀엽기만 하면 안 되나요? (かわいいだけじゃだめですか？) / 아야츠노 유니 X 시라유키 히나 X 아오쿠모 린 Cover,2026-06-04T09:00:26Z,270026,7057.0,405.0,True
1HSTjpAEgVY,UCQmcltnre6aG9SkDRYZqFIg,아오쿠모 린,Aokumo Rin,CLICHE,별자리가 될 수 있다면 (星座になれたら) / 아오쿠모 린(Aokumo Rin) Cover,2025-07-05T12:30:06Z,1932105,18637.0,617.0,False
zVNbcnSQrCU,UCQmcltnre6aG9SkDRYZqFIg,아오쿠모 린,Aokumo Rin,CLICHE,Unbreakable Sphere (승리의 여신: 니케 OST) / 아오쿠모 린(Aokumo Rin) Cover,2025-05-01T09:00:06Z,677065,8967.0,474.0,False
Nmkp68aUw1o,UCQmcltnre6aG9SkDRYZqFIg,아오쿠모 린,Aokumo Rin,CLICHE,카가리비토 [カガリビト - millstones] / 아오쿠모 린(Aokumo Rin) Cover,2026-01-24T09:45:06Z,757745,13949.0,685.0,False
hasPSCi2Q0g,UCQmcltnre6aG9SkDRYZqFIg,아오쿠모 린,Aokumo Rin,CLICHE,とんとんまーえ！(쿵쿵 앞-으로!) / 아오쿠모 린 x 텐코 시부키 Cover,2025-07-13T08:30:06Z,560016,10736.0,655.0,True
lXB628gwlzs,UCQmcltnre6aG9SkDRYZqFIg,아오쿠모 린,Aokumo Rin,CLICHE,꿈의 카니발 (Grand Feast Daydream) / 아오쿠모 린(Aokumo Rin) Cover,2025-01-23T10:58:06Z,1393021,15776.0,740.0,False
vVQy6YNGXLI,UCQmcltnre6aG9SkDRYZqFIg,아오쿠모 린,Aokumo Rin,CLICHE,Unbreakable Sphere(Teaser) / 아오쿠모 린(Aokumo Rin) Cover,2025-04-29T11:16:16Z,57500,2833.0,342.0,False
1fquPxmtEcM,UCQmcltnre6aG9SkDRYZqFIg,아오쿠모 린,Aokumo Rin,CLICHE,17歳メイドが 「マーシャル・マキシマイザー」 歌ってみた☁️ #vtuber #shorts #스텔라이브,2024-05-22T08:00:02Z,223632,10942.0,361.0,False
5rQSMZLi5z4,UCQmcltnre6aG9SkDRYZqFIg,아오쿠모 린,Aokumo Rin,CLICHE,아이네 클라이네 (アイネクライネ : 요네즈 켄시) / 아오쿠모 린(Aokumo Rin) Cover,2026-04-19T10:00:07Z,678193,12613.0,601.0,False
9a_qB79ntPQ,UCQmcltnre6aG9SkDRYZqFIg,아오쿠모 린,Aokumo Rin,CLICHE,chocolate box [dezzy(一億円P)] - 아오쿠모 린 x 아야츠노 유니 Cover,2026-02-14T10:30:06Z,418878,9727.0,586.0,True
_pTBkDP1TE0,UCcA21_PzN1EhNe7xS4MJGsQ,하나코 나나,Hanako Nana,CLICHE,Loveit? - biz×ZERA(feat.LOLUET) / 하나코 나나 COVER,2026-06-22T13:00:06Z,464512,14334.0,807.0,False
8vQfO5tT85k,UCcA21_PzN1EhNe7xS4MJGsQ,하나코 나나,Hanako Nana,CLICHE,Enemy [Imagine Dragons x J.I.D] / 하나코 나나 COVER,2025-07-06T12:20:06Z,3701224,32646.0,1406.0,True
v7UNI2YuqFc,UCcA21_PzN1EhNe7xS4MJGsQ,하나코 나나,Hanako Nana,CLICHE,가짜 얼굴(yama) /하나코 나나 COVER,2024-05-17T08:00:07Z,3342622,24788.0,1166.0,False
td73oLSQug0,UCcA21_PzN1EhNe7xS4MJGsQ,하나코 나나,Hanako Nana,CLICHE,토도로키 하지메 (轟はじめ) x 하나코 나나 (花子ナナ) - TOMBOY (I-DLE) Cover,2025-12-05T09:00:07Z,1167941,36712.0,1498.0,True
qpBCZ6kYVb4,UCcA21_PzN1EhNe7xS4MJGsQ,하나코 나나,Hanako Nana,CLICHE,サムライハート(Some Like It Hot!!) / 하나코 나나 COVER,2024-10-05T10:00:31Z,3923321,25062.0,773.0,False
c_xvBZNKa9g,UCcA21_PzN1EhNe7xS4MJGsQ,하나코 나나,Hanako Nana,CLICHE,[4K] オドループ(Oddloop) - フレデリック(FREDERIC) / 하나코 나나 3D Live Cover,2025-10-13T08:00:45Z,1626543,19212.0,1122.0,False
xlXotzq2NqM,UCcA21_PzN1EhNe7xS4MJGsQ,하나코 나나,Hanako Nana,CLICHE,Summer (Paul Blanco Feat. BE′O) / 하나코 나나 COVER,2025-09-18T12:30:06Z,1892196,19462.0,783.0,False
JTMAVnFAff0,UCcA21_PzN1EhNe7xS4MJGsQ,하나코 나나,Hanako Nana,CLICHE,Beyond the way / [하나코 나나 x 유즈하 리코 x 아오쿠모 린] COVER,2025-02-20T11:00:06Z,2287310,25125.0,1294.0,True
5iYsqcKaQuw,UCcA21_PzN1EhNe7xS4MJGsQ,하나코 나나,Hanako Nana,CLICHE,[4K] Enemy - Imagine Dragons x J.I.D / 하나코 나나 3D Live Cover,2025-10-19T04:00:10Z,290894,5691.0,300.0,True
aurVmylo4_Y,UCcA21_PzN1EhNe7xS4MJGsQ,하나코 나나,Hanako Nana,CLICHE,"RAIN [강철의 연금술사 OST 鋼の錬金術師, SID] / 하나코 나나 COVER",2026-01-19T09:00:06Z,1560649,18683.0,1226.0,False
lZHyUw7LWSw,UCcA21_PzN1EhNe7xS4MJGsQ,하나코 나나,Hanako Nana,CLICHE,"수평선 (水平線, back number) / 하나코 나나 COVER",2025-11-13T09:01:22Z,1691371,16509.0,886.0,False
YC-QnlIEbJU,UCcA21_PzN1EhNe7xS4MJGsQ,하나코 나나,Hanako Nana,CLICHE,비행정 [飛行艇 - King Gnu] / 하나코 나나 COVER,2025-01-27T12:00:06Z,4981923,35452.0,1327.0,False
L-GJ9pYICDM,UCcA21_PzN1EhNe7xS4MJGsQ,하나코 나나,Hanako Nana,CLICHE,Grand Escape [날씨의 아이 OST] / 하나코 나나 COVER (Feat. Cliché),2025-05-10T09:00:07Z,1611269,18832.0,785.0,False
KJzmhOkm4-E,UCcA21_PzN1EhNe7xS4MJGsQ,하나코 나나,Hanako Nana,CLICHE,걘 아니야 Pt.1 [지코 (ZICO)] / 하나코 나나 COVER,2025-08-05T11:00:06Z,2476877,19843.0,832.0,False
IoBUWPQ3dwc,UCcA21_PzN1EhNe7xS4MJGsQ,하나코 나나,Hanako Nana,CLICHE,"One Last Kiss - 『宇多田ヒカル, 신 에반게리온 극장판  𝄇  OST / 하나코 나나 COVER",2026-03-22T11:45:07Z,593810,13011.0,685.0,False
vM_XT3MeLrc,UCcA21_PzN1EhNe7xS4MJGsQ,하나코 나나,Hanako Nana,CLICHE,푸른 산호초 (青い珊瑚礁) ㅣ 하나코 나나 COVER,2024-08-30T11:00:06Z,1185376,11405.0,627.0,False
xw4CWUhn_8Y,UCcA21_PzN1EhNe7xS4MJGsQ,하나코 나나,Hanako Nana,CLICHE,Enemy (Imagine Dragons x J.I.D) / 하나코 나나 3D COVER #스텔라이브 #live #하나코나나,2025-10-04T04:01:12Z,696003,18880.0,330.0,True
noKfckxJ2PU,UCcA21_PzN1EhNe7xS4MJGsQ,하나코 나나,Hanako Nana,CLICHE,죄와 벌(罪と罰) [椎名林檎(시이나 링고)] / 하나코 나나 COVER,2026-02-17T11:00:06Z,533070,11604.0,719.0,False
j_1GomMh08E,UCcA21_PzN1EhNe7xS4MJGsQ,하나코 나나,Hanako Nana,CLICHE,[ 죽지마! / 콧치노 켄토 ] 하나코 나나 Short cover #vtuber #shorts,2024-05-20T10:00:38Z,483610,22327.0,653.0,False
vT3xY5UE4Q4,UCcA21_PzN1EhNe7xS4MJGsQ,하나코 나나,Hanako Nana,CLICHE,모니터링 [モニタリング - DECO*27] / 하나코 나나 COVER,2025-04-14T10:00:06Z,1717788,18001.0,862.0,False
JCJyXMJMLRM,UCcA21_PzN1EhNe7xS4MJGsQ,하나코 나나,Hanako Nana,CLICHE,シル・ヴ・プレジデント (실・부・프레지던트) / 하나코 나나 COVER,2024-12-31T10:00:06Z,1185422,11886.0,588.0,False
_C4t1yi0WDQ,UCcA21_PzN1EhNe7xS4MJGsQ,하나코 나나,Hanako Nana,CLICHE,神っぽいな(신 같네) / 하나코 나나 COVER,2024-11-26T08:00:06Z,2346411,21154.0,885.0,False
yitS4QCqCdU,UCcA21_PzN1EhNe7xS4MJGsQ,하나코 나나,Hanako Nana,CLICHE,BIG Naughty (서동현) - Joker (Feat. JAMIE) | 하나코 나나 x 시라유키 히나 Cover,2025-12-14T10:00:06Z,932329,13878.0,801.0,True
fc8eV7D-ANs,UCcA21_PzN1EhNe7xS4MJGsQ,하나코 나나,Hanako Nana,CLICHE,[4K] テレパシ(텔레파시) - DECO*27 / 하나코 나나 3D Live Cover,2025-10-12T04:00:59Z,349403,5484.0,306.0,False
qOih3rcLKA0,UCcA21_PzN1EhNe7xS4MJGsQ,하나코 나나,Hanako Nana,CLICHE,oddloop (FREDERIC) / 하나코 나나 3D Cover #스텔라이브 #live #하나코나나,2025-10-02T08:00:58Z,994362,24536.0,667.0,False
HglYgcfrTrs,UCcA21_PzN1EhNe7xS4MJGsQ,하나코 나나,Hanako Nana,CLICHE,テレパシ  (DECO*27) / 하나코 나나 3D Cover #스텔라이브 #live #하나코나나,2025-10-10T08:00:21Z,270241,10215.0,240.0,False
BlqyG0rW4F8,UCcA21_PzN1EhNe7xS4MJGsQ,하나코 나나,Hanako Nana,CLICHE,[ 당신의 연인이 되고 싶어 / ChoQMay ] 하나코 나나 Short cover #vtuber #shorts,2024-05-30T10:00:09Z,497883,21557.0,514.0,False
LX9FDGVcLII,UCcA21_PzN1EhNe7xS4MJGsQ,하나코 나나,Hanako Nana,CLICHE,라이브 맞습니다. 아이도루의 고난이도 랩 커버 | 김하온 - 꼴통 (feat. 창모) #스텔라이브 #vtuber #랩,2024-12-19T09:00:27Z,646632,20944.0,408.0,False
i5ZEIsWt0Fk,UCcA21_PzN1EhNe7xS4MJGsQ,하나코 나나,Hanako Nana,CLICHE,Summertime [이터널 리턴 OST] / 하나코 나나 COVER,2025-07-11T10:05:27Z,519942,7007.0,520.0,False
6gEc7lUi6xs,UCcA21_PzN1EhNe7xS4MJGsQ,하나코 나나,Hanako Nana,CLICHE,울려퍼져라 (Hibikase ヒビカセ) / 하나코 나나 x 텐코 시부키 COVER,2025-10-21T09:00:06Z,959347,14353.0,785.0,True
5u6yVIVXF60,UCcA21_PzN1EhNe7xS4MJGsQ,하나코 나나,Hanako Nana,CLICHE,죽는 게 나아 (Shinunoga E-Wa) [후지이 카제] / 하나코 나나 COVER,2025-08-07T10:40:06Z,1069135,12368.0,584.0,False
SUJm8SX87DY,UCcA21_PzN1EhNe7xS4MJGsQ,하나코 나나,Hanako Nana,CLICHE,drivers license - Olivia Rodrigo / 하나코 나나 COVER,2026-05-24T08:30:06Z,310651,10585.0,716.0,False
Wf_Hzjmd0xg,UCcA21_PzN1EhNe7xS4MJGsQ,하나코 나나,Hanako Nana,CLICHE,"내가 무슨 갱을 대표해, 자기야 [MILLION DOLLAR BABY] 하나코 나나 Shorts cover",2024-09-01T07:00:18Z,835504,25680.0,517.0,False
RisaNpEcAtI,UCcA21_PzN1EhNe7xS4MJGsQ,하나코 나나,Hanako Nana,CLICHE,Step Back Challenge! 많이 기다렸나요? 하나코 나나 Shorts Cover #vtuber #shorts,2024-05-23T08:00:19Z,2148085,61508.0,1347.0,False
QgqiJKX0yq0,UCj0c1jUr91dTetIQP2pFeLA,유즈하 리코,Yuzuha Riko,CLICHE,[4K] Henceforth - Orangestar / 유즈하 리코 (Yuzuha Riko) cover,2025-10-11T06:00:22Z,651803,9640.0,482.0,False
xn1sosP6kKw,UCj0c1jUr91dTetIQP2pFeLA,유즈하 리코,Yuzuha Riko,CLICHE,[4K] 네모네모(NEMONEMO) - YENA(최예나) / 유즈하 리코 (Yuzuha Riko) cover,2025-10-05T06:00:50Z,471362,6770.0,410.0,False
WICzT2lsQa8,UCj0c1jUr91dTetIQP2pFeLA,유즈하 리코,Yuzuha Riko,CLICHE,POP IN 2 (최애의 아이 OST) - 유즈하 리코 x 아야츠노 유니 x 아카네 리제 Cover,2025-08-30T10:00:06Z,1041629,15859.0,628.0,True
7CQuc6Jf4UE,UCj0c1jUr91dTetIQP2pFeLA,유즈하 리코,Yuzuha Riko,CLICHE,GETCHA! (Giga & KIRA) - 유즈하 리코 x 아오쿠모 린 (Yuzuha Riko x Aokumo Rin) Cover,2024-10-04T10:00:27Z,2212731,21124.0,883.0,True
y84L-0bz4zo,UCj0c1jUr91dTetIQP2pFeLA,유즈하 리코,Yuzuha Riko,CLICHE,ラビットホール(래빗 홀) / 유즈하 리코(Yuzuha Riko) cover,2025-03-11T10:00:06Z,1530116,18022.0,910.0,False
PBh8a0GaNFs,UCj0c1jUr91dTetIQP2pFeLA,유즈하 리코,Yuzuha Riko,CLICHE,절대적대완전싫어 / 유즈하 리코(Yuzuha Riko) x 텐코 시부키(Tenko Shibuki) cover,2025-01-28T09:00:07Z,2734854,21824.0,791.0,True
P51Wh7FO28I,UCj0c1jUr91dTetIQP2pFeLA,유즈하 리코,Yuzuha Riko,CLICHE,[4K] No title - REOL / 유즈하 리코 (Yuzuha Riko) cover,2025-10-08T06:00:17Z,216222,4469.0,260.0,False
J49wnPBsyrU,UCj0c1jUr91dTetIQP2pFeLA,유즈하 리코,Yuzuha Riko,CLICHE,케세라세라 (Mrs. GREEN APPLE)  / 유즈하 리코(Yuzuha Riko) cover,2024-11-01T08:00:06Z,3201619,21392.0,1033.0,False
MhdJaaEhiHc,UCj0c1jUr91dTetIQP2pFeLA,유즈하 리코,Yuzuha Riko,CLICHE,우리! 쓰레기 분리수거단 (我ら！ゴミ分別団) - 아오쿠모 린 x 유즈하 리코 (Aokumo Rin x Yuzuha Riko) Cover,2026-07-31T08:00:07Z,185115,10309.0,748.0,True
CtXv2_NBBOU,UCj0c1jUr91dTetIQP2pFeLA,유즈하 리코,Yuzuha Riko,CLICHE,괴수의 꽃노래 (怪獣の花唄) / 유즈하 리코(Yuzuha Riko) cover,2024-07-21T13:00:20Z,2804745,23529.0,1115.0,False
Rr2GjXAgJ9E,UCj0c1jUr91dTetIQP2pFeLA,유즈하 리코,Yuzuha Riko,CLICHE,맑은 날(ヨルシカ - 晴る)  / 유즈하 리코(Yuzuha Riko) cover,2024-09-23T09:00:31Z,1778095,13480.0,616.0,False
dhudKbeIMJg,UCj0c1jUr91dTetIQP2pFeLA,유즈하 리코,Yuzuha Riko,CLICHE,서머타임레코드 [サマータイムレコード / じん] / 유즈하 리코 (Yuzuha Riko) cover,2026-07-15T08:00:07Z,251038,12062.0,774.0,False
apj5_-osMd4,UCj0c1jUr91dTetIQP2pFeLA,유즈하 리코,Yuzuha Riko,CLICHE,Henceforth / 유즈하 리코(Yuzuha Riko) cover,2025-06-07T08:00:06Z,1725986,20378.0,1200.0,False
gXJMNur50m8,UCj0c1jUr91dTetIQP2pFeLA,유즈하 리코,Yuzuha Riko,CLICHE,크리스마스송(クリスマスソング/back number) / 유즈하 리코(Yuzuha Riko) cover,2024-12-25T09:00:06Z,1088485,13374.0,641.0,False
qCUeBAUMv80,UCj0c1jUr91dTetIQP2pFeLA,유즈하 리코,Yuzuha Riko,CLICHE,체리 팝 (チェリーポップ) / 유즈하 리코 (Yuzuha Riko) cover,2025-08-14T08:00:06Z,810334,11488.0,524.0,False
cGjgCLuyAro,UCj0c1jUr91dTetIQP2pFeLA,유즈하 리코,Yuzuha Riko,CLICHE,주름맞추기 (しわあわせ / Vaundy)  / 유즈하 리코(Yuzuha Riko) cover,2024-12-13T09:00:06Z,2037566,16356.0,760.0,False
qao2gYtY7bs,UCj0c1jUr91dTetIQP2pFeLA,유즈하 리코,Yuzuha Riko,CLICHE,히로인 (back number - ヒロイン) / 유즈하 리코 (Yuzuha Riko) cover,2025-12-25T09:08:48Z,2573793,26693.0,1331.0,False
c6G7vRuJyhs,UCj0c1jUr91dTetIQP2pFeLA,유즈하 리코,Yuzuha Riko,CLICHE,경화수월(鏡花水月)  / 유즈하 리코(Yuzuha Riko) cover,2024-11-21T09:00:07Z,2496463,17903.0,1037.0,False
EPRYt6d8oEY,UCj0c1jUr91dTetIQP2pFeLA,유즈하 리코,Yuzuha Riko,CLICHE,증표(シルシ) / 유즈하 리코(Yuzuha Riko) cover,2025-04-13T11:00:06Z,1783999,15065.0,826.0,False
dglNAGJiDT8,UCj0c1jUr91dTetIQP2pFeLA,유즈하 리코,Yuzuha Riko,CLICHE,톤데모 원더즈『トンデモワンダーズ』  / 유즈하 리코(Yuzuha Riko) cover,2024-10-18T08:00:06Z,1331102,14664.0,923.0,False
1Tifeyj4Xxo,UCj0c1jUr91dTetIQP2pFeLA,유즈하 리코,Yuzuha Riko,CLICHE,HELP!! - Kobo Kanaeru 유즈하 리코 COVER #vtuber #리코 #스텔라이브,2024-09-09T07:00:01Z,248253,15145.0,303.0,False
TqQFF_wLlR4,UCj0c1jUr91dTetIQP2pFeLA,유즈하 리코,Yuzuha Riko,CLICHE,모니터링 (モニタリング - DECO*27) / 유즈하 리코(Yuzuha Riko) cover,2025-02-06T08:31:26Z,1529831,13999.0,513.0,False
EtkolJZEmpg,UCj0c1jUr91dTetIQP2pFeLA,유즈하 리코,Yuzuha Riko,CLICHE,꽃의 탑 (花の塔/さユり) / 유즈하 리코(Yuzuha Riko) cover,2025-01-10T08:00:26Z,1192996,10759.0,552.0,False
Tejq1P1TF-M,UCj0c1jUr91dTetIQP2pFeLA,유즈하 리코,Yuzuha Riko,CLICHE,미소녀무죄♡파이레츠 (美少女無罪♡パイレーツ) / 유즈하 리코 (Yuzuha Riko) cover,2025-09-21T09:00:06Z,573056,10259.0,660.0,False
cWnykOC5b_c,UCj0c1jUr91dTetIQP2pFeLA,유즈하 리코,Yuzuha Riko,CLICHE,phony [포니 / ツミキ] / 유즈하 리코 Yuzuha Riko cover,2026-03-26T09:00:06Z,796663,14660.0,669.0,False
lfxl4YlY0lE,UCj0c1jUr91dTetIQP2pFeLA,유즈하 리코,Yuzuha Riko,CLICHE,용사(YOASOBI) / 유즈하 리코(Yuzuha Riko) cover,2024-05-17T09:00:07Z,2395825,18186.0,959.0,False
Ip25Jhh5zU0,UCj0c1jUr91dTetIQP2pFeLA,유즈하 리코,Yuzuha Riko,CLICHE,IRIS OUT (요네즈 켄시) / 유즈하 리코(Yuzuha Riko) cover,2025-11-09T12:17:31Z,984093,14452.0,690.0,False
nknH0KshgpY,UCj0c1jUr91dTetIQP2pFeLA,유즈하 리코,Yuzuha Riko,CLICHE,숙명 (Official髭男dism - 宿命) / 유즈하 리코 (Yuzuha Riko) cover,2025-10-25T09:00:06Z,1250178,14201.0,622.0,False
cu9oCSWGFIM,UCj0c1jUr91dTetIQP2pFeLA,유즈하 리코,Yuzuha Riko,CLICHE,걘 아니야 Pt.2 [페노메코 (PENOMECO)] / 유즈하 리코(Yuzuha Riko) cover,2025-08-05T11:05:06Z,2550260,19391.0,721.0,False
gBq4IXVgEuE,UCj0c1jUr91dTetIQP2pFeLA,유즈하 리코,Yuzuha Riko,CLICHE,Henceforth - Orangestar / 유즈하 리코 (Yuzuha Riko) 3D cover,2025-10-11T06:15:02Z,250008,10918.0,225.0,False
fLLX2R-RwVE,UCj0c1jUr91dTetIQP2pFeLA,유즈하 리코,Yuzuha Riko,CLICHE,숨바꼭질 [ かくれんぼㅣAliA ] / 유즈하 리코 Yuzuha Riko cover,2026-04-13T14:00:06Z,1961337,30989.0,2104.0,False
ZJ7TFaFyYwc,UCj0c1jUr91dTetIQP2pFeLA,유즈하 리코,Yuzuha Riko,CLICHE,도쿄 섄디 랑데부 (トウキョウ・シャンディ・ランデヴ) / 유즈하 리코(Yuzuha Riko) cover,2025-07-06T12:30:06Z,1412821,13154.0,564.0,False
BfUAlVIUFJo,UCj0c1jUr91dTetIQP2pFeLA,유즈하 리코,Yuzuha Riko,CLICHE,자다깨니 야자수 🌴 (寝起きヤシの木) 리코 cover,2024-08-06T07:00:04Z,41027,3563.0,127.0,False
l_v3YONSpfc,UCj0c1jUr91dTetIQP2pFeLA,유즈하 리코,Yuzuha Riko,CLICHE,내 이름 맑음 Cover by 유즈하리코 #vtuber #리코 #스텔라이브,2024-10-26T06:00:27Z,333636,16262.0,510.0,False
HVBL6xHcMRY,UCj0c1jUr91dTetIQP2pFeLA,유즈하 리코,Yuzuha Riko,CLICHE,心予報(마음 예보) / 유즈하 리코(Yuzuha Riko) cover,2025-02-14T09:00:06Z,1035508,12236.0,529.0,False
boePd6psiSc,UCj0c1jUr91dTetIQP2pFeLA,유즈하 리코,Yuzuha Riko,CLICHE,맑은 날(ヨルシカ - 晴る)  / 유즈하 리코(Yuzuha Riko) cover,2024-09-26T06:00:16Z,36854,3214.0,129.0,False
eYaX9aDtlmA,UCj0c1jUr91dTetIQP2pFeLA,유즈하 리코,Yuzuha Riko,CLICHE,목마름을 외치다 (美波 - カワキヲアメク) / 유즈하 리코 (Yuzuha Riko) cover,2025-11-27T10:15:06Z,1829198,22979.0,1060.0,False
slC6z5G0L34,UCj0c1jUr91dTetIQP2pFeLA,유즈하 리코,Yuzuha Riko,CLICHE,사랑하는 너에게 하고싶은 말 'back number -瞬き' cover,2024-06-22T04:15:03Z,157540,9461.0,208.0,False
5ZCwb_eDGt8,UCj0c1jUr91dTetIQP2pFeLA,유즈하 리코,Yuzuha Riko,CLICHE,青い珊瑚礁(푸른 산호초) Cover by 유즈하리코 #vtuber #리코 #스텔라이브,2024-09-14T07:00:02Z,155332,9807.0,312.0,False
C0hOHzutBRI,UCj0c1jUr91dTetIQP2pFeLA,유즈하 리코,Yuzuha Riko,CLICHE,Orange [ オレンジ / 4월은 너의 거짓말 ED ] 유즈하 리코 (Yuzuha Riko) cover,2026-04-30T08:15:06Z,599559,14284.0,912.0,False
xKA5wKYMFhM,UCj0c1jUr91dTetIQP2pFeLA,유즈하 리코,Yuzuha Riko,CLICHE,악마가 아닌걸 [DECO*27 x ピノキオピー] / 유즈하 리코 Yuzuha Riko x 네네코 마시로 Neneko Mashiro Cover,2026-05-28T09:00:07Z,429343,11878.0,605.0,True
uzU2B8ZJkCk,UCj0c1jUr91dTetIQP2pFeLA,유즈하 리코,Yuzuha Riko,CLICHE,청아하게 불러본 ' 4월은 너의 거짓말 ED - 오렌지 オレンジ ' cover,2024-08-08T04:00:38Z,225982,12629.0,507.0,False
PdiTCYldc6k,UCj0c1jUr91dTetIQP2pFeLA,유즈하 리코,Yuzuha Riko,CLICHE,That's Right Frank! / 유즈하 리코(Yuzuha Riko) x 텐코 시부키 (Tenko Shibuki) cover,2025-06-25T09:00:06Z,421332,7629.0,413.0,True
JFqmgH7rMiQ,UCj0c1jUr91dTetIQP2pFeLA,유즈하 리코,Yuzuha Riko,CLICHE,바이올렛 에버가든 OST - 이정표 (みちしるべ) cover,2024-08-16T07:00:09Z,87463,6873.0,277.0,False
ZuD0vRF0Qbo,UCj0c1jUr91dTetIQP2pFeLA,유즈하 리코,Yuzuha Riko,CLICHE,[Re: 제로] 에밀리아의 노래 ' Stay Alive ' cover,2024-08-29T07:00:21Z,99845,6790.0,325.0,False
aHu9BUZzpzQ,UCj0c1jUr91dTetIQP2pFeLA,유즈하 리코,Yuzuha Riko,CLICHE,리코의 리코리스 리코일 ED '꽃의 탑(花の塔)' cover,2024-06-30T04:00:00Z,122990,8130.0,324.0,False
