corp_code,corp_name,bsns_year,fs_div,sj_div,sj_nm,account_id,account_nm,thstrm_amount,frmtrm_amount,ord,currency,source,rcept_no,is_comparative
01375682,샌드박스네트워크,2019,OFS,BS,재무상태표,dart-audit_Assets,자산총계,40712576468.0,17694288990.0,,KRW,audit_report,20200401001052,False
01375682,샌드박스네트워크,2018,OFS,BS,재무상태표,dart-audit_Assets,자산총계(전기 비교치),17694288990.0,,,KRW,audit_report,20200401001052,True
01375682,샌드박스네트워크,2019,OFS,BS,재무상태표,dart-audit_Liabilities,부채총계,7749752315.0,4305610825.0,,KRW,audit_report,20200401001052,False
01375682,샌드박스네트워크,2018,OFS,BS,재무상태표,dart-audit_Liabilities,부채총계(전기 비교치),4305610825.0,,,KRW,audit_report,20200401001052,True
01375682,샌드박스네트워크,2019,OFS,BS,재무상태표,dart-audit_Equity,자본총계,32962824153.0,13388678165.0,,KRW,audit_report,20200401001052,False
01375682,샌드박스네트워크,2018,OFS,BS,재무상태표,dart-audit_Equity,자본총계(전기 비교치),13388678165.0,,,KRW,audit_report,20200401001052,True
01375682,샌드박스네트워크,2019,OFS,CIS,포괄손익계산서,dart-audit_Revenue,Ⅰ.매출액,60813297021.0,28205573451.0,,KRW,audit_report,20200401001052,False
01375682,샌드박스네트워크,2018,OFS,CIS,포괄손익계산서,dart-audit_Revenue,Ⅰ.매출액(전기 비교치),28205573451.0,,,KRW,audit_report,20200401001052,True
01375682,샌드박스네트워크,2019,OFS,CIS,포괄손익계산서,dart-audit_OperatingIncomeLoss,Ⅴ.영업손실,-7826589979.0,-2289460416.0,,KRW,audit_report,20200401001052,False
01375682,샌드박스네트워크,2018,OFS,CIS,포괄손익계산서,dart-audit_OperatingIncomeLoss,Ⅴ.영업손실(전기 비교치),-2289460416.0,,,KRW,audit_report,20200401001052,True
01375682,샌드박스네트워크,2019,OFS,CIS,포괄손익계산서,dart-audit_ProfitLoss,Ⅹ.당기순손실,-7810643160.0,-2120712352.0,,KRW,audit_report,20200401001052,False
01375682,샌드박스네트워크,2018,OFS,CIS,포괄손익계산서,dart-audit_ProfitLoss,Ⅹ.당기순손실(전기 비교치),-2120712352.0,,,KRW,audit_report,20200401001052,True
01375682,샌드박스네트워크,2020,OFS,BS,재무상태표,dart-audit_Assets,자산총계,92648431676.0,40302521998.0,,KRW,audit_report,20210402001988,False
01375682,샌드박스네트워크,2020,OFS,BS,재무상태표,dart-audit_Liabilities,부채총계,20746992923.0,7749752315.0,,KRW,audit_report,20210402001988,False
01375682,샌드박스네트워크,2020,OFS,BS,재무상태표,dart-audit_Equity,자본총계,71901438753.0,32552769683.0,,KRW,audit_report,20210402001988,False
01375682,샌드박스네트워크,2020,OFS,CIS,포괄손익계산서,dart-audit_Revenue,Ⅰ.영업수익,89924648768.0,60813297021.0,,KRW,audit_report,20210402001988,False
01375682,샌드박스네트워크,2020,OFS,CIS,포괄손익계산서,dart-audit_OperatingIncomeLoss,Ⅲ.영업이익(손실),-7274039054.0,-7826589979.0,,KRW,audit_report,20210402001988,False
01375682,샌드박스네트워크,2020,OFS,CIS,포괄손익계산서,dart-audit_ProfitLoss,Ⅷ.당기순이익(손실),-5724007646.0,-8220697630.0,,KRW,audit_report,20210402001988,False
01375682,샌드박스네트워크,2021,OFS,BS,재무상태표,dart-audit_Assets,자산총계,82709714904.0,92648431676.0,,KRW,audit_report,20220411000176,False
01375682,샌드박스네트워크,2021,OFS,BS,재무상태표,dart-audit_Liabilities,부채총계,26400615354.0,20746992923.0,,KRW,audit_report,20220411000176,False
01375682,샌드박스네트워크,2021,OFS,BS,재무상태표,dart-audit_Equity,자본총계,56309099550.0,71901438753.0,,KRW,audit_report,20220411000176,False
01375682,샌드박스네트워크,2021,OFS,CIS,포괄손익계산서,dart-audit_Revenue,Ⅰ.영업수익,113672460903.0,89924648768.0,,KRW,audit_report,20220411000176,False
01375682,샌드박스네트워크,2021,OFS,CIS,포괄손익계산서,dart-audit_OperatingIncomeLoss,Ⅲ.영업이익(손실),-12129143448.0,-7274039054.0,,KRW,audit_report,20220411000176,False
01375682,샌드박스네트워크,2021,OFS,CIS,포괄손익계산서,dart-audit_ProfitLoss,Ⅷ.당기순이익(손실),-15712402656.0,-5724007646.0,,KRW,audit_report,20220411000176,False
01375682,샌드박스네트워크,2022,CFS,BS,재무상태표,dart-audit_Assets,자산총계,82113446782.0,82709714904.0,,KRW,audit_report,20230428001187,False
01375682,샌드박스네트워크,2021,CFS,BS,재무상태표,dart-audit_Assets,자산총계(전기 비교치),82709714904.0,,,KRW,audit_report,20230428001187,True
01375682,샌드박스네트워크,2022,CFS,BS,재무상태표,dart-audit_Liabilities,부채총계,55451225512.0,26400615354.0,,KRW,audit_report,20230428001187,False
01375682,샌드박스네트워크,2021,CFS,BS,재무상태표,dart-audit_Liabilities,부채총계(전기 비교치),26400615354.0,,,KRW,audit_report,20230428001187,True
01375682,샌드박스네트워크,2022,CFS,BS,재무상태표,dart-audit_Equity,자본총계,26662221270.0,56309099550.0,,KRW,audit_report,20230428001187,False
01375682,샌드박스네트워크,2021,CFS,BS,재무상태표,dart-audit_Equity,자본총계(전기 비교치),56309099550.0,,,KRW,audit_report,20230428001187,True
01375682,샌드박스네트워크,2022,CFS,CIS,포괄손익계산서,dart-audit_Revenue,Ⅰ.영업수익,151384113930.0,113672460903.0,,KRW,audit_report,20230428001187,False
01375682,샌드박스네트워크,2021,CFS,CIS,포괄손익계산서,dart-audit_Revenue,Ⅰ.영업수익(전기 비교치),113672460903.0,,,KRW,audit_report,20230428001187,True
01375682,샌드박스네트워크,2022,CFS,CIS,포괄손익계산서,dart-audit_OperatingIncomeLoss,Ⅲ.영업이익(손실),-25373869625.0,-12129143448.0,,KRW,audit_report,20230428001187,False
01375682,샌드박스네트워크,2021,CFS,CIS,포괄손익계산서,dart-audit_OperatingIncomeLoss,Ⅲ.영업이익(손실)(전기 비교치),-12129143448.0,,,KRW,audit_report,20230428001187,True
01375682,샌드박스네트워크,2022,CFS,CIS,포괄손익계산서,dart-audit_ProfitLoss,Ⅷ.당기순이익(손실),-38096922154.0,-15712402656.0,,KRW,audit_report,20230428001187,False
01375682,샌드박스네트워크,2021,CFS,CIS,포괄손익계산서,dart-audit_ProfitLoss,Ⅷ.당기순이익(손실)(전기 비교치),-15712402656.0,,,KRW,audit_report,20230428001187,True
01375682,샌드박스네트워크,2022,OFS,BS,재무상태표,dart-audit_Assets,자산총계,66636281414.0,82709714904.0,,KRW,audit_report,20230412001669,False
01375682,샌드박스네트워크,2022,OFS,BS,재무상태표,dart-audit_Liabilities,부채총계,41238519215.0,26400615354.0,,KRW,audit_report,20230412001669,False
01375682,샌드박스네트워크,2022,OFS,BS,재무상태표,dart-audit_Equity,자본총계,25397762199.0,56309099550.0,,KRW,audit_report,20230412001669,False
01375682,샌드박스네트워크,2022,OFS,CIS,포괄손익계산서,dart-audit_Revenue,Ⅰ.영업수익,146229905844.0,113672460903.0,,KRW,audit_report,20230412001669,False
01375682,샌드박스네트워크,2022,OFS,CIS,포괄손익계산서,dart-audit_OperatingIncomeLoss,Ⅲ.영업이익,-21208992741.0,-12129143448.0,,KRW,audit_report,20230412001669,False
01375682,샌드박스네트워크,2022,OFS,CIS,포괄손익계산서,dart-audit_ProfitLoss,Ⅷ.당기순이익(손실),-34503648150.0,-15712402656.0,,KRW,audit_report,20230412001669,False
01375682,샌드박스네트워크,2023,OFS,BS,재무상태표,dart-audit_Assets,자산총계,43847716216.0,66636281414.0,,KRW,audit_report,20240409000300,False
01375682,샌드박스네트워크,2023,OFS,BS,재무상태표,dart-audit_Liabilities,부채총계,32962421239.0,41238519215.0,,KRW,audit_report,20240409000300,False
01375682,샌드박스네트워크,2023,OFS,BS,재무상태표,dart-audit_Equity,자본총계,10885294977.0,25397762199.0,,KRW,audit_report,20240409000300,False
01375682,샌드박스네트워크,2023,OFS,CIS,포괄손익계산서,dart-audit_Revenue,Ⅰ.영업수익,102807949357.0,146229905844.0,,KRW,audit_report,20240409000300,False
01375682,샌드박스네트워크,2023,OFS,CIS,포괄손익계산서,dart-audit_OperatingIncomeLoss,Ⅲ.영업손실,-11542247320.0,-21208992741.0,,KRW,audit_report,20240409000300,False
01375682,샌드박스네트워크,2023,OFS,CIS,포괄손익계산서,dart-audit_ProfitLoss,Ⅷ.당기순손실,-14772590610.0,-34503648150.0,,KRW,audit_report,20240409000300,False
01375682,샌드박스네트워크,2024,CFS,BS,재무상태표,dart-audit_Assets,자산총계,32389420968.0,39987726471.0,,KRW,audit_report,20250404003810,False
01375682,샌드박스네트워크,2023,CFS,BS,재무상태표,dart-audit_Assets,자산총계(전기 비교치),39987726471.0,,,KRW,audit_report,20250404003810,True
01375682,샌드박스네트워크,2024,CFS,BS,재무상태표,dart-audit_Liabilities,부채총계,126626358069.0,130053957421.0,,KRW,audit_report,20250404003810,False
01375682,샌드박스네트워크,2023,CFS,BS,재무상태표,dart-audit_Liabilities,부채총계(전기 비교치),130053957421.0,,,KRW,audit_report,20250404003810,True
01375682,샌드박스네트워크,2024,CFS,BS,재무상태표,dart-audit_Equity,자본총계,-94236937101.0,-90066230950.0,,KRW,audit_report,20250404003810,False
01375682,샌드박스네트워크,2023,CFS,BS,재무상태표,dart-audit_Equity,자본총계(전기 비교치),-90066230950.0,,,KRW,audit_report,20250404003810,True
01375682,샌드박스네트워크,2024,CFS,CIS,포괄손익계산서,dart-audit_Revenue,I. 영업수익,64472805935.0,69715552688.0,,KRW,audit_report,20250404003810,False
01375682,샌드박스네트워크,2023,CFS,CIS,포괄손익계산서,dart-audit_Revenue,I. 영업수익(전기 비교치),69715552688.0,,,KRW,audit_report,20250404003810,True
01375682,샌드박스네트워크,2024,CFS,CIS,포괄손익계산서,dart-audit_OperatingIncomeLoss,III. 영업이익,-4702164076.0,-15296214851.0,,KRW,audit_report,20250404003810,False
01375682,샌드박스네트워크,2023,CFS,CIS,포괄손익계산서,dart-audit_OperatingIncomeLoss,III. 영업이익(전기 비교치),-15296214851.0,,,KRW,audit_report,20250404003810,True
01375682,샌드박스네트워크,2024,CFS,CIS,포괄손익계산서,dart-audit_ProfitLoss,X. 당기순이익,-4160999816.0,-205045401.0,,KRW,audit_report,20250404003810,False
01375682,샌드박스네트워크,2023,CFS,CIS,포괄손익계산서,dart-audit_ProfitLoss,X. 당기순이익(전기 비교치),-205045401.0,,,KRW,audit_report,20250404003810,True
01375682,샌드박스네트워크,2024,OFS,BS,재무상태표,dart-audit_Assets,자산총계,31955802993.0,38625049235.0,,KRW,audit_report,20250404003809,False
01375682,샌드박스네트워크,2024,OFS,BS,재무상태표,dart-audit_Liabilities,부채총계,123645085228.0,126904272616.0,,KRW,audit_report,20250404003809,False
01375682,샌드박스네트워크,2024,OFS,BS,재무상태표,dart-audit_Equity,자본총계,-91689282235.0,-88279223381.0,,KRW,audit_report,20250404003809,False
01375682,샌드박스네트워크,2024,OFS,CIS,포괄손익계산서,dart-audit_Revenue,I. 영업수익,63019663155.0,66551257405.0,,KRW,audit_report,20250404003809,False
01375682,샌드박스네트워크,2024,OFS,CIS,포괄손익계산서,dart-audit_OperatingIncomeLoss,III. 영업손실,-3898569860.0,-11499981857.0,,KRW,audit_report,20250404003809,False
01375682,샌드박스네트워크,2024,OFS,CIS,포괄손익계산서,dart-audit_ProfitLoss,X. 당기순손실,-3442358670.0,-9306667018.0,,KRW,audit_report,20250404003809,False
01375682,샌드박스네트워크,2025,CFS,BS,재무상태표,dart-audit_Assets,자산총계,36740868871.0,32389420968.0,,KRW,audit_report,20260413002333,False
01375682,샌드박스네트워크,2025,CFS,BS,재무상태표,dart-audit_Liabilities,부채총계,124632059746.0,126626358069.0,,KRW,audit_report,20260413002333,False
01375682,샌드박스네트워크,2025,CFS,BS,재무상태표,dart-audit_Equity,자본총계,-87891190875.0,-94236937101.0,,KRW,audit_report,20260413002333,False
01375682,샌드박스네트워크,2025,CFS,CIS,포괄손익계산서,dart-audit_Revenue,I. 영업수익,73147510889.0,64472805935.0,,KRW,audit_report,20260413002333,False
01375682,샌드박스네트워크,2025,CFS,CIS,포괄손익계산서,dart-audit_OperatingIncomeLoss,III. 영업손실,-4273011835.0,-4702164076.0,,KRW,audit_report,20260413002333,False
01375682,샌드박스네트워크,2025,CFS,CIS,포괄손익계산서,dart-audit_ProfitLoss,X. 당기순손실,-4512363070.0,-4160999816.0,,KRW,audit_report,20260413002333,False
01375682,샌드박스네트워크,2025,OFS,BS,재무상태표,dart-audit_Assets,자산총계,36398289154.0,31955802993.0,,KRW,audit_report,20260413002332,False
01375682,샌드박스네트워크,2025,OFS,BS,재무상태표,dart-audit_Liabilities,부채총계,124170187865.0,123645085228.0,,KRW,audit_report,20260413002332,False
01375682,샌드박스네트워크,2025,OFS,BS,재무상태표,dart-audit_Equity,자본총계,-87771898711.0,-91689282235.0,,KRW,audit_report,20260413002332,False
01375682,샌드박스네트워크,2025,OFS,CIS,포괄손익계산서,dart-audit_Revenue,I. 영업수익,72369522061.0,63019663155.0,,KRW,audit_report,20260413002332,False
01375682,샌드박스네트워크,2025,OFS,CIS,포괄손익계산서,dart-audit_OperatingIncomeLoss,III. 영업손실,-4106646230.0,-3898569860.0,,KRW,audit_report,20260413002332,False
01375682,샌드박스네트워크,2025,OFS,CIS,포괄손익계산서,dart-audit_ProfitLoss,X. 당기순손실,-6939186212.0,-3442358670.0,,KRW,audit_report,20260413002332,False
01906622,패러블엔터테인먼트,2025,OFS,BS,재무상태표,dart-audit_Assets,자     산     총     계,9206282637.0,16906675717.0,,KRW,audit_report,20260407000075,False
01906622,패러블엔터테인먼트,2024,OFS,BS,재무상태표,dart-audit_Assets,자     산     총     계(전기 비교치),16906675717.0,,,KRW,audit_report,20260407000075,True
01906622,패러블엔터테인먼트,2025,OFS,BS,재무상태표,dart-audit_Liabilities,부     채     총     계,4707252317.0,3219372458.0,,KRW,audit_report,20260407000075,False
01906622,패러블엔터테인먼트,2024,OFS,BS,재무상태표,dart-audit_Liabilities,부     채     총     계(전기 비교치),3219372458.0,,,KRW,audit_report,20260407000075,True
01906622,패러블엔터테인먼트,2025,OFS,BS,재무상태표,dart-audit_Equity,자     본     총     계,4499030320.0,13687303259.0,,KRW,audit_report,20260407000075,False
01906622,패러블엔터테인먼트,2024,OFS,BS,재무상태표,dart-audit_Equity,자     본     총     계(전기 비교치),13687303259.0,,,KRW,audit_report,20260407000075,True
01906622,패러블엔터테인먼트,2025,OFS,CIS,포괄손익계산서,dart-audit_Revenue,Ⅰ. 매출액,21827033343.0,20950950397.0,,KRW,audit_report,20260407000075,False
01906622,패러블엔터테인먼트,2024,OFS,CIS,포괄손익계산서,dart-audit_Revenue,Ⅰ. 매출액(전기 비교치),20950950397.0,,,KRW,audit_report,20260407000075,True
01906622,패러블엔터테인먼트,2025,OFS,CIS,포괄손익계산서,dart-audit_OperatingIncomeLoss,Ⅴ. 영업이익(손실),-9096628575.0,1214424890.0,,KRW,audit_report,20260407000075,False
01906622,패러블엔터테인먼트,2024,OFS,CIS,포괄손익계산서,dart-audit_OperatingIncomeLoss,Ⅴ. 영업이익(손실)(전기 비교치),1214424890.0,,,KRW,audit_report,20260407000075,True
01906622,패러블엔터테인먼트,2025,OFS,CIS,포괄손익계산서,dart-audit_ProfitLoss,Ⅹ. 당기순이익(손실),-9188272939.0,1090832577.0,,KRW,audit_report,20260407000075,False
01906622,패러블엔터테인먼트,2024,OFS,CIS,포괄손익계산서,dart-audit_ProfitLoss,Ⅹ. 당기순이익(손실)(전기 비교치),1090832577.0,,,KRW,audit_report,20260407000075,True
01605556,브레이브엔터테인먼트,2021,OFS,BS,재무상태표,dart-audit_Assets,자     산     총     계,11770141492.0,4060366516.0,,KRW,audit_report,20230414001964,False
01605556,브레이브엔터테인먼트,2020,OFS,BS,재무상태표,dart-audit_Assets,자     산     총     계(전기 비교치),4060366516.0,,,KRW,audit_report,20230414001964,True
01605556,브레이브엔터테인먼트,2021,OFS,BS,재무상태표,dart-audit_Liabilities,부     채     총     계,17464162514.0,13337965719.0,,KRW,audit_report,20230414001964,False
01605556,브레이브엔터테인먼트,2020,OFS,BS,재무상태표,dart-audit_Liabilities,부     채     총     계(전기 비교치),13337965719.0,,,KRW,audit_report,20230414001964,True
01605556,브레이브엔터테인먼트,2021,OFS,BS,재무상태표,dart-audit_Equity,자     본     총     계,-5694021022.0,-9277599203.0,,KRW,audit_report,20230414001964,False
01605556,브레이브엔터테인먼트,2020,OFS,BS,재무상태표,dart-audit_Equity,자     본     총     계(전기 비교치),-9277599203.0,,,KRW,audit_report,20230414001964,True
01605556,브레이브엔터테인먼트,2021,OFS,CIS,포괄손익계산서,dart-audit_OperatingIncomeLoss,Ⅴ. 영업이익(손실),3280720555.0,-1914989456.0,,KRW,audit_report,20230414001964,False
01605556,브레이브엔터테인먼트,2020,OFS,CIS,포괄손익계산서,dart-audit_OperatingIncomeLoss,Ⅴ. 영업이익(손실)(전기 비교치),-1914989456.0,,,KRW,audit_report,20230414001964,True
01605556,브레이브엔터테인먼트,2021,OFS,CIS,포괄손익계산서,dart-audit_ProfitLoss,X. 당기순이익(손실),2083548181.0,-2938717867.0,,KRW,audit_report,20230414001964,False
01605556,브레이브엔터테인먼트,2020,OFS,CIS,포괄손익계산서,dart-audit_ProfitLoss,X. 당기순이익(손실)(전기 비교치),-2938717867.0,,,KRW,audit_report,20230414001964,True
01605556,브레이브엔터테인먼트,2022,OFS,BS,재무상태표,dart-audit_Assets,자     산     총     계,6867213902.0,11770141492.0,,KRW,audit_report,20230414002029,False
01605556,브레이브엔터테인먼트,2022,OFS,BS,재무상태표,dart-audit_Liabilities,부     채     총     계,12240284959.0,17464162514.0,,KRW,audit_report,20230414002029,False
01605556,브레이브엔터테인먼트,2022,OFS,BS,재무상태표,dart-audit_Equity,자     본     총     계,-5373071057.0,-5694021022.0,,KRW,audit_report,20230414002029,False
01605556,브레이브엔터테인먼트,2022,OFS,CIS,포괄손익계산서,dart-audit_OperatingIncomeLoss,Ⅴ. 영업이익(손실),-414681697.0,3280720555.0,,KRW,audit_report,20230414002029,False
01605556,브레이브엔터테인먼트,2022,OFS,CIS,포괄손익계산서,dart-audit_ProfitLoss,X. 당기순이익(손실),-1779141073.0,2083548181.0,,KRW,audit_report,20230414002029,False
