event_id,first_seen,date,type,title
2026-08-27_합방_이터널리턴,2026-08-29,2026-08-27,합방,이터널 리턴
2026-08-25_커버곡_콧치노켄토네기꺼이はいよろこんでこっちのけんとㅣ,2026-08-29,2026-08-25,커버곡,"콧치노 켄토 - 네, 기꺼이 [はいよろこんで / こっちのけんと]ㅣ네네코 마시로 x 텐코 시부키 Cover"
2026-08-22_커버곡_4K숨바꼭질かくれんぼAliA유즈하리코Yuzu,2026-08-29,2026-08-22,커버곡,[4K] 숨바꼭질 かくれんぼ - AliA / 유즈하 리코 Yuzuha Riko cover
2026-08-16_커버곡_논브레스오블리주ノンブレスオブリージュピノキオピ,2026-08-29,2026-08-16,커버곡,논브레스 오블리주 [ノンブレス・オブリージュ / ピノキオピー ] / 하나코 나나 COVER
2026-08-16_합방_데드바이데이라이트,2026-08-29,2026-08-16,합방,데드 바이 데이라이트
2026-08-11_커버곡_4K네가아니면안될것같아君じゃなきゃダメみたい大,2026-08-29,2026-08-11,커버곡,[4K] 네가 아니면 안될 것 같아 君じゃなきゃダメみたい - 大石昌良 / 유즈하 리코 x 텐코 시부키 x 하나코 나나 cover
2026-08-11_커버곡_소녀레이みきとP少女レイ아오쿠모린AokumoR,2026-08-29,2026-08-11,커버곡,소녀레이 [みきとP 『 少女レイ』] / 아오쿠모 린(Aokumo Rin) Cover
2026-08-10_커버곡_명일방주엔드필드리노EP미랫빛라이더Mirair,2026-08-29,2026-08-10,커버곡,「명일방주: 엔드필드」 리노 EP - 미랫빛 라이더 Mirairo Riderㅣ아카네 리제(Akane Lize) 【COVER】
2026-08-07_커버곡_희극Comedy喜劇호시노겐하나코나나COVER,2026-08-29,2026-08-07,커버곡,희극 (Comedy) [喜劇 / 호시노 겐] / 하나코 나나 COVER
2026-08-04_커버곡_4K히로인육성계획ヒロイン育成計画HoneyWo,2026-08-29,2026-08-04,커버곡,[4K] 히로인 육성계획 ヒロイン育成計画 - HoneyWorks / 유즈하 리코 Yuzuha Riko cover
2026-07-31_커버곡_우리쓰레기분리수거단我らゴミ分別団아오쿠모린x유,2026-08-29,2026-07-31,커버곡,우리! 쓰레기 분리수거단 (我ら！ゴミ分別団) - 아오쿠모 린 x 유즈하 리코 (Aokumo Rin x Yuzuha Riko) Cover
2026-07-28_커버곡_4K팝핀캔디피버PoppinCandyFever,2026-08-29,2026-07-28,커버곡,[4K] 팝핀 캔디☆피버! (Poppin' Candy☆Fever!) - キノシタ / 유즈하 리코 Yuzuha Riko & 아오쿠모 린 Aokumo Rin cover
2026-07-21_커버곡_4KセカイSEKAIDECO27kemu유즈하리,2026-08-29,2026-07-21,커버곡,[4K] セカイ(SEKAI) - DECO*27 & kemu / 유즈하 리코 (Yuzuha Riko) cover
2026-07-19_커버곡_4K사랑은마치뮤지컬레드북No9유즈하리코Yuz,2026-08-29,2026-07-19,커버곡,[4K] 사랑은 마치 - 뮤지컬 '레드북' No.9 / 유즈하 리코 (Yuzuha Riko) cover
2026-07-15_커버곡_서머타임레코드サマータイムレコードじん유즈하리코,2026-08-29,2026-07-15,커버곡,서머타임레코드 [サマータイムレコード / じん] / 유즈하 리코 (Yuzuha Riko) cover
2026-07-13_합방_팰월드,2026-08-29,2026-07-13,합방,팰월드
2026-07-11_콘서트_아카네리제첫단독콘서트,2026-08-29,2026-07-11,콘서트,아카네 리제 첫 단독 콘서트
2026-07-10_커버곡_아빠라고불러봤더니생긴일,2026-08-29,2026-07-10,커버곡,'아빠' 라고 불러봤더니 생긴 일
2026-07-07_커버곡_BoooTOKOTOKOl사키하네후야Sakih,2026-08-29,2026-07-07,커버곡,Booo! - TOKOTOKO l 사키하네 후야(Sakihane Huya) Cover
2026-07-04_커버곡_청록BlueRockitsㅣ아카네리제Akane,2026-08-29,2026-07-04,커버곡,청록[Blue Rock] - it'sㅣ아카네 리제(Akane Lize) 【COVER】
2026-06-29_커버곡_친애하는소년이여拝啓少年よHumpBack텐코시,2026-08-29,2026-06-29,커버곡,친애하는 소년이여 (拝啓、少年よ / Hump Back)  / 텐코 시부키 (Tenko Shibuki) cover
2026-06-28_커버곡_물떼새ヨルシカ千鳥아오쿠모린AokumoRinC,2026-08-29,2026-06-28,커버곡,물떼새(ヨルシカ - 千鳥) / 아오쿠모 린(Aokumo Rin) Cover
2026-06-25_합방_2026FIFA북중미월드컵대한민국,2026-08-29,2026-06-25,합방,2026 FIFA 북중미 월드컵 · 대한민국
2026-06-23_합방_마인크래프트봉켓몬,2026-08-29,2026-06-23,합방,마인크래프트 · 봉켓몬
2026-06-22_커버곡_LoveitbizZERAfeatLOLUET하,2026-08-29,2026-06-22,커버곡,Loveit? - biz×ZERA(feat.LOLUET) / 하나코 나나 COVER
2026-06-20_커버곡_밤새도록널생각해夜もすがら君想ふTOKOTOKO,2026-08-29,2026-06-20,커버곡,밤새도록 널 생각해[夜もすがら君想ふ] - TOKOTOKOㅣ아라하시 타비 Cover
2026-06-19_합방_2026FIFA북중미월드컵대한민국,2026-08-29,2026-06-19,합방,2026 FIFA 북중미 월드컵 · 대한민국
2026-06-13_커버곡_4K호시아이ホシアイ텐코시부키3DLiveCov,2026-08-29,2026-06-13,커버곡,[4K] 호시아이(ホシアイ) / 텐코 시부키 3D Live Cover
2026-06-12_합방_2026FIFA북중미월드컵,2026-08-29,2026-06-12,합방,2026 FIFA 북중미 월드컵
2026-06-11_커버곡_행운을빌어줘Ajourney원필DAY6ㅣ아라하,2026-08-29,2026-06-11,커버곡,행운을 빌어 줘[A journey] - 원필(DAY6)ㅣ아라하시 타비 Cover
2026-06-11_커버곡_舞台に立って무대에서서YOASOBIㅣ아카네리제,2026-08-29,2026-06-11,커버곡,舞台に立って(무대에 서서) - YOASOBIㅣ아카네 리제(Akane Lize) 【COVER】
2026-06-11_합방_3주년,2026-08-29,2026-06-11,합방,3주년
2026-06-10_커버곡_망상아스파탐妄想アスパルテーム네네코마시로Cov,2026-08-29,2026-06-10,커버곡,망상 아스파탐 妄想アスパルテーム |  네네코 마시로 Cover
2026-06-10_커버곡_내일또보자またあしたふわりP시라유키히나Cove,2026-08-29,2026-06-10,커버곡,내일 또 보자(またあした) - ふわりP | 시라유키 히나 Cover
2026-06-09_커버곡_4KStaRtMrsGREENAPPLE텐코시부,2026-08-29,2026-06-09,커버곡,[4K] StaRt (Mrs. GREEN APPLE )/ 텐코 시부키 3D Live Cover
2026-06-07_커버곡_4K완전감각Dreamer完全感覚Dreamer,2026-08-29,2026-06-07,커버곡,[4K] 완전감각Dreamer (完全感覚Dreamer) / 아오쿠모 린(Aokumo Rin) Cover
2026-06-06_커버곡_4KPOPSTARSNerissaRavencr,2026-08-29,2026-06-06,커버곡,[4K] POP/STARS / Nerissa Ravencroft(네리사 레이븐크로프트) x 아오쿠모 린(Aokumo Rin) Cover
2026-06-05_커버곡_4K신의뜻대로神のまにまにㅣれるりり텐코시부키x,2026-08-29,2026-06-05,커버곡,[4K] 신의 뜻대로 [ 神のまにまにㅣれるりり] / 텐코 시부키 x 아오쿠모 린 x 하나코 나나 x 유즈하 리코 3D Live Cover
2026-06-04_커버곡_4K귀엽기만하면안되나요かわいいだけじゃだめです,2026-08-29,2026-06-04,커버곡,[4K] 귀엽기만 하면 안 되나요? (かわいいだけじゃだめですか？) / 아야츠노 유니 X 시라유키 히나 X 아오쿠모 린 Cover
2026-06-03_커버곡_4K에고록エゴロック아야츠노유니X아오쿠모린Co,2026-08-29,2026-06-03,커버곡,[4K] 에고 록 (エゴロック) / 아야츠노 유니 X 아오쿠모 린 Cover
2026-06-03_커버곡_4K잡어雑魚feat亞北ネル텐코시부키x네네코마,2026-08-29,2026-06-03,커버곡,[4K] 잡어 [ 雑魚 (feat.亞北ネル) ] / 텐코 시부키 x 네네코 마시로 3D Live Cover
2026-06-01_커버곡_4K있잖아있잖아있잖아ねぇねぇねぇ시라유키히나x,2026-08-29,2026-06-01,커버곡,[4K] 있잖아 있잖아 있잖아. (ねぇねぇねぇ。) / 시라유키 히나 x 아오쿠모 린 Cover
2026-05-31_커버곡_4K댄스로봇댄스ダンスロボットダンス아오쿠모린A,2026-08-29,2026-05-31,커버곡,[4K] 댄스 로봇 댄스 (ダンスロボットダンス) / 아오쿠모 린(Aokumo Rin) Cover
2026-05-29_커버곡_4K여우비텐코시부키3DLiveCover,2026-08-29,2026-05-29,커버곡,[4K] 여우비 / 텐코 시부키 3D Live Cover
2026-05-28_커버곡_악마가아닌걸DECO27xピノキオピー유즈하리코,2026-08-29,2026-05-28,커버곡,악마가 아닌걸 [DECO*27 x ピノキオピー] / 유즈하 리코 Yuzuha Riko x 네네코 마시로 Neneko Mashiro Cover
2026-05-27_커버곡_MrsGREENAPPLE춘수春愁시라유키히나C,2026-08-29,2026-05-27,커버곡,Mrs. GREEN APPLE - 춘수(春愁) | 시라유키 히나 Cover
2026-05-27_커버곡_4K숨바꼭질かくれんぼㅣAliA텐코시부키3DL,2026-08-29,2026-05-27,커버곡,[4K] 숨바꼭질 [ かくれんぼㅣAliA ] / 텐코 시부키 3D Live Cover
2026-05-26_합방_갈틱폰,2026-08-29,2026-05-26,합방,갈틱폰
2026-05-24_커버곡_driverslicenseOliviaRodr,2026-08-29,2026-05-24,커버곡,drivers license - Olivia Rodrigo / 하나코 나나 COVER
2026-05-23_커버곡_Hollowness미나미美波ㅣ아카네리제Aka,2026-08-29,2026-05-23,커버곡,Hollowness - 「미나미 / 美波」ㅣ아카네 리제(Akane Lize) 【COVER】
2026-05-23_합방_마인크래프트모라하지마,2026-08-29,2026-05-23,합방,마인크래프트 · 모라하지마
2026-05-22_커버곡_4KMeltメルトsupercell시라유키히나,2026-08-29,2026-05-22,커버곡,[4K] Melt (メルト/supercell ) / 시라유키 히나 3D Live Cover
2026-05-21_커버곡_오네가이달링おねがいダーリンONEナナホシ管弦楽,2026-08-29,2026-05-21,커버곡,오네가이 달링 「おねがいダーリン」 (ONE - ナナホシ管弦楽団) - 아야츠노 유니 Cover
2026-05-19_합방_오버워치,2026-08-29,2026-05-19,합방,오버워치
2026-05-18_커버곡_나에게꽃다발わたしに花束Ado텐코시부키Tenk,2026-08-29,2026-05-18,커버곡,나에게 꽃다발 [わたしに花束 - Ado] / 텐코 시부키(Tenko Shibuki) cover
2026-05-03_커버곡_댄스홀MrsGREENAPPLEダンスホール아오,2026-08-29,2026-05-03,커버곡,댄스홀 (Mrs. GREEN APPLE 「ダンスホール」) / 아오쿠모 린(Aokumo Rin) Cover
2026-04-30_커버곡_MeltCPKRemix初音ミクverryosu,2026-08-29,2026-04-30,커버곡,Melt CPK! Remix (初音ミク ver.) [ryo (supercell)] l 사키하네 후야(Sakihane Huya) Cover
2026-04-30_커버곡_Orangeオレンジ4월은너의거짓말ED유즈하리,2026-08-29,2026-04-30,커버곡,Orange [ オレンジ / 4월은 너의 거짓말 ED ] 유즈하 리코 (Yuzuha Riko) cover
2026-04-19_커버곡_orion米津玄師요네즈켄시ㅣ아카네리제Akan,2026-08-29,2026-04-19,커버곡,orion - [米津玄師 / 요네즈 켄시] ㅣ아카네 리제(Akane Lize) 【COVER】
2026-04-19_커버곡_아이네클라이네アイネクライネ요네즈켄시아오쿠모린,2026-08-29,2026-04-19,커버곡,아이네 클라이네 (アイネクライネ : 요네즈 켄시) / 아오쿠모 린(Aokumo Rin) Cover
2026-04-18_커버곡_AcaciaBUMPOFCHICKENPokém,2026-08-29,2026-04-18,커버곡,Acacia (BUMP OF CHICKEN) / Pokémon GOTCHA！| 시라유키 히나 Cover
2026-04-13_커버곡_숨바꼭질かくれんぼㅣAliA유즈하리코Yuzuh,2026-08-29,2026-04-13,커버곡,숨바꼭질 [ かくれんぼㅣAliA ] / 유즈하 리코 Yuzuha Riko cover
2026-04-03_커버곡_커버곡많관부,2026-08-29,2026-04-03,커버곡,커버곡 많관부!
2026-04-01_합방_PUBG배틀그라운드클리셰,2026-08-29,2026-04-01,합방,PUBG: 배틀그라운드 · 클리셰
2026-04-01_커버곡_원하는노래가없어아쉬웠던당신을위한거짓말같은플레,2026-08-29,2026-04-01,커버곡,원하는 노래가 없어 아쉬웠던 당신을 위한 거짓말 같은 플레이리스트 #vtuber #shorts #cover
2026-03-30_커버곡_푸른하늘의랩소디青空のラプソディ코바야시네메이드,2026-08-29,2026-03-30,커버곡,푸른 하늘의 랩소디 [青空のラプソディ/ 코바야시네 메이드래곤 OP] l 사키하네 후야(Sakihane Huya) Cover
2026-03-29_커버곡_StellarStellar星街すいせいㅣ아카네,2026-08-29,2026-03-29,커버곡,Stellar Stellar - [星街すいせい] ㅣ아카네 리제(Akane Lize) 【COVER】
2026-03-28_커버곡_사랑감기에실려恋風邪にのせてVaundyㅣ아라하,2026-08-29,2026-03-28,커버곡,사랑 감기에 실려 [恋風邪にのせて - Vaundy]ㅣ아라하시 타비 Cover
2026-03-26_커버곡_phony포니ツミキ유즈하리코YuzuhaRik,2026-08-29,2026-03-26,커버곡,phony [포니 / ツミキ] / 유즈하 리코 Yuzuha Riko cover
2026-03-25_합방_붉은사막,2026-08-29,2026-03-25,합방,붉은사막
2026-03-25_커버곡_Oh타다노카에데只野楓아오쿠모린AokumoRi,2026-08-29,2026-03-25,커버곡,Oh... [타다노 카에데 只野 楓] / 아오쿠모 린(Aokumo Rin) Cover
2026-03-22_커버곡_OneLastKiss宇多田ヒカル신에반게리온극,2026-08-29,2026-03-22,커버곡,"One Last Kiss - 『宇多田ヒカル, 신 에반게리온 극장판  𝄇  OST / 하나코 나나 COVER"
2026-03-21_커버곡_행복에대해내가생각한것幸せについて僕が考えたこと,2026-08-29,2026-03-21,커버곡,행복에 대해 내가 생각한 것 『幸せについて、僕が考えたこと』 / 텐코 시부키(Tenko Shibuki) cover
2026-03-19_합방_오버워치,2026-08-29,2026-03-19,합방,오버워치
2026-03-17_커버곡_ray초超카구야공주VerBUMPOFCHICK,2026-08-29,2026-03-17,커버곡,ray - 초(超) 카구야 공주! Ver. / BUMP OF CHICKEN | 시라유키 히나 x 아카네 리제 Cover
2026-03-14_커버곡_메이드지상주의メイド至上主義ㅣ네네코마시로x아오,2026-08-29,2026-03-14,커버곡,메이드지상주의 [メイド☆至上主義]ㅣ네네코 마시로 x 아오쿠모 린 Cover
2026-03-09_커버곡_세계는사랑에빠져있어시라유키히나3DLiveCo,2026-08-29,2026-03-09,커버곡,세계는 사랑에 빠져있어💌 / 시라유키 히나 3D Live Cover #honeyworks #世界は恋に落ちている #vtuber #shorts
2026-03-06_커버곡_리제와1000일을함께해줘서고맙느뇨vtuber,2026-08-29,2026-03-06,커버곡,리제와 1000일을 함께해줘서 고맙느뇨❤️ #vtuber #shorts #cover
2026-03-02_커버곡_4K순연애의잉곳純恋愛のインゴットㅣ아라하시타비,2026-08-29,2026-03-02,커버곡,[4K] 순연애의 잉곳(純恋愛のインゴット)ㅣ아라하시 타비(Arahashi Tabi) 「Live Cover」
2026-02-27_커버곡_주름맞추기しわあわせVaundyㅣ아카네리제Ak,2026-08-29,2026-02-27,커버곡,주름 맞추기 [しわあわせ - Vaundy] ㅣ아카네 리제(Akane Lize) 【COVER】
2026-02-24_커버곡_AIZOKingGnu아오쿠모린AokumoRi,2026-08-29,2026-02-24,커버곡,AIZO [King Gnu] / 아오쿠모 린(Aokumo Rin) Cover
2026-02-22_합방_마인크래프트,2026-08-29,2026-02-22,합방,마인크래프트
2026-02-22_합방_오픈런,2026-08-29,2026-02-22,합방,오픈런
2026-02-22_합방_픽크타,2026-08-29,2026-02-22,합방,픽크타
2026-02-20_커버곡_녹황색사회Mela시라유키히나3DLiveCov,2026-08-29,2026-02-20,커버곡,녹황색사회 - Mela! / 시라유키 히나 3D Live Cover #mela #緑黄色社会 #vtuber #shorts
2026-02-18_커버곡_4KLADY요네즈켄시ㅣ아라하시타비Arahas,2026-08-29,2026-02-18,커버곡,[4K] LADY (요네즈 켄시)ㅣ아라하시 타비(Arahashi Tabi) 「Live Cover」
2026-02-17_커버곡_죄와벌罪と罰椎名林檎시이나링고하나코나나COVE,2026-08-29,2026-02-17,커버곡,죄와 벌(罪と罰) [椎名林檎(시이나 링고)] / 하나코 나나 COVER
2026-02-17_커버곡_히나와이지금시라유키히나3DLiveCoverI,2026-08-29,2026-02-17,커버곡,히나와 이 지금!🎀 / 시라유키 히나 3D Live Cover #IU #이지금 #vtuber #shorts
2026-02-16_커버곡_바다의유령海の幽霊KenshiYonezu시라유,2026-08-29,2026-02-16,커버곡,바다의 유령 (海の幽霊) - Kenshi Yonezu | 시라유키 히나 Cover
2026-02-15_커버곡_4KMela녹황색사회緑黄色社会시라유키히나3D,2026-08-29,2026-02-15,커버곡,[4K] Mela! - 녹황색사회 (緑黄色社会) | 시라유키 히나 3D Live Cover
2026-02-15_합방_리그오브레전드,2026-08-29,2026-02-15,합방,리그 오브 레전드
2026-02-14_커버곡_chocolateboxdezzy一億円P아오쿠,2026-08-29,2026-02-14,커버곡,chocolate box [dezzy(一億円P)] - 아오쿠모 린 x 아야츠노 유니 Cover
2026-02-14_커버곡_히나한테팬서비스받을사람시라유키히나3DLive,2026-08-29,2026-02-14,커버곡,히나한테 팬서비스 받을 사람!!!!!!!!😋 / 시라유키 히나 3D Live Cover #ファンサ #HoneyWorks #vtuber #shorts
2026-02-14_커버곡_부키커버모음붘플리shortsvtubercov,2026-08-29,2026-02-14,커버곡,부키 커버 모음! 붘플리🎶💜  #shorts #vtuber #cover
2026-02-14_커버곡_ラブレターYOASOBI텐코시부키TenkoSh,2026-08-29,2026-02-14,커버곡,ラブレター (YOASOBI) / 텐코 시부키(Tenko Shibuki) cover
2026-02-14_커버곡_CHEWINGLUV아야츠노유니l사키하네후야S,2026-08-29,2026-02-14,커버곡,CHEWING LUV [아야츠노 유니] l 사키하네 후야(Sakihane Huya) Cover
2026-02-14_커버곡_한페이지가될수있게DAY6ㅣ아라하시타비X네코타,2026-08-29,2026-02-14,커버곡,한 페이지가 될 수 있게 [DAY6]ㅣ아라하시 타비X네코타 츠나 「COVER」
2026-02-10_커버곡_4K세계는사랑에빠져있어世界は恋に落ちている시라,2026-08-29,2026-02-10,커버곡,[4K] 세계는 사랑에 빠져있어 (世界は恋に落ちている) | 시라유키 히나 3D Live Cover
2026-02-08_합방_리그오브레전드,2026-08-29,2026-02-08,합방,리그 오브 레전드
2026-02-06_커버곡_4KIU이지금dlwlrma시라유키히나3DLi,2026-08-29,2026-02-06,커버곡,[4K] IU - 이 지금 (dlwlrma) | 시라유키 히나 3D Live Cover
2026-02-01_합방_봉봉팜,2026-08-29,2026-02-01,합방,봉봉팜
2026-02-01_합방_마인크래프트,2026-08-29,2026-02-01,합방,마인크래프트
2026-01-31_커버곡_계절범죄Miiro미로시라유키히나Cover,2026-08-29,2026-01-31,커버곡,계절범죄 - Miiro(미로) | 시라유키 히나 Cover
2026-01-31_커버곡_DAYBREAKFRONTLINE텐코시부키Te,2026-08-29,2026-01-31,커버곡,DAYBREAK FRONTLINE / 텐코 시부키(Tenko Shibuki) cover
2026-01-29_커버곡_4K팬서비스ファンサHoneyWorks시라유키,2026-08-29,2026-01-29,커버곡,[4K] 팬서비스 (ファンサ / HoneyWorks) | 시라유키 히나 3D Live Cover
2026-01-28_커버곡_앨리스인냉동고시라유키히나3DLiveCover,2026-08-29,2026-01-28,커버곡,앨리스 인 냉동고🧊 / 시라유키 히나 3D Live Cover #alicein冷凍庫 #orangestar #vtuber #shorts
2026-01-27_커버곡_4K앨리스인냉동고Alicein冷凍庫시라유키히,2026-08-29,2026-01-27,커버곡,[4K] 앨리스 인 냉동고 (Alice in 冷凍庫) / 시라유키 히나 3D Live Cover
2026-01-25_커버곡_밤을달리다夜に駆けるYOASOBI유즈하리코Yu,2026-08-29,2026-01-25,커버곡,밤을 달리다 夜に駆ける - YOASOBI / 유즈하 리코 Yuzuha Riko cover
2026-01-24_커버곡_카가리비토カガリビトmillstones아오쿠모,2026-08-29,2026-01-24,커버곡,카가리비토 [カガリビト - millstones] / 아오쿠모 린(Aokumo Rin) Cover
2026-01-19_커버곡_RAIN강철의연금술사OST鋼の錬金術師SID하,2026-08-29,2026-01-19,커버곡,"RAIN [강철의 연금술사 OST 鋼の錬金術師, SID] / 하나코 나나 COVER"
2026-01-19_커버곡_리코가커버한노래중최고는vtubershorts,2026-08-29,2026-01-19,커버곡,리코가 커버한 노래 중 최고는? #vtuber #shorts #스텔라이브 #리코
2026-01-05_커버곡_Meltメルトsupercell시라유키히나Co,2026-08-29,2026-01-05,커버곡,Melt (メルト/supercell ) | 시라유키 히나 Cover
2026-01-01_합방_같이,2026-08-29,2026-01-01,합방,같이
2026-01-01_커버곡_최근화제의곡을커버한스트리머vtubershor,2026-08-29,2026-01-01,커버곡,최근 화제의 곡을 커버한 스트리머 #vtuber #shorts #스텔라이브 #리코 #용사툰
2025-12-30_커버곡_사신요네즈켄시아오쿠모린AokumoRinCov,2026-08-29,2025-12-30,커버곡,사신 (요네즈 켄시) / 아오쿠모 린(Aokumo Rin) Cover
2025-12-29_합방_마지막,2026-08-29,2025-12-29,합방,마지막
2025-12-26_합방_크리스마스,2026-08-29,2025-12-26,합방,크리스마스
2025-12-25_커버곡_참생활真生活KAKASHI아야츠노유니Cover,2026-08-29,2025-12-25,커버곡,참생활 「真生活」 (KAKASHI) - 아야츠노 유니 Cover
2025-12-25_커버곡_Numberonerockstar다영DAYOU,2026-08-29,2025-12-25,커버곡,Number one rockstar [다영 DAYOUNG] - 아라하시 타비 Cover
2025-12-25_커버곡_AllIWantForChristmasIsYo,2026-08-29,2025-12-25,커버곡,All I Want For Christmas Is You (Kinyopio Ver.) / 아오쿠모 린(Aokumo Rin) Cover
2025-12-25_커버곡_히로인backnumberヒロイン유즈하리코Yu,2026-08-29,2025-12-25,커버곡,히로인 (back number - ヒロイン) / 유즈하 리코 (Yuzuha Riko) cover
2025-12-25_커버곡_크리스마스송クリスマスソング시라유키히나Cove,2026-08-29,2025-12-25,커버곡,크리스마스 송(クリスマスソング) | 시라유키 히나 Cover
2025-12-25_커버곡_메리크리メリクリBoA텐코시부키TenkoShi,2026-08-29,2025-12-25,커버곡,메리크리(メリクリ) BoA / 텐코 시부키(Tenko Shibuki) cover
2025-12-23_합방_멋사,2026-08-29,2025-12-23,합방,멋사
2025-12-23_합방_서버,2026-08-29,2025-12-23,합방,서버
2025-12-22_합방_마인크래프트,2026-08-29,2025-12-22,합방,마인크래프트
2025-12-19_커버곡_2025년쿠리미들의린커버곡픽은shortsco,2026-08-29,2025-12-19,커버곡,2025년 쿠리미들의 린 커버곡 픽은?✨️ #shorts #cover
2025-12-18_커버곡_케세라세라MrsGREENAPPLEケセラセラㅣ,2026-08-29,2025-12-18,커버곡,케세라세라 [Mrs. GREEN APPLE - ケセラセラ] ㅣ아카네 리제(Akane Lize) 【COVER】
2025-12-17_합방_리그오브레전드내전,2026-08-29,2025-12-17,합방,리그 오브 레전드 · 내전
2025-12-14_커버곡_BIGNaughty서동현JokerFeatJA,2026-08-29,2025-12-14,커버곡,BIG Naughty (서동현) - Joker (Feat. JAMIE) | 하나코 나나 x 시라유키 히나 Cover
2025-12-11_커버곡_인스타에서알고리즘탄무반주발묘출항抜錨아카네리제,2026-08-29,2025-12-11,커버곡,인스타에서 알고리즘탄 무반주 발묘 / 출항(抜錨)｜아카네 리제 COVER #vtuber #cover
2025-12-05_커버곡_토도로키하지메轟はじめx하나코나나花子ナナTOM,2026-08-29,2025-12-05,커버곡,토도로키 하지메 (轟はじめ) x 하나코 나나 (花子ナナ) - TOMBOY (I-DLE) Cover
2025-12-04_커버곡_출항抜錨발묘나나호시관현악단ナナホシ管弦楽団ㅣ아,2026-08-29,2025-12-04,커버곡,출항 [抜錨(발묘) / 나나호시 관현악단 ナナホシ管弦楽団] ㅣ아카네 리제(Akane Lize) 【COVER】
2025-11-27_커버곡_목마름을외치다美波カワキヲアメク유즈하리코Yuz,2026-08-29,2025-11-27,커버곡,목마름을 외치다 (美波 - カワキヲアメク) / 유즈하 리코 (Yuzuha Riko) cover
2025-11-21_커버곡_깜빡임瞬きbacknumberarrangeve,2026-08-29,2025-11-21,커버곡,"깜빡임 (瞬き, back number) arrange ver. | 시라유키 히나 Cover"
2025-11-14_커버곡_생명에게미움받고있어命に嫌われている텐코시부키T,2026-08-29,2025-11-14,커버곡,생명에게 미움받고 있어 (命に嫌われている。) / 텐코 시부키(Tenko Shibuki) cover
2025-11-13_커버곡_수평선水平線backnumber하나코나나COV,2026-08-29,2025-11-13,커버곡,"수평선 (水平線, back number) / 하나코 나나 COVER"
2025-11-11_커버곡_STAYTheKidLAROIJustinBie,2026-08-29,2025-11-11,커버곡,"STAY (The Kid LAROI, Justin Bieber) / 아오쿠모 린(Aokumo Rin) Cover"
2025-11-10_커버곡_4K벌거벗은용사裸の勇者아오쿠모린AokumoR,2026-08-29,2025-11-10,커버곡,[4K] 벌거벗은 용사 (裸の勇者) / 아오쿠모 린(Aokumo Rin) Cover
2025-11-09_커버곡_너에게메롱텐코시부키3DCover스텔라이브텐코,2026-08-29,2025-11-09,커버곡,너에게 메롱 / 텐코 시부키 3D Cover #스텔라이브 #텐코시부키
2025-11-09_커버곡_starwalkinㅣ아카네리제Livecove,2026-08-29,2025-11-09,커버곡,star walkin' ㅣ아카네리제 (Live cover)  티원 4시드의 엑조디아
2025-11-09_커버곡_IRISOUT요네즈켄시유즈하리코YuzuhaR,2026-08-29,2025-11-09,커버곡,IRIS OUT (요네즈 켄시) / 유즈하 리코(Yuzuha Riko) cover
2025-11-09_커버곡_4K스위트매직スイートマジック아오쿠모린Aoku,2026-08-29,2025-11-09,커버곡,[4K] 스위트 매직 (スイートマジック) / 아오쿠모 린(Aokumo Rin) Cover
2025-11-09_합방_선즈오브더포레스트,2026-08-29,2025-11-09,합방,선즈 오브 더 포레스트
2025-11-07_커버곡_4K차가운상어아가씨モエチャッカファイア아오쿠모,2026-08-29,2025-11-07,커버곡,[4K] 차가운상어아가씨 (モエチャッカファイア) / 아오쿠모 린(Aokumo Rin) Cover
2025-10-31_커버곡_モニタリングBestFriendRemixcov,2026-08-29,2025-10-31,커버곡,モニタリング (Best Friend Remix) cover  #モニタリング #shorts #animation #meme
2025-10-30_커버곡_4K선잠Leinaㅣ아카네리제AkaneLize,2026-08-29,2025-10-30,커버곡,[4K] 선잠 (Leina)ㅣ아카네 리제(Akane Lize) Live Cover
2025-10-28_커버곡_체인소맨레제편OSTJANEDOEKenshiY,2026-08-29,2025-10-28,커버곡,"💘체인소맨: 레제편 OST💘 | JANE DOE (Kenshi Yonezu, Hikaru Utada) #cover #vtuber #shorts"
2025-10-27_커버곡_JANEDOEKenshiYonezuHikar,2026-08-29,2025-10-27,커버곡,"JANE DOE (Kenshi Yonezu, Hikaru Utada) | 시라유키 히나 x 아오쿠모 린 Cover"
2025-10-26_커버곡_네리사레이븐크로프트x아오쿠모린Dynamite,2026-08-29,2025-10-26,커버곡,네리사 레이븐크로프트 x 아오쿠모 린 - Dynamite [BTS Cover]
2025-10-25_커버곡_숙명Official髭男dism宿命유즈하리코Y,2026-08-29,2025-10-25,커버곡,숙명 (Official髭男dism - 宿命) / 유즈하 리코 (Yuzuha Riko) cover
2025-10-23_커버곡_JANEDOEKenshiYonezuHikar,2026-08-29,2025-10-23,커버곡,"JANE DOE (Kenshi Yonezu, Hikaru Utada) ㅣ아카네 리제(Akane Lize) 【COVER】"
2025-10-21_커버곡_울려퍼져라Hibikaseヒビカセ하나코나나x텐,2026-08-29,2025-10-21,커버곡,울려퍼져라 (Hibikase ヒビカセ) / 하나코 나나 x 텐코 시부키 COVER
2025-10-20_커버곡_IRISOUTcoverchainsawmanチ,2026-08-29,2025-10-20,커버곡,IRIS OUT💣 #cover #chainsawman #チェンソーマン
2025-10-19_커버곡_IRISOUT요네즈켄시아오쿠모린AokumoR,2026-08-29,2025-10-19,커버곡,IRIS OUT (요네즈 켄시) / 아오쿠모 린(Aokumo Rin) Cover
2025-10-19_커버곡_4KEnemyImagineDragonsxJI,2026-08-29,2025-10-19,커버곡,[4K] Enemy - Imagine Dragons x J.I.D / 하나코 나나 3D Live Cover
2025-10-18_커버곡_4K가면무도회ㅣ아카네리제AkaneLizeLi,2026-08-29,2025-10-18,커버곡,[4K] 가면무도회ㅣ아카네 리제(Akane Lize) Live Cover
2025-10-17_합방_포켓몬레전드ZA,2026-08-29,2025-10-17,합방,포켓몬 레전드 Z-A
2025-10-16_커버곡_マシュマロDECO27marshmallowsh,2026-08-29,2025-10-16,커버곡,マシュマロ🍬 #DECO27 #marshmallow #shorts #cover
2025-10-13_합방_마인크래프트,2026-08-29,2025-10-13,합방,마인크래프트
2025-10-13_커버곡_4KオドループOddloopフレデリックFRED,2026-08-29,2025-10-13,커버곡,[4K] オドループ(Oddloop) - フレデリック(FREDERIC) / 하나코 나나 3D Live Cover
2025-10-12_커버곡_4Kテレパシ텔레파시DECO27하나코나나3DL,2026-08-29,2025-10-12,커버곡,[4K] テレパシ(텔레파시) - DECO*27 / 하나코 나나 3D Live Cover
2025-10-11_커버곡_HenceforthOrangestar유즈하리,2026-08-29,2025-10-11,커버곡,Henceforth - Orangestar / 유즈하 리코 (Yuzuha Riko) 3D cover
2025-10-11_커버곡_4KHenceforthOrangestar유즈,2026-08-29,2025-10-11,커버곡,[4K] Henceforth - Orangestar / 유즈하 리코 (Yuzuha Riko) cover
2025-10-10_커버곡_テレパシDECO27하나코나나3DCover스텔,2026-08-29,2025-10-10,커버곡,テレパシ  (DECO*27) / 하나코 나나 3D Cover #스텔라이브 #live #하나코나나
2025-10-08_커버곡_4KNotitleREOL유즈하리코Yuzuha,2026-08-29,2025-10-08,커버곡,[4K] No title - REOL / 유즈하 리코 (Yuzuha Riko) cover
2025-10-08_커버곡_NotitleREOL유즈하리코YuzuhaRi,2026-08-29,2025-10-08,커버곡,No title - REOL / 유즈하 리코 (Yuzuha Riko) 3D cover
2025-10-07_합방_마인크래프트,2026-08-29,2025-10-07,합방,마인크래프트
2025-10-05_커버곡_네모네모NEMONEMOYENA최예나유즈하리코,2026-08-29,2025-10-05,커버곡,네모네모(NEMONEMO) - YENA(최예나) / 유즈하 리코 (Yuzuha Riko) 3D cover #vtuber #shorts #스텔라이브 #리코
2025-10-05_커버곡_4K네모네모NEMONEMOYENA최예나유즈하,2026-08-29,2025-10-05,커버곡,[4K] 네모네모(NEMONEMO) - YENA(최예나) / 유즈하 리코 (Yuzuha Riko) cover
2025-10-04_커버곡_EnemyImagineDragonsxJID하,2026-08-29,2025-10-04,커버곡,Enemy (Imagine Dragons x J.I.D) / 하나코 나나 3D COVER #스텔라이브 #live #하나코나나
2025-10-02_커버곡_oddloopFREDERIC하나코나나3DCo,2026-08-29,2025-10-02,커버곡,oddloop (FREDERIC) / 하나코 나나 3D Cover #스텔라이브 #live #하나코나나
2025-10-01_커버곡_BunnyGirlAKASAKIㅣ아카네리제Ak,2026-08-29,2025-10-01,커버곡,Bunny Girl (AKASAKI)ㅣ아카네 리제(Akane Lize) 【COVER】
2025-09-28_커버곡_사랑해줘사랑해줘사랑해줘愛して愛して愛して시라유,2026-08-29,2025-09-28,커버곡,사랑해줘 사랑해줘 사랑해줘 (愛して愛して愛して) | 시라유키 히나 Cover
2025-09-28_커버곡_とんとんまーえ쿵쿵앞으로네네코마시로Cover,2026-08-29,2025-09-28,커버곡,とんとんまーえ！(쿵쿵 앞-으로!) - 네네코 마시로 Cover
2025-09-27_커버곡_SODAPOPSajaBoys아라하시ᄐ,2026-08-29,2025-09-27,커버곡,SODA POP [Saja Boys] - 아라하시 타비 Cover
2025-09-27_커버곡_프로포즈フロホースㅣ아카네리제AkaneLize,2026-08-29,2025-09-27,커버곡,프로포즈(プロポーズ)ㅣ아카네 리제(Akane Lize) 【COVER】
2025-09-27_커버곡_UNDEADYOASOBI텐코시부키3Dcove,2026-08-29,2025-09-27,커버곡,UNDEAD (YOASOBI) / 텐코 시부키 3D cover
2025-09-21_커버곡_미소녀무죄파이레츠美少女無罪パイレーツ유즈하리코,2026-08-29,2025-09-21,커버곡,미소녀무죄♡파이레츠 (美少女無罪♡パイレーツ) / 유즈하 리코 (Yuzuha Riko) cover
2025-09-20_커버곡_SurgesOrangestarㅣ아카네리제Ak,2026-08-29,2025-09-20,커버곡,Surges (Orangestar)ㅣ아카네 리제(Akane Lize) 【COVER】
2025-09-19_커버곡_별자리가될수있다면星座になれたらl사키하네후야S,2026-08-29,2025-09-19,커버곡,별자리가 될 수 있다면 (星座になれたら) l 사키하네 후야(Sakihane Huya) Cover
2025-09-18_커버곡_악마의아이悪魔の子시라유키히나Cover,2026-08-29,2025-09-18,커버곡,악마의 아이 (悪魔の子) | 시라유키 히나 Cover
2025-09-18_커버곡_SummerPaulBlancoFeatBEO하,2026-08-29,2025-09-18,커버곡,Summer (Paul Blanco Feat. BE′O) / 하나코 나나 COVER
2025-09-18_커버곡_LilacライラックMrsGREENAPPLE아,2026-08-29,2025-09-18,커버곡,Lilac 「ライラック」 (Mrs. GREEN APPLE) - 아야츠노 유니 Cover
2025-09-17_커버곡_전방향미소녀全方向美少女noa아오쿠모린Aoku,2026-08-29,2025-09-17,커버곡,전방향 미소녀 (全方向美少女 / noa) / 아오쿠모 린(Aokumo Rin) Cover
2025-09-07_커버곡_HealerDAY6ㅣ아라하시타비Arahash,2026-08-29,2025-09-07,커버곡,Healer [DAY6] ㅣ아라하시 타비(Arahashi Tabi) 「COVER」
2025-08-31_커버곡_シャンティSHANTIwotakuㅣ아카네리제A,2026-08-29,2025-08-31,커버곡,シャンティ(SHANTI) [wotaku]ㅣ아카네 리제(Akane Lize) 【COVER】
2025-08-30_커버곡_POPIN2최애의아이OST유즈하리코x아야츠노,2026-08-29,2025-08-30,커버곡,POP IN 2 (최애의 아이 OST) - 유즈하 리코 x 아야츠노 유니 x 아카네 리제 Cover
2025-08-27_커버곡_YOASOBI군청群青시라유키히나Cover,2026-08-29,2025-08-27,커버곡,YOASOBI - 군청(群青) | 시라유키 히나 Cover
2025-08-26_커버곡_RefrainAimerㅣ아라하시타비Araha,2026-08-29,2025-08-26,커버곡,Ref:rain - Aimerㅣ아라하시 타비(Arahashi Tabi) 「COVER」
2025-08-24_커버곡_KINGKanaria텐코시부키x아오쿠모린Te,2026-08-29,2025-08-24,커버곡,KING (Kanaria) / 텐코 시부키 x 아오쿠모 린 (Tenko Shibuki x Aokumo Rin) Cover
2025-08-22_커버곡_PLAYプレイGigaLive2Dshortsc,2026-08-29,2025-08-22,커버곡,PLAY(プレイ) - Giga⏯️ #Live2D #shorts #cover
2025-08-22_커버곡_PLAYプレイGigaLive2Dshortsc,2026-08-29,2025-08-22,커버곡,PLAY(プレイ) - Giga📸 #Live2D #shorts #cover
2025-08-21_커버곡_PLAYGigaプレイ아오쿠모린AokumoRi,2026-08-29,2025-08-21,커버곡,PLAY (Giga -プレイ) / 아오쿠모 린(Aokumo Rin) Cover
2025-08-17_커버곡_잿빛과푸름灰色と青아오쿠모린x유즈하리코Aoku,2026-08-29,2025-08-17,커버곡,잿빛과 푸름 (灰色と青) / 아오쿠모 린 x 유즈하 리코 (Aokumo Rin x Yuzuha Riko) Cover
2025-08-14_커버곡_체리팝チェリーポップ유즈하리코YuzuhaRik,2026-08-29,2025-08-14,커버곡,체리 팝 (チェリーポップ) / 유즈하 리코 (Yuzuha Riko) cover
2025-08-09_커버곡_푸름과여름MrsGREENAPPLE텐코시부키T,2026-08-29,2025-08-09,커버곡,푸름과 여름 (Mrs. GREEN APPLE) / 텐코 시부키(Tenko Shibuki) cover
2025-08-07_커버곡_죽는게나아ShinunogaEWa후지이카제하나,2026-08-29,2025-08-07,커버곡,죽는 게 나아 (Shinunoga E-Wa) [후지이 카제] / 하나코 나나 COVER
2025-08-06_커버곡_하나둘팬클럽いーあるふぁんくらぶㅣ네네코마시로x,2026-08-29,2025-08-06,커버곡,하나 둘 팬클럽 (いーあるふぁんくらぶ)ㅣ네네코 마시로 x 강지 Cover
2025-08-05_커버곡_걘아니야Pt1지코ZICO하나코나나COVER,2026-08-29,2025-08-05,커버곡,걘 아니야 Pt.1 [지코 (ZICO)] / 하나코 나나 COVER
2025-08-05_커버곡_걘아니야Pt2페노메코PENOMECO유즈하리코,2026-08-29,2025-08-05,커버곡,걘 아니야 Pt.2 [페노메코 (PENOMECO)] / 유즈하 리코(Yuzuha Riko) cover
2025-08-02_커버곡_GoldenHUNTRXKPopDemonHun,2026-08-29,2025-08-02,커버곡,Golden - HUNTR/X (KPop Demon Hunters)ㅣCover by Lize x Rin x Nana #golden #shorts
2025-08-01_커버곡_GoldenHUNTRXKPopDemonHun,2026-08-29,2025-08-01,커버곡,Golden - HUNTR/X (KPop Demon Hunters)ㅣ아카네 리제 x 아오쿠모 린 x 하나코 나나 【COVER】
2025-07-30_커버곡_Summertimecinnamonseveni,2026-08-29,2025-07-30,커버곡,Summertime (cinnamons × evening cinema) | 시라유키 히나(Shirayuki Hina) x 하나코 나나(Hanako Nana) Cover
2025-07-24_커버곡_ＷＲＫMILLENNIUMPARADE시이나링고,2026-08-29,2025-07-24,커버곡,Ｗ●ＲＫ (MILLENNIUM PARADE × 시이나 링고) / 아오쿠모 린 x 하나코 나나 Cover
2025-07-13_커버곡_とんとんまーえ쿵쿵앞으로아오쿠모린x텐코시부키C,2026-08-29,2025-07-13,커버곡,とんとんまーえ！(쿵쿵 앞-으로!) / 아오쿠모 린 x 텐코 시부키 Cover
2025-07-13_커버곡_취한줄을모르고酔いどれ知らずㅣ아카네리제Akan,2026-08-29,2025-07-13,커버곡,취한 줄을 모르고 (酔いどれ知らず)ㅣ아카네 리제(Akane Lize) 【COVER】
2025-07-11_커버곡_Summertime이터널리턴OST하나코나나C,2026-08-29,2025-07-11,커버곡,Summertime [이터널 리턴 OST] / 하나코 나나 COVER
2025-07-06_커버곡_도쿄섄디랑데부トウキョウシャンディランデヴ유즈하,2026-08-29,2025-07-06,커버곡,도쿄 섄디 랑데부 (トウキョウ・シャンディ・ランデヴ) / 유즈하 리코(Yuzuha Riko) cover
2025-07-06_커버곡_EnemyImagineDragonsxJID하,2026-08-29,2025-07-06,커버곡,Enemy [Imagine Dragons x J.I.D] / 하나코 나나 COVER
2025-07-05_커버곡_별자리가될수있다면星座になれたら아오쿠모린Aok,2026-08-29,2025-07-05,커버곡,별자리가 될 수 있다면 (星座になれたら) / 아오쿠모 린(Aokumo Rin) Cover
2025-07-05_커버곡_UNDEADYOASOBI텐코시부키TenkoS,2026-08-29,2025-07-05,커버곡,UNDEAD (YOASOBI) / 텐코 시부키(Tenko Shibuki) cover
2025-06-30_커버곡_LADYKenshiYonezu米津玄師시라유키,2026-08-29,2025-06-30,커버곡,LADY - KenshiYonezu(米津玄師) | 시라유키 히나 Cover
2025-06-25_커버곡_ThatsRightFrank유즈하리코Yuzu,2026-08-29,2025-06-25,커버곡,That's Right Frank! / 유즈하 리코(Yuzuha Riko) x 텐코 시부키 (Tenko Shibuki) cover
2025-06-15_커버곡_야화NightFlowerㅣ아라하시타비x하나코,2026-08-29,2025-06-15,커버곡,야화(Night Flower)ㅣ아라하시 타비 x 하나코 나나 「COVER」
2025-06-14_커버곡_晩餐歌tuki아오쿠모린AokumoRinCov,2026-08-29,2025-06-14,커버곡,晩餐歌 (tuki.) / 아오쿠모 린(Aokumo Rin) Cover
2025-06-14_합방_프로젝트좀보이드,2026-08-29,2025-06-14,합방,프로젝트 좀보이드
2025-06-11_커버곡_뱀파이어ヴァンパイアㅣ아카네리제AkaneLiz,2026-08-29,2025-06-11,커버곡,뱀파이어 (ヴァンパイア)ㅣ아카네 리제(Akane Lize) 【COVER】
2025-06-11_커버곡_새봄의노래Beginningㅣ아라하시타비Ara,2026-08-29,2025-06-11,커버곡,새봄의 노래 (Beginning)ㅣ아라하시 타비(Arahashi Tabi) 「COVER」
2025-06-10_커버곡_병명상사병病名恋ワズライㅣ네네코마시로Cover,2026-08-29,2025-06-10,커버곡,병명 상사병(病名恋ワズライ)ㅣ네네코 마시로 Cover
2025-06-07_커버곡_Henceforth유즈하리코YuzuhaRik,2026-08-29,2025-06-07,커버곡,Henceforth / 유즈하 리코(Yuzuha Riko) cover
2025-06-01_커버곡_눈싸움睨めっ娘텐코시부키TenkoShibuki,2026-08-29,2025-06-01,커버곡,눈싸움 (睨めっ娘) / 텐코 시부키(Tenko Shibuki) cover
2025-05-23_커버곡_LonelyUniverseロンリーユニバース시,2026-08-29,2025-05-23,커버곡,Lonely Universe(ロンリーユニバース) | 시라유키 히나(Shirayuki Hina) x 아오쿠모 린(Aokumo Rin) Cover
2025-05-21_커버곡_연애서큘레이션恋愛サーキュレーション아야츠노유니,2026-08-29,2025-05-21,커버곡,연애 서큘레이션 (恋愛サーキュレーション) - 아야츠노 유니 Cover
2025-05-20_커버곡_그나라의왕가는이상해마시로X리제COVER,2026-08-29,2025-05-20,커버곡,【 그 나라의 왕가는 이상해 】마시로 X 리제 COVER
2025-05-10_커버곡_GrandEscape날씨의아이OST하나코나나,2026-08-29,2025-05-10,커버곡,Grand Escape [날씨의 아이 OST] / 하나코 나나 COVER (Feat. Cliché)
2025-05-03_커버곡_StandByYouOfficial髭男dism,2026-08-29,2025-05-03,커버곡,Stand By You (Official髭男dism) / 아오쿠모 린(Aokumo Rin) Cover
2025-05-01_커버곡_UnbreakableSphere승리의여신니케,2026-08-29,2025-05-01,커버곡,Unbreakable Sphere (승리의 여신: 니케 OST) / 아오쿠모 린(Aokumo Rin) Cover
2025-04-29_커버곡_UnbreakableSphereTeaser아,2026-08-29,2025-04-29,커버곡,Unbreakable Sphere(Teaser) / 아오쿠모 린(Aokumo Rin) Cover
2025-04-27_커버곡_Orangeオレンジ4월은너의거짓말ED시라유키,2026-08-29,2025-04-27,커버곡,「Orange(オレンジ) / 4월은 너의 거짓말 ED」| 시라유키 히나 Cover
2025-04-26_커버곡_있잖아있잖아있잖아ねぇねぇねぇ텐코시부키Tenk,2026-08-29,2025-04-26,커버곡,있잖아 있잖아 있잖아 (ねぇねぇねぇ。) / 텐코 시부키(Tenko Shibuki) x 유즈하 리코(Yuzuha Riko) cover
2025-04-14_커버곡_모니터링モニタリングDECO27하나코나나COV,2026-08-29,2025-04-14,커버곡,모니터링 [モニタリング - DECO*27] / 하나코 나나 COVER
2025-04-13_커버곡_증표シルシ유즈하리코YuzuhaRikocove,2026-08-29,2025-04-13,커버곡,증표(シルシ) / 유즈하 리코(Yuzuha Riko) cover
2025-04-11_커버곡_슈가로스シュガーロスl네네코마시로Cover,2026-08-29,2025-04-11,커버곡,슈가로스(シュガーロス) l 네네코 마시로 Cover
2025-04-05_커버곡_BOWANDARROW요네즈켄시아오쿠모린Aok,2026-08-29,2025-04-05,커버곡,BOW AND ARROW (요네즈 켄시) / 아오쿠모 린(Aokumo Rin) Cover
2025-04-03_커버곡_아라하시타비3DCover米津玄師Lady,2026-08-29,2025-04-03,커버곡,아라하시 타비 3D Cover 米津玄師 - Lady
2025-04-01_커버곡_아라하시타비3DCovertuki純恋愛のインゴ,2026-08-29,2025-04-01,커버곡,아라하시 타비 3D Cover tuki. - 純恋愛のインゴット 순연애의 잉곳
2025-03-21_커버곡_SOS마유즈미후유코텐코시부키TenkoShib,2026-08-29,2025-03-21,커버곡,SOS (마유즈미 후유코) / 텐코 시부키(Tenko Shibuki) cover
2025-03-17_커버곡_역몽逆夢KingGnu아오쿠모린x하나코나나Co,2026-08-29,2025-03-17,커버곡,"역몽 (逆夢, King Gnu) - 아오쿠모 린 x 하나코 나나 Cover"
2025-03-11_커버곡_ラビットホール래빗홀유즈하리코YuzuhaRik,2026-08-29,2025-03-11,커버곡,ラビットホール(래빗 홀) / 유즈하 리코(Yuzuha Riko) cover
2025-03-09_커버곡_벚꽃너그리고나サクラキミワタシㅣ아카네리제Aka,2026-08-29,2025-03-09,커버곡,"벚꽃, 너, 그리고 나(サクラキミワタシ)ㅣ아카네 리제(Akane Lize) 【COVER】"
2025-03-08_커버곡_WXYTaniYuuki아오쿠모린AokumoR,2026-08-29,2025-03-08,커버곡,W/X/Y (Tani Yuuki) / 아오쿠모 린(Aokumo Rin) Cover
2025-02-22_커버곡_연예인PSYㅣ네네코마시로Cover,2026-08-29,2025-02-22,커버곡,연예인 (PSY)ㅣ네네코 마시로 Cover
2025-02-20_커버곡_Beyondtheway하나코나나x유즈하리코x,2026-08-29,2025-02-20,커버곡,Beyond the way / [하나코 나나 x 유즈하 리코 x 아오쿠모 린] COVER
2025-02-15_커버곡_TAEYEON태연ToX아오쿠모린AokumoR,2026-08-29,2025-02-15,커버곡,TAEYEON (태연) 'To. X' / 아오쿠모 린(Aokumo Rin) Cover
2025-02-14_커버곡_心予報마음예보유즈하리코YuzuhaRikoco,2026-08-29,2025-02-14,커버곡,心予報(마음 예보) / 유즈하 리코(Yuzuha Riko) cover
2025-02-06_커버곡_모니터링モニタリングDECO27유즈하리코Yuz,2026-08-29,2025-02-06,커버곡,모니터링 (モニタリング - DECO*27) / 유즈하 리코(Yuzuha Riko) cover
2025-02-04_커버곡_내일의밤하늘초계반アスノヨゾラ哨戒班ㅣ아카네리제,2026-08-29,2025-02-04,커버곡,내일의 밤하늘 초계반(アスノヨゾラ哨戒班)ㅣ아카네 리제(Akane Lize) 【COVER】
2025-01-28_커버곡_절대적대완전싫어유즈하리코YuzuhaRikox,2026-08-29,2025-01-28,커버곡,절대적대완전싫어 / 유즈하 리코(Yuzuha Riko) x 텐코 시부키(Tenko Shibuki) cover
2025-01-27_커버곡_비행정飛行艇KingGnu하나코나나COVER,2026-08-29,2025-01-27,커버곡,비행정 [飛行艇 - King Gnu] / 하나코 나나 COVER
2025-01-23_커버곡_꿈의카니발GrandFeastDaydream아,2026-08-29,2025-01-23,커버곡,꿈의 카니발 (Grand Feast Daydream) / 아오쿠모 린(Aokumo Rin) Cover
2025-01-10_커버곡_꽃의탑花の塔さユり유즈하리코YuzuhaRiko,2026-08-29,2025-01-10,커버곡,꽃의 탑 (花の塔/さユり) / 유즈하 리코(Yuzuha Riko) cover
2025-01-05_커버곡_만찬가晩餐歌시라유키히나Cover,2026-08-29,2025-01-05,커버곡,만찬가『晩餐歌』 | 시라유키 히나 Cover
2025-01-04_커버곡_SPECIALZKingGnu아오쿠모린Aoku,2026-08-29,2025-01-04,커버곡,SPECIALZ(King Gnu) / 아오쿠모 린(Aokumo Rin) Cover
2024-12-31_커버곡_シルヴプレジデント실부프레지던트하나코나나COV,2026-08-29,2024-12-31,커버곡,シル・ヴ・プレジデント (실・부・프레지던트) / 하나코 나나 COVER
2024-12-30_커버곡_shortsvtubercover,2026-08-29,2024-12-30,커버곡,🎶💙 #shorts #vtuber #cover
2024-12-25_커버곡_크리스마스송クリスマスソングbacknumber,2026-08-29,2024-12-25,커버곡,크리스마스송(クリスマスソング/back number) / 유즈하 리코(Yuzuha Riko) cover
2024-12-25_커버곡_겨울의선물冬のプレゼント텐코시부키TenkoSh,2026-08-29,2024-12-25,커버곡,겨울의 선물 (冬のプレゼント) / 텐코 시부키(Tenko Shibuki) cover
2024-12-19_커버곡_ハッピーエンドbacknumber아오쿠모린Ao,2026-08-29,2024-12-19,커버곡,ハッピーエンド (back number) / 아오쿠모 린(Aokumo Rin) Cover
2024-12-19_커버곡_라이브맞습니다아이도루의고난이도랩커버김하온꼴통,2026-08-29,2024-12-19,커버곡,라이브 맞습니다. 아이도루의 고난이도 랩 커버 | 김하온 - 꼴통 (feat. 창모) #스텔라이브 #vtuber #랩
2024-12-13_커버곡_주름맞추기しわあわせVaundy유즈하리코Yuz,2026-08-29,2024-12-13,커버곡,주름맞추기 (しわあわせ / Vaundy)  / 유즈하 리코(Yuzuha Riko) cover
2024-12-06_커버곡_아야츠노유니X네네코마시로해피신디사이저ハッピー,2026-08-29,2024-12-06,커버곡,【아야츠노 유니 X 네네코 마시로】 해피 신디사이저 (ハッピーシンセサイザ) | Cover
2024-12-06_커버곡_Sabotage緑黄色社会텐코시부키TenkoS,2026-08-29,2024-12-06,커버곡,Sabotage (緑黄色社会) / 텐코 시부키(Tenko Shibuki) cover
2024-12-01_커버곡_APTROSEBrunoMarsㅣ아카네리제Ak,2026-08-29,2024-12-01,커버곡,APT. (ROSÉ & Bruno Mars)ㅣ아카네 리제(Akane Lize) x 아오쿠모 린(Aokumo Rin) Cover
2024-12-01_커버곡_아야츠노유니X아이리칸나점묘의노래点描の唄Cov,2026-08-29,2024-12-01,커버곡,【아야츠노 유니 X 아이리 칸나】 점묘의 노래 (点描の唄) | Cover
2024-11-30_커버곡_さよーならまたいつか안녕또언젠가아라하시타비x네,2026-08-29,2024-11-30,커버곡,"さよーならまたいつか！(안녕, 또 언젠가!) / 아라하시 타비 x 네네코 마시로 Cover"
2024-11-30_커버곡_ずうっといっしょshortsvtubercove,2026-08-29,2024-11-30,커버곡,ずうっといっしょ！💙 #shorts #vtuber #cover
2024-11-26_커버곡_神っぽいな신같네하나코나나COVER,2026-08-29,2024-11-26,커버곡,神っぽいな(신 같네) / 하나코 나나 COVER
2024-11-24_커버곡_AliceinMusiclandStelLive,2026-08-29,2024-11-24,커버곡,✧Alice in Musicland✧ | StelLive Cover
2024-11-21_커버곡_경화수월鏡花水月유즈하리코YuzuhaRikoc,2026-08-29,2024-11-21,커버곡,경화수월(鏡花水月)  / 유즈하 리코(Yuzuha Riko) cover
2024-11-17_커버곡_Overdoseなとり아오쿠모린AokumoRi,2026-08-29,2024-11-17,커버곡,Overdose (なとり) / 아오쿠모 린 (Aokumo Rin) Cover
2024-11-16_커버곡_하루카ハルカ시라유키히나Cover,2026-08-29,2024-11-16,커버곡,하루카「ハルカ」 | 시라유키 히나 Cover
2024-11-11_커버곡_好きだから좋아하니까shortscover시부키,2026-08-29,2024-11-11,커버곡,好きだから｡ 좋아하니까 #shorts #cover #시부키
2024-11-01_커버곡_케세라세라MrsGREENAPPLE유즈하리코Y,2026-08-29,2024-11-01,커버곡,케세라세라 (Mrs. GREEN APPLE)  / 유즈하 리코(Yuzuha Riko) cover
2024-10-31_커버곡_死神사신아라하시타비Cover,2026-08-29,2024-10-31,커버곡,死神(사신) / 아라하시 타비 Cover
2024-10-26_커버곡_アイデンティティ아이덴티티아오쿠모린x텐코시부키,2026-08-29,2024-10-26,커버곡,アイデンティティ(아이덴티티) - 아오쿠모 린 x 텐코 시부키 (Aokumo Rin x Tenko Shibuki) Cover
2024-10-26_커버곡_새벽과반딧불이夜明けと蛍시라유키히나Cover,2026-08-29,2024-10-26,커버곡,새벽과 반딧불이(夜明けと蛍) | 시라유키 히나 Cover
2024-10-26_커버곡_내이름맑음Coverby유즈하리코vtuber리,2026-08-29,2024-10-26,커버곡,내 이름 맑음 Cover by 유즈하리코 #vtuber #리코 #스텔라이브
2024-10-23_커버곡_SUPERPOWERcoverSUPERPOWE,2026-08-29,2024-10-23,커버곡,SUPERPOWER (cover) #SUPERPOWER #VALORANT
2024-10-22_커버곡_끝나지않은노래ㅣ아카네리제AkaneLizeCO,2026-08-29,2024-10-22,커버곡,끝나지 않은 노래ㅣ아카네 리제(Akane Lize) 【COVER】
2024-10-18_커버곡_톤데모원더즈トンデモワンダーズ유즈하리코Yuzu,2026-08-29,2024-10-18,커버곡,톤데모 원더즈『トンデモワンダーズ』  / 유즈하 리코(Yuzuha Riko) cover
2024-10-14_커버곡_마성의여자Ashortscover시부키,2026-08-29,2024-10-14,커버곡,마성의 여자A #shorts #cover #시부키
2024-10-12_커버곡_사랑감기에실려Vaundy아오쿠모린Aokumo,2026-08-29,2024-10-12,커버곡,사랑 감기에 실려 (Vaundy) / 아오쿠모 린(Aokumo Rin) Cover
2024-10-05_커버곡_サムライハートSomeLikeItHot하나코나,2026-08-29,2024-10-05,커버곡,サムライハート(Some Like It Hot!!) / 하나코 나나 COVER
2024-10-04_커버곡_GETCHAGigaKIRA유즈하리코x아오쿠모,2026-08-29,2024-10-04,커버곡,GETCHA! (Giga & KIRA) - 유즈하 리코 x 아오쿠모 린 (Yuzuha Riko x Aokumo Rin) Cover
2024-10-03_커버곡_DUETCOVERTeaserAokumoRin,2026-08-29,2024-10-03,커버곡,DUET COVER [Teaser] / Aokumo Rin x Yuzuha Riko
2024-10-01_커버곡_밀월UnDeuxTrois蜜月アンドゥトロワㅣ아,2026-08-29,2024-10-01,커버곡,밀월 Un・Deux・Trois (蜜月アン・ドゥ・トロワ)ㅣ아카네 리제(Akane Lize) 【COVER】
2024-09-30_커버곡_Leoレオ텐코시부키TenkoShibukico,2026-08-29,2024-09-30,커버곡,Leo (レオ) / 텐코 시부키(Tenko Shibuki) cover
2024-09-26_커버곡_맑은날ヨルシカ晴る유즈하리코YuzuhaRiko,2026-08-29,2024-09-26,커버곡,맑은 날(ヨルシカ - 晴る)  / 유즈하 리코(Yuzuha Riko) cover
2024-09-23_커버곡_맑은날ヨルシカ晴る유즈하리코YuzuhaRiko,2026-08-29,2024-09-23,커버곡,맑은 날(ヨルシカ - 晴る)  / 유즈하 리코(Yuzuha Riko) cover
2024-09-15_커버곡_무희Vaundy아오쿠모린AokumoRinCo,2026-08-29,2024-09-15,커버곡,무희 (Vaundy) / 아오쿠모 린(Aokumo Rin) Cover
2024-09-14_커버곡_青い珊瑚礁푸른산호초Coverby유즈하리코vt,2026-08-29,2024-09-14,커버곡,青い珊瑚礁(푸른 산호초) Cover by 유즈하리코 #vtuber #리코 #스텔라이브
2024-09-09_커버곡_HELPKoboKanaeru유즈하리코COVE,2026-08-29,2024-09-09,커버곡,HELP!! - Kobo Kanaeru 유즈하 리코 COVER #vtuber #리코 #스텔라이브
2024-09-07_커버곡_BESOMEBODY육성재아라하시타비Cover,2026-08-29,2024-09-07,커버곡,BE SOMEBODY (육성재) / 아라하시 타비 Cover
2024-09-05_커버곡_네기꺼이cover네기꺼이기리기리댄스,2026-08-29,2024-09-05,커버곡,네 기꺼이 (cover) #네기꺼이 #기리기리댄스
2024-09-01_커버곡_내가무슨갱을대표해자기야MILLIONDOLLA,2026-08-29,2024-09-01,커버곡,"내가 무슨 갱을 대표해, 자기야 [MILLION DOLLAR BABY] 하나코 나나 Shorts cover"
2024-08-31_커버곡_VivaLaVidaColdplayㅣ아카네리제,2026-08-29,2024-08-31,커버곡,Viva La Vida (Coldplay)ㅣ아카네 리제(Akane Lize) 【Arrange COVER】
2024-08-30_커버곡_푸른산호초青い珊瑚礁ㅣ하나코나나COVER,2026-08-29,2024-08-30,커버곡,푸른 산호초 (青い珊瑚礁) ㅣ 하나코 나나 COVER
2024-08-29_커버곡_Re제로에밀리아의노래StayAlivecove,2026-08-29,2024-08-29,커버곡,[Re: 제로] 에밀리아의 노래 ' Stay Alive ' cover
2024-08-23_커버곡_지구를줄게地球をあげる유즈하리코YuzuhaRi,2026-08-29,2024-08-23,커버곡,지구를 줄게 (地球をあげる)  / 유즈하 리코(Yuzuha Riko) cover
2024-08-20_커버곡_부키도수파도파SUPADOPAshortscov,2026-08-29,2024-08-20,커버곡,부키도 수파도파!! #SUPADOPA #shorts #cover #부키
2024-08-16_커버곡_바이올렛에버가든OST이정표みちしるべcover,2026-08-29,2024-08-16,커버곡,바이올렛 에버가든 OST - 이정표 (みちしるべ) cover
2024-08-13_커버곡_유니의SUPERPOWER아야츠노유니Ayats,2026-08-29,2024-08-13,커버곡,유니의 SUPERPOWER #아야츠노유니 #AyatsunoYuni #SUPERPOWER ##VALORANT #발로란트 #발로란트챔피언스서울 #발로란트  #cover #스텔라이브
2024-08-11_커버곡_RumorルーマーPolicePiccadill,2026-08-29,2024-08-11,커버곡,Rumor ルーマー (Police Piccadilly) / 아오쿠모 린(Aokumo Rin) Cover
2024-08-11_커버곡_SUPERPOWER2024발로란트챔피언스테마,2026-08-29,2024-08-11,커버곡,SUPERPOWER (2024 발로란트 챔피언스 테마곡)ㅣ아야츠노 유니 Arrange cover
2024-08-09_커버곡_여우비텐코시부키TenkoShibukicove,2026-08-29,2024-08-09,커버곡,여우비 / 텐코 시부키(Tenko Shibuki) cover
2024-08-08_커버곡_청아하게불러본4월은너의거짓말ED오렌지オレンジ,2026-08-29,2024-08-08,커버곡,청아하게 불러본 ' 4월은 너의 거짓말 ED - 오렌지 オレンジ ' cover
2024-08-06_커버곡_자다깨니야자수寝起きヤシの木리코cover,2026-08-29,2024-08-06,커버곡,자다깨니 야자수 🌴 (寝起きヤシの木) 리코 cover
2024-08-02_커버곡_내가죽으려고생각한것은shortscover시부,2026-08-29,2024-08-02,커버곡,내가 죽으려고 생각한 것은 #shorts #cover #시부키
2024-07-21_커버곡_괴수의꽃노래怪獣の花唄유즈하리코YuzuhaRi,2026-08-29,2024-07-21,커버곡,괴수의 꽃노래 (怪獣の花唄) / 유즈하 리코(Yuzuha Riko) cover
2024-07-21_커버곡_안녕또언젠가요네즈켄시아오쿠모린AokumoRi,2026-08-29,2024-07-21,커버곡,"안녕, 또 언젠가! (요네즈 켄시) / 아오쿠모 린(Aokumo Rin) Cover"
2024-07-20_커버곡_DrowningWOODZㅣ아카네리제Akane,2026-08-29,2024-07-20,커버곡,Drowning (WOODZ)ㅣ아카네 리제 (Akane Lize) 【Cover】
2024-07-05_커버곡_댄스로봇댄스ダンスロボットダンス네네코마시로Co,2026-08-29,2024-07-05,커버곡,댄스 로봇 댄스 (ダンスロボットダンス) / 네네코 마시로 Cover
2024-06-30_커버곡_리코의리코리스리코일ED꽃의탑花の塔cover,2026-08-29,2024-06-30,커버곡,리코의 리코리스 리코일 ED '꽃의 탑(花の塔)' cover
2024-06-30_커버곡_Meltメルトㅣ아카네리제Cover,2026-08-29,2024-06-30,커버곡,Melt (メルト)  ㅣ아카네 리제 【Cover】
2024-06-29_커버곡_IReallyWanttoStayAtYourH,2026-08-29,2024-06-29,커버곡,I Really Want to Stay At Your House (Arrange ver.) | 시라유키 히나 Cover
2024-06-22_커버곡_사랑하는너에게하고싶은말backnumber瞬き,2026-08-29,2024-06-22,커버곡,사랑하는 너에게 하고싶은 말 'back number -瞬き' cover
2024-06-15_커버곡_가라사대맛있게말아주는버튜버하나코나나Short,2026-08-29,2024-06-15,커버곡,가라사대 맛있게 말아주는 버튜버 / 하나코 나나 Shorts Cover #vtuber #cover
2024-06-11_커버곡_귀신의잔치vtubershortscover시부,2026-08-29,2024-06-11,커버곡,귀신의 잔치 #vtuber #shorts #cover #시부키
2024-06-11_커버곡_HEROLUCY아라하시타비Cover,2026-08-29,2024-06-11,커버곡,HERO (LUCY) / 아라하시 타비 Cover
2024-06-11_커버곡_프라이드혁명プライド革命아카네리제Cover,2026-08-29,2024-06-11,커버곡,프라이드 혁명 (プライド革命) / 아카네 리제 Cover
2024-06-10_커버곡_17살의노래17さいのうた시라유키히나Cover,2026-08-29,2024-06-10,커버곡,17살의 노래(17さいのうた。) / 시라유키 히나 Cover
2024-05-30_커버곡_당신의연인이되고싶어ChoQMay하나코나나Sh,2026-08-29,2024-05-30,커버곡,[ 당신의 연인이 되고 싶어 / ChoQMay ] 하나코 나나 Short cover #vtuber #shorts
2024-05-29_커버곡_Babyyouvtubershortscover,2026-08-29,2024-05-29,커버곡,Baby you #vtuber #shorts #cover #시부키
2024-05-27_커버곡_안녕꽃도둑씨さようなら花泥棒さん네네코마시로Co,2026-08-29,2024-05-27,커버곡,"안녕, 꽃도둑씨 (さようなら、花泥棒さん ) / 네네코 마시로 Cover"
2024-05-23_커버곡_StepBackChallenge많이기다렸나요,2026-08-29,2024-05-23,커버곡,Step Back Challenge! 많이 기다렸나요? 하나코 나나 Shorts Cover #vtuber #shorts
2024-05-22_커버곡_17歳メイドがマーシャルマキシマイザー歌ってみた,2026-08-29,2024-05-22,커버곡,17歳メイドが 「マーシャル・マキシマイザー」 歌ってみた☁️ #vtuber #shorts #스텔라이브
2024-05-21_커버곡_전방향미소녀vtubershortscover시,2026-08-29,2024-05-21,커버곡,전방향 미소녀 #vtuber #shorts #cover #시부키
2024-05-20_커버곡_죽지마콧치노켄토하나코나나Shortcoverv,2026-08-29,2024-05-20,커버곡,[ 죽지마! / 콧치노 켄토 ] 하나코 나나 Short cover #vtuber #shorts
2024-05-17_커버곡_가짜얼굴yama하나코나나COVER,2026-08-29,2024-05-17,커버곡,가짜 얼굴(yama) /하나코 나나 COVER
2024-05-17_커버곡_용사YOASOBI유즈하리코YuzuhaRiko,2026-08-29,2024-05-17,커버곡,용사(YOASOBI) / 유즈하 리코(Yuzuha Riko) cover
2024-05-16_커버곡_너에게메롱一二三텐코시부키TenkoShibuk,2026-08-29,2024-05-16,커버곡,너에게 메롱(一二三) / 텐코 시부키(Tenko Shibuki) cover
2024-05-16_커버곡_유령도쿄Ayase아오쿠모린AokumoRinC,2026-08-29,2024-05-16,커버곡,유령도쿄(Ayase) / 아오쿠모 린(Aokumo Rin) Cover
2024-05-10_커버곡_봄을기다리다春を待つ시라유키히나Cover,2026-08-29,2024-05-10,커버곡,봄을 기다리다(春を待つ) / 시라유키 히나 Cover
2024-05-04_커버곡_괴수의꽃노래怪獣の花唄아카네리제Cover,2026-08-29,2024-05-04,커버곡,괴수의 꽃노래 (怪獣の花唄) / 아카네 리제 Cover
2024-04-16_커버곡_아야츠노유니두근어질큐큐라링Cover,2026-08-29,2024-04-16,커버곡,【아야츠노 유니】 두근어질 (큐 큐라링) | Cover
2024-03-31_커버곡_사랑하고있는거야恋しているのさl타비X마시로CO,2026-08-29,2024-03-31,커버곡,사랑하고 있는거야 (恋しているのさ) l  타비X마시로 COVER
2024-03-29_커버곡_ラプンツェルRapunzel白雪ひなCover,2026-08-29,2024-03-29,커버곡,ラプンツェル(Rapunzel) / 白雪ひな Cover
2024-03-27_커버곡_첫사랑백아아라하시타비Cover,2026-08-29,2024-03-27,커버곡,첫사랑 ( 백아 ) / 아라하시 타비 Cover
2024-03-15_커버곡_SweetDreamsMyDearLostArk,2026-08-29,2024-03-15,커버곡,"Sweet Dreams, My Dear(Lost Ark) / 시라유키 히나 Cover"
2024-03-02_커버곡_선잠Leina아카네리제Cover,2026-08-29,2024-03-02,커버곡,선잠 (Leina) / 아카네 리제 Cover
2024-02-18_커버곡_츄다양성ちゅ多様性네네코마시로Cover,2026-08-29,2024-02-18,커버곡,츄 다양성 (ちゅ、多様性 ) / 네네코 마시로 Cover
2024-02-17_커버곡_절정찬가絶頂讃歌AkaneLizeCover,2026-08-29,2024-02-17,커버곡,절정찬가 (絶頂讃歌) / Akane Lize (Cover)
2024-02-11_커버곡_피날레フィナーレ시라유키히나Cover,2026-08-29,2024-02-11,커버곡,피날레(フィナーレ。) / 시라유키 히나 Cover
2024-02-04_커버곡_雪解けtayoriAkaneLizeCover,2026-08-29,2024-02-04,커버곡,雪解け (tayori) / Akane Lize Cover
2024-01-13_커버곡_그저네게맑아라ただ君に晴れ시라유키히나Cover,2026-08-29,2024-01-13,커버곡,그저 네게 맑아라 (ただ君に晴れ) / 시라유키 히나 Cover
2023-12-25_커버곡_우주비행사의노래うちゅうひこうしのうた마시로co,2026-08-29,2023-12-25,커버곡,우주 비행사의 노래 [うちゅうひこうしのうた] 마시로 cover
2023-12-09_커버곡_아야츠노유니MelaCover,2026-08-29,2023-12-09,커버곡,【아야츠노 유니】 Mela! | Cover
2023-12-08_커버곡_낮에뜨는달안예은아라하시타비Cover,2026-08-29,2023-12-08,커버곡,낮에 뜨는 달 ( 안예은 ) / 아라하시 타비 Cover
2023-11-27_커버곡_IsletときのこえΙHinaCovervtub,2026-08-29,2023-11-27,커버곡,Islet - ときのこえ Ι Hina Cover #vtuber #shorts
2023-11-14_커버곡_귀여워서미안해可愛くてごめん마시로cover마시,2026-08-29,2023-11-14,커버곡,귀여워서 미안해 [ 可愛くてごめん ] 마시로 cover  #마시로 #스텔라이브 #vtuber #cover #고양이 #귀여워서_미안해 #可愛くてごめん
2023-11-14_커버곡_자다깨니야자수寝起きヤシの木마시로cover마시,2026-08-29,2023-11-14,커버곡,자다깨니 야자수 (寝起きヤシの木) 마시로 cover #마시로 #스텔라이브 #vtuber #고양이 #cover #자다깨니_야자수 #寝起きヤシの木
2023-11-04_커버곡_나라는것MrsGREENAPPLE아카네리제Co,2026-08-29,2023-11-04,커버곡,나라는 것 (Mrs. GREEN APPLE) / 아카네 리제 Cover
2023-10-27_커버곡_마즈피플cover마시로스텔라이브vtuber고,2026-08-29,2023-10-27,커버곡,마즈피플 cover  #마시로 #스텔라이브 #vtuber #고양이 #김도 #마즈피플 #메탈슬러그 #shorts
2023-10-21_커버곡_PaleMIMI네네코마시로Cover,2026-08-29,2023-10-21,커버곡,Pale (MIMI) / 네네코 마시로 Cover
2023-10-14_커버곡_자다깨니야자수l寝起きヤシの木Covervtub,2026-08-29,2023-10-14,커버곡,🌴자다 깨니 야자수🌴 l 寝起きヤシの木! Cover #vtuber #shorts
2023-10-07_커버곡_로리제cover숙청로리신레퀴엠ロリ神レクイエム,2026-08-29,2023-10-07,커버곡,로리제cover. 숙청! 로리신 레퀴엠☆..ロリ神レクイエム☆  #shigureui  #しぐれうい #粛聖ロリ神レクイエム #vtuber
2023-10-04_커버곡_유우리빌리밀리언시로cover마시로스텔라이브v,2026-08-29,2023-10-04,커버곡,[ 유우리 빌리밀리언 ] 시로 cover  #마시로 #스텔라이브 #vtuber #고양이#유우리 #빌리밀리언 #ビリミリオン #優里
2023-09-23_커버곡_Summertimecovervtubersho,2026-08-29,2023-09-23,커버곡,Summertime❤️ (cover) #vtuber #shorts
2023-09-18_커버곡_그여름에피어나あの夏に咲け아라하시타비Cover,2026-08-29,2023-09-18,커버곡,그 여름에 피어나 (あの夏に咲け) / 아라하시 타비 Cover
2023-09-10_커버곡_VioletEvergardenみちしるべΙHi,2026-08-29,2023-09-10,커버곡,Violet Evergarden - みちしるべ Ι Hina Short Cover #vtuber #shorts
2023-08-28_커버곡_메루메루메루메루메루메마시로cover,2026-08-29,2023-08-28,커버곡,메루메루메루메루메루메 [ 마시로 cover ]
2023-07-28_커버곡_드라마Drama시라유키히나Cover,2026-08-29,2023-07-28,커버곡,드라마(Drama) / 시라유키 히나 Cover
2023-07-15_커버곡_아이돌YOASOBI아야츠노유니Cover,2026-08-29,2023-07-15,커버곡,아이돌 (YOASOBI) / 아야츠노 유니 Cover
2023-06-16_커버곡_FiftyFiftyCupidΙHinaShor,2026-08-29,2023-06-16,커버곡,Fifty Fifty - Cupid Ι Hina Short Cover #vtuber #shorts
2023-06-12_커버곡_IUStrawberryMoonΙHinaSho,2026-08-29,2023-06-12,커버곡,IU - Strawberry Moon Ι Hina Short Cover #vtuber #shorts
2023-06-09_커버곡_괴물怪物아카네리제Cover,2026-08-29,2023-06-09,커버곡,괴물 (怪物) / 아카네 리제 Cover
2023-06-09_커버곡_그여름의어느날은あの夏のいつかは아라하시타비Co,2026-08-29,2023-06-09,커버곡,그 여름의 어느 날은 (あの夏のいつかは) / 아라하시 타비 Cover
2023-06-08_커버곡_퀘스천Question네네코마시로Cover,2026-08-29,2023-06-08,커버곡,퀘스천 (Question) / 네네코 마시로 Cover
2023-06-08_커버곡_낙향都落ち시라유키히나Cover,2026-08-29,2023-06-08,커버곡,낙향(都落ち) / 시라유키 히나 Cover
2023-05-20_커버곡_아야츠노유니굿바이선언Cover,2026-08-29,2023-05-20,커버곡,【아야츠노 유니】 굿바이 선언 | Cover
2023-02-14_커버곡_아야츠노유니사랑의말ⅣCover,2026-08-29,2023-02-14,커버곡,【아야츠노 유니】 사랑의 말 Ⅳ | Cover
2023-01-28_커버곡_아야츠노유니베텔기우스Cover,2026-08-29,2023-01-28,커버곡,【아야츠노 유니】 베텔기우스 | Cover
2023-01-04_커버곡_아야츠노유니긍지높은아이돌誇り高きアイドル한국어,2026-08-29,2023-01-04,커버곡,【아야츠노 유니】 긍지높은 아이돌 誇り高きアイドル | 한국어Cover
2022-07-27_커버곡_강지X버니버니베텔기우스ベテルギウスcover,2026-08-29,2022-07-27,커버곡,【강지X버니버니】 베텔기우스 ベテルギウス cover
2022-05-04_커버곡_강지팬서비스ファンサーCover,2026-08-29,2022-05-04,커버곡,【강지】팬서비스 (ファンサ) ー Cover
2021-12-25_커버곡_팬들과함께한그랜드이스케이프cover,2026-08-29,2021-12-25,커버곡,팬들과 함께한 - 그랜드 이스케이프 cover
2021-09-28_커버곡_강지나아이돌선언私アイドル宣言KoreanCov,2026-08-29,2021-09-28,커버곡,"【강지】 나, 아이돌 선언! (私、アイドル宣言) Korean Cover"
2021-09-14_커버곡_강지X단즈인도어계라면트랙메이커インドア系ならト,2026-08-29,2021-09-14,커버곡,【강지X단즈】 인도어계라면 트랙메이커 インドア系ならトラックメイカー Cover
2021-08-31_커버곡_강지그저네게맑아라ただ君に晴れCOVER,2026-08-29,2021-08-31,커버곡,【강지】 그저 네게 맑아라 (ただ君に晴れ) COVER
2020-12-25_커버곡_팬들과함께한촛불하나GODcover,2026-08-29,2020-12-25,커버곡,팬들과 함께한 - 촛불하나(GOD) cover
2020-04-17_커버곡_강지SeeU우산어쿠스틱cover,2026-08-29,2020-04-17,커버곡,【강지】 SeeU - 우산 어쿠스틱 cover
2019-11-12_커버곡_폴킴모든날모든순간cover강지,2026-08-29,2019-11-12,커버곡,"폴킴 - 모든 날, 모든 순간 cover 강지"
2019-05-11_커버곡_강지X김블루밤과별의노래온유이진아COVER,2026-08-29,2019-05-11,커버곡,【강지X김블루】 밤과 별의 노래 - 온유 & 이진아 (COVER)
2019-03-14_커버곡_강지호시아이ホシアイKoreanCOVER,2026-08-29,2019-03-14,커버곡,【강지】호시아이(ホシアイ) Korean COVER
2019-02-28_커버곡_강지세계는사랑에빠져있어世界は恋に落ちているKo,2026-08-29,2019-02-28,커버곡,【강지】세계는 사랑에 빠져있어(世界は恋に落ちている )Korean COVER
2018-11-28_커버곡_강지LetterSongKoreanCover,2026-08-29,2018-11-28,커버곡,【강지】*.Letter Song.* 「Korean Cover」
2018-11-15_커버곡_강지빗소리잔향KoreanCover,2026-08-29,2018-11-15,커버곡,【강지】빗소리 잔향 「Korean Cover」
2018-11-09_커버곡_강지꼭두각시피에로Pianoarrangever,2026-08-29,2018-11-09,커버곡,【강지】꼭두각시 피에로 (Piano arrange ver) 「Korean Cover」
2018-08-22_커버곡_강지방해쟁이おじゃま虫KoreanCover,2026-08-29,2018-08-22,커버곡,【강지】 ✿방해쟁이! (おじゃま虫)✿ 「Korean Cover」
2018-07-14_커버곡_강지내가죽으려고생각한것은한국어커버僕が死のうと,2026-08-29,2018-07-14,커버곡,【강지】 내가 죽으려고 생각 한것은 한국어 커버 (僕が死のうと思ったのは korean cover)
2018-04-25_커버곡_iKON아이콘사랑을했다LOVESCENARIO,2026-08-29,2018-04-25,커버곡,iKON(아이콘) - 사랑을 했다(LOVE SCENARIO) COVER by 강지X너불
2018-04-14_커버곡_강지X너불니아NearニアKoreanCover,2026-08-29,2018-04-14,커버곡,"【강지X너불】 ✿니아! (Near, ニア)✿ 「Korean Cover」"
2018-03-25_커버곡_강지X리타StarCrewAcousticKor,2026-08-29,2018-03-25,커버곡,【강지X리타】 ✿StarCrew✿ (Acoustic) 「Korean Cover」
2018-03-14_커버곡_강지비행운CoverSong,2026-08-29,2018-03-14,커버곡,【강지】 ☁비행운☁ 「Cover Song」
2018-01-26_커버곡_강지회전하는하늘토끼回る空うさぎCoverSon,2026-08-29,2018-01-26,커버곡,【강지】 ✿회전하는 하늘 토끼! (回る空うさぎ)✿ 「Cover Song」
2017-11-23_커버곡_강지X너불동경캐스터東京キャスターKoreanC,2026-08-29,2017-11-23,커버곡,【강지X너불】 ✿동경 캐스터! (東京キャスター)✿ 「Korean Cover」
2017-10-04_커버곡_강지새벽과반딧불이夜明けと蛍KoreanCove,2026-08-29,2017-10-04,커버곡,【강지】 ✿새벽과 반딧불이! (夜明けと蛍)✿ 「Korean Cover」
2017-06-01_커버곡_강지금요일의아침인사金曜日のおはよう한국어Kor,2026-08-29,2017-06-01,커버곡,"【강지】 금요일의 아침인사 (金曜日のおはよう) (한국어,Korean) Cover"
